en:alfalfa	ecobalyse_id:en	0ea1b225-eba0-5884-ac23-e042c3fa7afb
en:alfalfa	ecobalyse_density_g_per_ml:en	0.745
en:alfalfa	ecobalyse_crop_group:en	LEGUMINEUSES A GRAIN
en:alfalfa	ecobalyse_category:en	vegetable_fresh
en:alfalfa	ecobalyse_raw_to_cooked_ratio:en	0.856
en:alfalfa	ecobalyse_inedible_part:en	0.2
en:alfalfa	ecobalyse_transport_cooling:en	always
en:alfalfa	ecobalyse_labels_en_organic_origins_en_france_id:en	e5fdfa03-fbb3-5346-9cbd-b635ec9446fd
en:alfalfa	ecobalyse_labels_en_organic_origins_en_france_scenario:en	organic
en:alfalfa	ecobalyse_labels_en_organic_origins_en_france_name:fr	Luzerne Bio
en:alfalfa	ecobalyse_labels_en_organic_origins_en_france_alias:en	alfalfa-organic
en:alfalfa	ecobalyse_labels_en_organic_origins_en_france_default_origin:en	France
en:alfalfa	ecobalyse_origins_en_france_id:en	b63854cd-fdc8-5037-88df-f79ad5548662
en:alfalfa	ecobalyse_origins_en_france_scenario:en	reference
en:alfalfa	ecobalyse_origins_en_france_name:fr	Luzerne FR
en:alfalfa	ecobalyse_origins_en_france_alias:en	alfalfa-fr
en:alfalfa	ecobalyse_origins_en_france_default_origin:en	France
en:e123	ecobalyse_id:en	e0078a09-097a-5470-9cee-e5db8d7fadea
en:e123	ecobalyse_density_g_per_ml:en	0.75
en:e123	ecobalyse_crop_group:en	BLE TENDRE
en:e123	ecobalyse_category:en	grain_raw
en:e123	ecobalyse_raw_to_cooked_ratio:en	2.259
en:e123	ecobalyse_inedible_part:en	0
en:e123	ecobalyse_transport_cooling:en	none
en:e123	ecobalyse_labels_en_organic_origins_en_france_id:en	d37ce32b-06f7-58d0-b4f6-700938fa1aae
en:e123	ecobalyse_labels_en_organic_origins_en_france_scenario:en	organic
en:e123	ecobalyse_labels_en_organic_origins_en_france_name:fr	Amarante Bio
en:e123	ecobalyse_labels_en_organic_origins_en_france_alias:en	amaranth-organic
en:e123	ecobalyse_labels_en_organic_origins_en_france_default_origin:en	France
en:e123	ecobalyse_origins_en_france_id:en	29794e32-f506-59a5-a8cd-4cdf16d7048d
en:e123	ecobalyse_origins_en_france_scenario:en	reference
en:e123	ecobalyse_origins_en_france_name:fr	Amarante FR
en:e123	ecobalyse_origins_en_france_alias:en	amaranth-fr
en:e123	ecobalyse_origins_en_france_default_origin:en	France
en:apple	ecobalyse_scenario:en	import
en:apple	ecobalyse_name:fr	Pomme par défaut (2025)
en:apple	ecobalyse_alias:en	apple-non-eu-2025
en:apple	ecobalyse_default_origin:en	OutOfEuropeAndMaghreb
en:apple	ecobalyse_labels_en_organic_id:en	c7ecb41d-3f5b-54cd-84c2-f137bd3256e3
en:apple	ecobalyse_labels_en_organic_scenario:en	import
en:apple	ecobalyse_labels_en_organic_name:fr	Pomme UE
en:apple	ecobalyse_labels_en_organic_alias:en	apple-eu
en:apple	ecobalyse_labels_en_organic_default_origin:en	EuropeAndMaghreb
en:apple	ecobalyse_density_g_per_ml:en	0.447
en:apple	ecobalyse_crop_group:en	VERGERS
en:apple	ecobalyse_category:en	vegetable_fresh
en:apple	ecobalyse_raw_to_cooked_ratio:en	0.856
en:apple	ecobalyse_inedible_part:en	0.1
en:apple	ecobalyse_transport_cooling:en	always
en:apple-juice	ecobalyse_id:en	40a4432b-2b12-45f3-aed2-a8c4e165e15f
en:apple-juice	ecobalyse_density_g_per_ml:en	1
en:apple-juice	ecobalyse_crop_group:en	VERGERS
en:apple-juice	ecobalyse_category:en	vegetable_processed
en:apple-juice	ecobalyse_raw_to_cooked_ratio:en	1
en:apple-juice	ecobalyse_inedible_part:en	0.1
en:apple-juice	ecobalyse_transport_cooling:en	none
en:apricot	ecobalyse_scenario:en	import
en:apricot	ecobalyse_name:fr	Abricot par défaut (2025)
en:apricot	ecobalyse_alias:en	apricot-non-eu-2025
en:apricot	ecobalyse_default_origin:en	OutOfEuropeAndMaghreb
en:apricot	ecobalyse_labels_en_organic_scenario:en	organic
en:apricot	ecobalyse_labels_en_organic_name:fr	Abricot Bio
en:apricot	ecobalyse_labels_en_organic_alias:en	apricot-organic
en:apricot	ecobalyse_labels_en_organic_default_origin:en	France
en:apricot	ecobalyse_origins_en_france_scenario:en	reference
en:apricot	ecobalyse_origins_en_france_name:fr	Abricot FR
en:apricot	ecobalyse_origins_en_france_alias:en	apricot-fr
en:apricot	ecobalyse_origins_en_france_default_origin:en	France
en:apricot	ecobalyse_density_g_per_ml:en	0.447
en:apricot	ecobalyse_crop_group:en	AUTRES CULTURES INDUSTRIELLES
en:apricot	ecobalyse_category:en	vegetable_fresh
en:apricot	ecobalyse_raw_to_cooked_ratio:en	0.856
en:apricot	ecobalyse_inedible_part:en	0.2
en:apricot	ecobalyse_transport_cooling:en	none
en:artichoke	ecobalyse_labels_en_organic_id:en	c3d02976-6c1d-51a6-8713-e8dc009a18e0
en:artichoke	ecobalyse_labels_en_organic_scenario:en	reference
en:artichoke	ecobalyse_labels_en_organic_name:fr	Artichaut FR
en:artichoke	ecobalyse_labels_en_organic_alias:en	artichoke-fr
en:artichoke	ecobalyse_labels_en_organic_default_origin:en	France
en:artichoke	ecobalyse_origins_en_france_id:en	f5ff010b-9397-5d2c-b950-6c29339f7714
en:artichoke	ecobalyse_origins_en_france_scenario:en	organic
en:artichoke	ecobalyse_origins_en_france_name:fr	Artichaut Bio
en:artichoke	ecobalyse_origins_en_france_alias:en	artichoke-organic
en:artichoke	ecobalyse_origins_en_france_default_origin:en	France
en:asparagus	ecobalyse_id:en	17db9fc3-6b58-540d-8c03-5664a6a3cda4
en:asparagus	ecobalyse_density_g_per_ml:en	0.9
en:asparagus	ecobalyse_crop_group:en	LEGUMES-FLEURS
en:asparagus	ecobalyse_category:en	vegetable_fresh
en:asparagus	ecobalyse_raw_to_cooked_ratio:en	0.856
en:asparagus	ecobalyse_inedible_part:en	0.4
en:asparagus	ecobalyse_transport_cooling:en	always
en:asparagus	ecobalyse_labels_en_organic_origins_en_france_id:en	13cce78b-d1f8-5dba-a633-aa0d0d1c86a1
en:asparagus	ecobalyse_labels_en_organic_origins_en_france_scenario:en	organic
en:asparagus	ecobalyse_labels_en_organic_origins_en_france_name:fr	Asperge Bio
en:asparagus	ecobalyse_labels_en_organic_origins_en_france_alias:en	asparagus-organic
en:asparagus	ecobalyse_labels_en_organic_origins_en_france_default_origin:en	France
en:asparagus	ecobalyse_origins_en_france_id:en	99549acf-9987-59a9-b5de-98b5b1dd830a
en:asparagus	ecobalyse_origins_en_france_scenario:en	reference
en:asparagus	ecobalyse_origins_en_france_name:fr	Asperge FR
en:asparagus	ecobalyse_origins_en_france_alias:en	asparagus-fr
en:asparagus	ecobalyse_origins_en_france_default_origin:en	France
en:avocado	ecobalyse_id:en	75943841-50ba-51da-9ebf-40b17d9ef096
en:avocado	ecobalyse_scenario:en	import
en:avocado	ecobalyse_name:fr	Avocat HORS UE
en:avocado	ecobalyse_alias:en	avocado-non-eu
en:avocado	ecobalyse_default_origin:en	OutOfEuropeAndMaghreb
en:avocado	ecobalyse_density_g_per_ml:en	0.95
en:avocado	ecobalyse_crop_group:en	VERGERS
en:avocado	ecobalyse_category:en	vegetable_fresh
en:avocado	ecobalyse_raw_to_cooked_ratio:en	0.856
en:avocado	ecobalyse_inedible_part:en	0.3
en:avocado	ecobalyse_transport_cooling:en	always
en:balsamic-vinegar	ecobalyse_id:en	c2e4259b-962f-49ea-b7f1-606f81b59207
en:balsamic-vinegar	ecobalyse_density_g_per_ml:en	1
en:balsamic-vinegar	ecobalyse_crop_group:en	DIVERS
en:balsamic-vinegar	ecobalyse_category:en	vegetable_processed
en:balsamic-vinegar	ecobalyse_raw_to_cooked_ratio:en	1
en:balsamic-vinegar	ecobalyse_inedible_part:en	0
en:balsamic-vinegar	ecobalyse_transport_cooling:en	always
en:bamboo-shoot	ecobalyse_id:en	8393b6b9-7d87-56e4-b95c-0f68927438dd
en:bamboo-shoot	ecobalyse_density_g_per_ml:en	0.9
en:bamboo-shoot	ecobalyse_crop_group:en	LEGUMES-FLEURS
en:bamboo-shoot	ecobalyse_category:en	vegetable_fresh
en:bamboo-shoot	ecobalyse_raw_to_cooked_ratio:en	0.856
en:bamboo-shoot	ecobalyse_inedible_part:en	0.2
en:bamboo-shoot	ecobalyse_transport_cooling:en	always
en:bamboo-shoot	ecobalyse_origins_en_france_id:en	dd25d91e-cec8-548c-9041-147b79ff7970
en:bamboo-shoot	ecobalyse_origins_en_france_scenario:en	reference
en:bamboo-shoot	ecobalyse_origins_en_france_name:fr	Pousses de bambou FR
en:bamboo-shoot	ecobalyse_origins_en_france_alias:en	bamboo-shoot-fr
en:bamboo-shoot	ecobalyse_origins_en_france_default_origin:en	France
en:banana	ecobalyse_scenario:en	import
en:banana	ecobalyse_name:fr	Banane par défaut (2025)
en:banana	ecobalyse_alias:en	banana-non-eu-2025
en:banana	ecobalyse_default_origin:en	OutOfEuropeAndMaghreb
en:banana	ecobalyse_labels_en_organic_scenario:en	organic
en:banana	ecobalyse_labels_en_organic_name:fr	Banane Bio
en:banana	ecobalyse_labels_en_organic_alias:en	banana-organic
en:banana	ecobalyse_labels_en_organic_default_origin:en	France
en:banana	ecobalyse_density_g_per_ml:en	0.447
en:banana	ecobalyse_crop_group:en	VERGERS
en:banana	ecobalyse_category:en	vegetable_fresh
en:banana	ecobalyse_raw_to_cooked_ratio:en	0.856
en:banana	ecobalyse_inedible_part:en	0.3
en:banana	ecobalyse_transport_cooling:en	always
en:barley	ecobalyse_id:en	6665e6d0-38da-4010-87e7-7fb54f85643d
en:barley	ecobalyse_density_g_per_ml:en	1
en:barley	ecobalyse_crop_group:en	ORGE
en:barley	ecobalyse_category:en	grain_processed
en:barley	ecobalyse_raw_to_cooked_ratio:en	1
en:barley	ecobalyse_inedible_part:en	0
en:barley	ecobalyse_transport_cooling:en	always
en:basmati-rice	ecobalyse_scenario:en	import
en:basmati-rice	ecobalyse_name:fr	Riz basmati par défaut (2025)
en:basmati-rice	ecobalyse_alias:en	rice-basmati-non-eu-2025
en:basmati-rice	ecobalyse_default_origin:en	OutOfEuropeAndMaghreb
en:basmati-rice	ecobalyse_labels_en_organic_scenario:en	organic
en:basmati-rice	ecobalyse_labels_en_organic_name:fr	Riz basmati Bio (2025)
en:basmati-rice	ecobalyse_labels_en_organic_alias:en	rice-basmati-organic-2025
en:basmati-rice	ecobalyse_labels_en_organic_default_origin:en	OutOfEuropeAndMaghreb
en:basmati-rice	ecobalyse_density_g_per_ml:en	0.72
en:basmati-rice	ecobalyse_crop_group:en	RIZ
en:basmati-rice	ecobalyse_category:en	grain_raw
en:basmati-rice	ecobalyse_raw_to_cooked_ratio:en	2.259
en:basmati-rice	ecobalyse_inedible_part:en	0
en:basmati-rice	ecobalyse_transport_cooling:en	none
en:bay-leaf	ecobalyse_id:en	bb2276b5-9f99-52bd-9373-5268eeb2c87c
en:bay-leaf	ecobalyse_density_g_per_ml:en	0.5
en:bay-leaf	ecobalyse_crop_group:en	DIVERS
en:bay-leaf	ecobalyse_category:en	spice_condiment_additive
en:bay-leaf	ecobalyse_raw_to_cooked_ratio:en	1
en:bay-leaf	ecobalyse_inedible_part:en	0
en:bay-leaf	ecobalyse_transport_cooling:en	none
en:bay-leaf	ecobalyse_origins_en_france_id:en	a7984dfe-8c9d-5880-9122-ae277de30640
en:bay-leaf	ecobalyse_origins_en_france_scenario:en	reference
en:bay-leaf	ecobalyse_origins_en_france_name:fr	Feuilles de laurier FR
en:bay-leaf	ecobalyse_origins_en_france_alias:en	bay-leaf-fr
en:bay-leaf	ecobalyse_origins_en_france_default_origin:en	France
en:beans	ecobalyse_id:en	0fdccf80-b169-4b34-8409-d15c0d100957
en:beans	ecobalyse_density_g_per_ml:en	0.72
en:beans	ecobalyse_crop_group:en	AUTRES CEREALES
en:beans	ecobalyse_category:en	grain_raw
en:beans	ecobalyse_raw_to_cooked_ratio:en	2.259
en:beans	ecobalyse_inedible_part:en	0
en:beans	ecobalyse_transport_cooling:en	none
en:beans	ecobalyse_proxy_labels_en_organic_id:en	8cf0b0ce-7ae7-4123-8fee-823b4c190418
en:beans	ecobalyse_proxy_labels_en_organic_scenario:en	organic
en:beans	ecobalyse_proxy_labels_en_organic_name:fr	Pois Bio (2025)
en:beans	ecobalyse_proxy_labels_en_organic_alias:en	bean-organic-2025
en:beans	ecobalyse_proxy_labels_en_organic_default_origin:en	OutOfEuropeAndMaghreb
en:beans	ecobalyse_origins_en_france_id:en	bfdf1505-8426-499e-8286-a1e4b4920c7e
en:beans	ecobalyse_origins_en_france_scenario:en	reference
en:beans	ecobalyse_origins_en_france_name:fr	Pois FR (2025)
en:beans	ecobalyse_origins_en_france_alias:en	bean-fr-2025
en:beans	ecobalyse_origins_en_france_default_origin:en	France
en:beetroot	ecobalyse_id:en	02106d98-e7e7-5884-905e-fc6d194c4fdb
en:beetroot	ecobalyse_scenario:en	reference
en:beetroot	ecobalyse_name:fr	Betterave FR
en:beetroot	ecobalyse_alias:en	beetroot-fr
en:beetroot	ecobalyse_default_origin:en	France
en:beetroot	ecobalyse_labels_en_organic_id:en	3dad54e3-d598-5daf-999d-f4dbdddc7c56
en:beetroot	ecobalyse_labels_en_organic_scenario:en	organic
en:beetroot	ecobalyse_labels_en_organic_name:fr	Betterave Bio
en:beetroot	ecobalyse_labels_en_organic_alias:en	beetroot-organic
en:beetroot	ecobalyse_labels_en_organic_default_origin:en	France
en:beetroot	ecobalyse_density_g_per_ml:en	0.9
en:beetroot	ecobalyse_crop_group:en	AUTRES CULTURES INDUSTRIELLES
en:beetroot	ecobalyse_category:en	vegetable_fresh
en:beetroot	ecobalyse_raw_to_cooked_ratio:en	0.856
en:beetroot	ecobalyse_inedible_part:en	0.1
en:beetroot	ecobalyse_transport_cooling:en	always
en:bell-pepper	ecobalyse_id:en	123d51c5-27a3-4b57-a1d2-3b627dc4032a
en:bell-pepper	ecobalyse_scenario:en	import
en:bell-pepper	ecobalyse_name:fr	Poivron sous serre non chauffée UE (2025)
en:bell-pepper	ecobalyse_alias:en	bell-pepper-unheated-greenhouse-eu-2025
en:bell-pepper	ecobalyse_default_origin:en	EuropeAndMaghreb
en:blackcurrant	ecobalyse_id:en	997c69bc-7cc2-5b29-9c52-e46544bdad20
en:blackcurrant	ecobalyse_density_g_per_ml:en	0.85
en:blackcurrant	ecobalyse_crop_group:en	VERGERS
en:blackcurrant	ecobalyse_category:en	vegetable_fresh
en:blackcurrant	ecobalyse_raw_to_cooked_ratio:en	0.856
en:blackcurrant	ecobalyse_inedible_part:en	0.2
en:blackcurrant	ecobalyse_transport_cooling:en	always
en:blackcurrant	ecobalyse_labels_en_organic_origins_en_france_id:en	6b790e7e-76b9-5e0f-8b35-43237d86cc48
en:blackcurrant	ecobalyse_labels_en_organic_origins_en_france_scenario:en	organic
en:blackcurrant	ecobalyse_labels_en_organic_origins_en_france_name:fr	Cassis Bio
en:blackcurrant	ecobalyse_labels_en_organic_origins_en_france_alias:en	black-currant-organic
en:blackcurrant	ecobalyse_labels_en_organic_origins_en_france_default_origin:en	France
en:blackcurrant	ecobalyse_origins_en_france_id:en	b82105f7-7b1c-59e5-93e4-4dede0bfb07a
en:blackcurrant	ecobalyse_origins_en_france_scenario:en	reference
en:blackcurrant	ecobalyse_origins_en_france_name:fr	Cassis FR
en:blackcurrant	ecobalyse_origins_en_france_alias:en	black-currant-fr
en:blackcurrant	ecobalyse_origins_en_france_default_origin:en	France
en:black-mulberry	ecobalyse_id:en	88560f03-2a46-523b-9533-a168444e9b44
en:black-mulberry	ecobalyse_density_g_per_ml:en	0.85
en:black-mulberry	ecobalyse_crop_group:en	VERGERS
en:black-mulberry	ecobalyse_category:en	vegetable_fresh
en:black-mulberry	ecobalyse_raw_to_cooked_ratio:en	0.856
en:black-mulberry	ecobalyse_inedible_part:en	0.2
en:black-mulberry	ecobalyse_transport_cooling:en	always
en:black-mulberry	ecobalyse_labels_en_organic_origins_en_france_id:en	dad0b22a-c63e-542b-9533-77098318c4ac
en:black-mulberry	ecobalyse_labels_en_organic_origins_en_france_scenario:en	organic
en:black-mulberry	ecobalyse_labels_en_organic_origins_en_france_name:fr	Mûre noire Bio
en:black-mulberry	ecobalyse_labels_en_organic_origins_en_france_alias:en	black-mulberry-organic
en:black-mulberry	ecobalyse_labels_en_organic_origins_en_france_default_origin:en	France
en:black-pepper	ecobalyse_id:en	47b15759-416e-4c86-9127-4c75a55b7b8f
en:black-pepper	ecobalyse_scenario:en	import
en:black-pepper	ecobalyse_name:fr	Poivre noir par défaut (2025)
en:black-pepper	ecobalyse_alias:en	black-pepper-2025
en:black-pepper	ecobalyse_default_origin:en	OutOfEuropeAndMaghreb
en:blue-cheese	ecobalyse_id:en	0cb50cd4-2842-4336-9710-c1bf52a2209e
en:blue-cheese	ecobalyse_density_g_per_ml:en	1
en:blue-cheese	ecobalyse_category:en	dairy_product
en:blue-cheese	ecobalyse_raw_to_cooked_ratio:en	1
en:blue-cheese	ecobalyse_inedible_part:en	0
en:blue-cheese	ecobalyse_transport_cooling:en	always
en:blueberry	ecobalyse_scenario:en	import
en:blueberry	ecobalyse_name:fr	Myrtille par défaut (2025)
en:blueberry	ecobalyse_alias:en	blueberry-non-eu-2025
en:blueberry	ecobalyse_default_origin:en	OutOfEuropeAndMaghreb
en:blueberry	ecobalyse_labels_en_organic_scenario:en	organic
en:blueberry	ecobalyse_labels_en_organic_name:fr	Myrtille Bio (2025)
en:blueberry	ecobalyse_labels_en_organic_alias:en	blueberry-organic-2025
en:blueberry	ecobalyse_labels_en_organic_default_origin:en	OutOfEuropeAndMaghreb
en:blueberry	ecobalyse_density_g_per_ml:en	0.447
en:blueberry	ecobalyse_crop_group:en	LEGUMES-FLEURS
en:blueberry	ecobalyse_category:en	vegetable_fresh
en:blueberry	ecobalyse_raw_to_cooked_ratio:en	0.856
en:blueberry	ecobalyse_inedible_part:en	0.03
en:blueberry	ecobalyse_transport_cooling:en	always
en:bolognese-sauce	ecobalyse_id:en	ad4e4cff-9333-4f5a-bfc5-028cfe888072
en:bolognese-sauce	ecobalyse_density_g_per_ml:en	1
en:bolognese-sauce	ecobalyse_category:en	animal_product
en:bolognese-sauce	ecobalyse_raw_to_cooked_ratio:en	0.856
en:bolognese-sauce	ecobalyse_inedible_part:en	0
en:bolognese-sauce	ecobalyse_transport_cooling:en	none
en:brazil-nut	ecobalyse_id:en	050374dc-6dd8-5e5f-8543-2d124767edc0
en:brazil-nut	ecobalyse_density_g_per_ml:en	0.63
en:brazil-nut	ecobalyse_crop_group:en	FRUITS A COQUES
en:brazil-nut	ecobalyse_category:en	nut_oilseed_raw
en:brazil-nut	ecobalyse_raw_to_cooked_ratio:en	1
en:brazil-nut	ecobalyse_inedible_part:en	0.5
en:brazil-nut	ecobalyse_transport_cooling:en	none
en:breadfruit	ecobalyse_id:en	5912afe2-4eaf-5676-b83e-8635066f8359
en:breadfruit	ecobalyse_density_g_per_ml:en	0.85
en:breadfruit	ecobalyse_crop_group:en	VERGERS
en:breadfruit	ecobalyse_category:en	vegetable_fresh
en:breadfruit	ecobalyse_raw_to_cooked_ratio:en	0.856
en:breadfruit	ecobalyse_inedible_part:en	0.2
en:breadfruit	ecobalyse_transport_cooling:en	always
en:breadfruit	ecobalyse_origins_en_european_union_id:en	95462786-990c-5fda-bad5-bce0211ea131
en:breadfruit	ecobalyse_origins_en_european_union_scenario:en	import
en:breadfruit	ecobalyse_origins_en_european_union_name:fr	Fruit à pain UE
en:breadfruit	ecobalyse_origins_en_european_union_alias:en	breadfruit-eu
en:breadfruit	ecobalyse_origins_en_european_union_default_origin:en	EuropeAndMaghreb
en:breadfruit	ecobalyse_labels_en_organic_origins_en_france_id:en	78584bdd-c9a5-517a-ab3a-1ab5fe94bef0
en:breadfruit	ecobalyse_labels_en_organic_origins_en_france_scenario:en	organic
en:breadfruit	ecobalyse_labels_en_organic_origins_en_france_name:fr	Fruit à pain Bio
en:breadfruit	ecobalyse_labels_en_organic_origins_en_france_alias:en	breadfruit-organic
en:breadfruit	ecobalyse_labels_en_organic_origins_en_france_default_origin:en	France
en:breadfruit	ecobalyse_origins_en_france_id:en	8ba9ef9a-2311-5a41-aa49-273f5ad720fb
en:breadfruit	ecobalyse_origins_en_france_scenario:en	reference
en:breadfruit	ecobalyse_origins_en_france_name:fr	Fruit à pain FR
en:breadfruit	ecobalyse_origins_en_france_alias:en	breadfruit-fr
en:breadfruit	ecobalyse_origins_en_france_default_origin:en	France
en:brie	ecobalyse_id:en	2a571c02-23f1-4908-afa6-7b8e20e24488
en:brie	ecobalyse_density_g_per_ml:en	1
en:brie	ecobalyse_category:en	dairy_product
en:brie	ecobalyse_raw_to_cooked_ratio:en	1
en:brie	ecobalyse_inedible_part:en	0
en:brie	ecobalyse_transport_cooling:en	always
en:brie	ecobalyse_origins_en_france_id:en	d56d21c0-0705-45e3-830d-504d63d581e0
en:brie	ecobalyse_origins_en_france_scenario:en	reference
en:brie	ecobalyse_origins_en_france_name:fr	Brie FR (2025)
en:brie	ecobalyse_origins_en_france_alias:en	brie-cheese-2025
en:brie	ecobalyse_origins_en_france_default_origin:en	France
en:broad-bean	ecobalyse_id:en	70727141-03b4-5f49-8216-88830b7ae11b
en:broad-bean	ecobalyse_scenario:en	import
en:broad-bean	ecobalyse_name:fr	Fève UE
en:broad-bean	ecobalyse_alias:en	broad-bean-eu
en:broad-bean	ecobalyse_default_origin:en	EuropeAndMaghreb
en:broad-bean	ecobalyse_origins_en_france_id:en	d1d5713d-021f-4438-95c8-0496da3f0f5f
en:broad-bean	ecobalyse_origins_en_france_scenario:en	reference
en:broad-bean	ecobalyse_origins_en_france_name:fr	Fève FR
en:broad-bean	ecobalyse_origins_en_france_alias:en	broad-bean-fr
en:broad-bean	ecobalyse_origins_en_france_default_origin:en	France
en:broccoli	ecobalyse_id:en	a528f97c-b83b-57bd-af7f-5b7e52116e6b
en:broccoli	ecobalyse_scenario:en	import
en:broccoli	ecobalyse_name:fr	Brocoli UE
en:broccoli	ecobalyse_alias:en	broccoli-eu
en:broccoli	ecobalyse_default_origin:en	EuropeAndMaghreb
en:broccoli	ecobalyse_density_g_per_ml:en	0.9
en:broccoli	ecobalyse_crop_group:en	LEGUMES-FLEURS
en:broccoli	ecobalyse_category:en	vegetable_fresh
en:broccoli	ecobalyse_raw_to_cooked_ratio:en	0.856
en:broccoli	ecobalyse_inedible_part:en	0.2
en:broccoli	ecobalyse_transport_cooling:en	always
en:brussels-sprouts	ecobalyse_id:en	f8e12f3a-6308-425c-bede-f8f9dbe405ee
en:brussels-sprouts	ecobalyse_scenario:en	reference
en:brussels-sprouts	ecobalyse_name:fr	Chou de Bruxelles FR
en:brussels-sprouts	ecobalyse_alias:en	brussels-sprout-fr
en:brussels-sprouts	ecobalyse_default_origin:en	France
en:brussels-sprouts	ecobalyse_labels_en_organic_id:en	82a126e9-e941-5043-8924-9c5b746e1c5a
en:brussels-sprouts	ecobalyse_labels_en_organic_scenario:en	organic
en:brussels-sprouts	ecobalyse_labels_en_organic_name:fr	Chou de Bruxelles Bio
en:brussels-sprouts	ecobalyse_labels_en_organic_alias:en	brussels-sprout-organic
en:brussels-sprouts	ecobalyse_labels_en_organic_default_origin:en	France
en:brussels-sprouts	ecobalyse_density_g_per_ml:en	0.9
en:brussels-sprouts	ecobalyse_crop_group:en	LEGUMES-FLEURS
en:brussels-sprouts	ecobalyse_category:en	vegetable_fresh
en:brussels-sprouts	ecobalyse_raw_to_cooked_ratio:en	0.856
en:brussels-sprouts	ecobalyse_inedible_part:en	0.1
en:brussels-sprouts	ecobalyse_transport_cooling:en	always
en:butter	ecobalyse_scenario:en	reference
en:butter	ecobalyse_name:fr	Beurre FR (2025)
en:butter	ecobalyse_alias:en	butter-2025
en:butter	ecobalyse_default_origin:en	France
en:butter	ecobalyse_labels_en_organic_scenario:en	organic
en:butter	ecobalyse_labels_en_organic_name:fr	Beurre Bio (2025)
en:butter	ecobalyse_labels_en_organic_alias:en	butter-organic-2025
en:butter	ecobalyse_labels_en_organic_default_origin:en	France
en:butter	ecobalyse_density_g_per_ml:en	1
en:butter	ecobalyse_category:en	dairy_product
en:butter	ecobalyse_raw_to_cooked_ratio:en	1
en:butter	ecobalyse_inedible_part:en	0
en:butter	ecobalyse_transport_cooling:en	always
en:camembert	ecobalyse_id:en	f54e93a0-a404-4167-b62b-c94ba524cea4
en:camembert	ecobalyse_density_g_per_ml:en	1
en:camembert	ecobalyse_category:en	dairy_product
en:camembert	ecobalyse_raw_to_cooked_ratio:en	1
en:camembert	ecobalyse_inedible_part:en	0
en:camembert	ecobalyse_transport_cooling:en	always
en:cane-sugar	ecobalyse_proxy_id:en	9b476f8e-08c2-4406-9198-1fb2e007f000
en:cane-sugar	ecobalyse_proxy_density_g_per_ml:en	1
en:cane-sugar	ecobalyse_proxy_crop_group:en	DIVERS
en:cane-sugar	ecobalyse_proxy_category:en	vegetable_processed
en:cane-sugar	ecobalyse_proxy_raw_to_cooked_ratio:en	1
en:cane-sugar	ecobalyse_proxy_inedible_part:en	0
en:cane-sugar	ecobalyse_proxy_transport_cooling:en	none
en:carambola	ecobalyse_id:en	4e19bb98-3b26-51e4-bc18-bcb118810a6c
en:carambola	ecobalyse_density_g_per_ml:en	0.85
en:carambola	ecobalyse_crop_group:en	VERGERS
en:carambola	ecobalyse_category:en	vegetable_fresh
en:carambola	ecobalyse_raw_to_cooked_ratio:en	0.856
en:carambola	ecobalyse_inedible_part:en	0.2
en:carambola	ecobalyse_transport_cooling:en	always
en:cardoon	ecobalyse_id:en	d75a5fdf-9051-5bb1-a858-7cb7ffe58de6
en:cardoon	ecobalyse_density_g_per_ml:en	0.9
en:cardoon	ecobalyse_crop_group:en	LEGUMES-FLEURS
en:cardoon	ecobalyse_category:en	vegetable_fresh
en:cardoon	ecobalyse_raw_to_cooked_ratio:en	0.856
en:cardoon	ecobalyse_inedible_part:en	0.2
en:cardoon	ecobalyse_transport_cooling:en	always
en:cardoon	ecobalyse_labels_en_organic_origins_en_france_id:en	c9d17197-5ca6-51e2-8549-92cfa9b91aab
en:cardoon	ecobalyse_labels_en_organic_origins_en_france_scenario:en	organic
en:cardoon	ecobalyse_labels_en_organic_origins_en_france_name:fr	Cardoon Bio
en:cardoon	ecobalyse_labels_en_organic_origins_en_france_alias:en	cardoon-organic
en:cardoon	ecobalyse_labels_en_organic_origins_en_france_default_origin:en	France
en:carrot	ecobalyse_id:en	541dd76b-5d72-5d21-8802-353cea99a226
en:carrot	ecobalyse_scenario:en	import
en:carrot	ecobalyse_name:fr	Carottes HORS UE
en:carrot	ecobalyse_alias:en	carrot-non-eu
en:carrot	ecobalyse_default_origin:en	OutOfEuropeAndMaghreb
en:carrot	ecobalyse_labels_en_organic_id:en	ce71197c-d90f-5daf-a532-d9ae0f0c9ab2
en:carrot	ecobalyse_labels_en_organic_scenario:en	organic
en:carrot	ecobalyse_labels_en_organic_name:fr	Carottes Bio
en:carrot	ecobalyse_labels_en_organic_alias:en	carrot-organic
en:carrot	ecobalyse_labels_en_organic_default_origin:en	France
en:carrot	ecobalyse_origins_en_european_union_id:en	836d0a35-84c0-5981-bcde-73befcf3bf61
en:carrot	ecobalyse_origins_en_european_union_scenario:en	import
en:carrot	ecobalyse_origins_en_european_union_name:fr	Carottes UE
en:carrot	ecobalyse_origins_en_european_union_alias:en	carrot-eu
en:carrot	ecobalyse_origins_en_european_union_default_origin:en	EuropeAndMaghreb
en:carrot	ecobalyse_origins_en_france_id:en	bdae4e7c-3215-53b7-9e30-65e16253a0a3
en:carrot	ecobalyse_origins_en_france_scenario:en	reference
en:carrot	ecobalyse_origins_en_france_name:fr	Carottes FR
en:carrot	ecobalyse_origins_en_france_alias:en	carrot-fr
en:carrot	ecobalyse_origins_en_france_default_origin:en	France
en:carrot	ecobalyse_density_g_per_ml:en	1
en:carrot	ecobalyse_crop_group:en	LEGUMES-FLEURS
en:carrot	ecobalyse_category:en	vegetable_fresh
en:carrot	ecobalyse_raw_to_cooked_ratio:en	0.856
en:carrot	ecobalyse_inedible_part:en	0.1
en:carrot	ecobalyse_transport_cooling:en	always
en:cashew-nuts	ecobalyse_id:en	cd2c11dd-1804-539f-9e71-754325431c8a
en:cashew-nuts	ecobalyse_density_g_per_ml:en	0.6
en:cashew-nuts	ecobalyse_crop_group:en	FRUITS A COQUES
en:cashew-nuts	ecobalyse_category:en	nut_oilseed_raw
en:cashew-nuts	ecobalyse_raw_to_cooked_ratio:en	1
en:cashew-nuts	ecobalyse_inedible_part:en	0.5
en:cashew-nuts	ecobalyse_transport_cooling:en	none
en:cassava	ecobalyse_id:en	aa74eef4-85da-5922-b255-10e9343498c1
en:cassava	ecobalyse_density_g_per_ml:en	0.63
en:cassava	ecobalyse_crop_group:en	LEGUMES-FLEURS
en:cassava	ecobalyse_category:en	vegetable_fresh
en:cassava	ecobalyse_raw_to_cooked_ratio:en	0.856
en:cassava	ecobalyse_inedible_part:en	0.1
en:cassava	ecobalyse_transport_cooling:en	always
en:cauliflower	ecobalyse_id:en	a28383f4-4345-44fb-ada3-985d66492f97
en:cauliflower	ecobalyse_scenario:en	reference
en:cauliflower	ecobalyse_name:fr	Chou-fleur FR
en:cauliflower	ecobalyse_alias:en	cauliflower-fr
en:cauliflower	ecobalyse_default_origin:en	France
en:cauliflower	ecobalyse_labels_en_organic_id:en	b304816b-5bc0-5216-a090-cdc2dc18b142
en:cauliflower	ecobalyse_labels_en_organic_scenario:en	organic
en:cauliflower	ecobalyse_labels_en_organic_name:fr	Chou-fleur Bio
en:cauliflower	ecobalyse_labels_en_organic_alias:en	cauliflower-organic
en:cauliflower	ecobalyse_labels_en_organic_default_origin:en	France
en:cauliflower	ecobalyse_density_g_per_ml:en	0.9
en:cauliflower	ecobalyse_crop_group:en	LEGUMES-FLEURS
en:cauliflower	ecobalyse_category:en	vegetable_fresh
en:cauliflower	ecobalyse_raw_to_cooked_ratio:en	0.856
en:cauliflower	ecobalyse_inedible_part:en	0.2
en:cauliflower	ecobalyse_transport_cooling:en	always
en:celeriac	ecobalyse_id:en	492f420b-10d2-519c-824e-8e0e47167cc5
en:celeriac	ecobalyse_scenario:en	import
en:celeriac	ecobalyse_name:fr	Céleri-rave HORS UE
en:celeriac	ecobalyse_alias:en	celeriac-non-eu
en:celeriac	ecobalyse_default_origin:en	OutOfEuropeAndMaghreb
en:celeriac	ecobalyse_labels_en_organic_id:en	679f249e-5209-56e7-a43f-d78fee8c5cb5
en:celeriac	ecobalyse_labels_en_organic_scenario:en	organic
en:celeriac	ecobalyse_labels_en_organic_name:fr	Céleri-rave Bio
en:celeriac	ecobalyse_labels_en_organic_alias:en	celeriac-organic
en:celeriac	ecobalyse_labels_en_organic_default_origin:en	France
en:celeriac	ecobalyse_origins_en_european_union_id:en	b149f393-d905-5874-9974-2c8c1217978e
en:celeriac	ecobalyse_origins_en_european_union_scenario:en	import
en:celeriac	ecobalyse_origins_en_european_union_name:fr	Céleri-rave UE
en:celeriac	ecobalyse_origins_en_european_union_alias:en	celeriac-eu
en:celeriac	ecobalyse_origins_en_european_union_default_origin:en	EuropeAndMaghreb
en:celeriac	ecobalyse_origins_en_france_id:en	88c0d4ba-93d6-4a41-94e6-ccec49cce325
en:celeriac	ecobalyse_origins_en_france_scenario:en	reference
en:celeriac	ecobalyse_origins_en_france_name:fr	Céleri-rave FR
en:celeriac	ecobalyse_origins_en_france_alias:en	celeriac-fr
en:celeriac	ecobalyse_origins_en_france_default_origin:en	France
en:celeriac	ecobalyse_density_g_per_ml:en	0.9
en:celeriac	ecobalyse_crop_group:en	LEGUMES-FLEURS
en:celeriac	ecobalyse_category:en	vegetable_fresh
en:celeriac	ecobalyse_raw_to_cooked_ratio:en	0.856
en:celeriac	ecobalyse_inedible_part:en	0.1
en:celeriac	ecobalyse_transport_cooling:en	always
en:celery	ecobalyse_id:en	3a79cf44-a762-536f-9797-8d45c3669b03
en:celery	ecobalyse_scenario:en	import
en:celery	ecobalyse_name:fr	Céleri UE
en:celery	ecobalyse_alias:en	celery-eu
en:celery	ecobalyse_default_origin:en	EuropeAndMaghreb
en:celery	ecobalyse_labels_en_organic_id:en	af91956c-a5ad-5a1d-beea-ca3ac6914c95
en:celery	ecobalyse_labels_en_organic_scenario:en	organic
en:celery	ecobalyse_labels_en_organic_name:fr	Céleri Bio
en:celery	ecobalyse_labels_en_organic_alias:en	celery-organic
en:celery	ecobalyse_labels_en_organic_default_origin:en	France
en:celery	ecobalyse_origins_en_france_id:en	0a65872d-3305-5755-8059-3ea0f577e86a
en:celery	ecobalyse_origins_en_france_scenario:en	reference
en:celery	ecobalyse_origins_en_france_name:fr	Céleri FR
en:celery	ecobalyse_origins_en_france_alias:en	celery-fr
en:celery	ecobalyse_origins_en_france_default_origin:en	France
en:celery	ecobalyse_density_g_per_ml:en	0.9
en:celery	ecobalyse_crop_group:en	LEGUMES-FLEURS
en:celery	ecobalyse_category:en	vegetable_fresh
en:celery	ecobalyse_raw_to_cooked_ratio:en	0.856
en:celery	ecobalyse_inedible_part:en	0.03
en:celery	ecobalyse_transport_cooling:en	always
en:chaource-cheese	ecobalyse_id:en	e35b0b64-956f-476b-a7f4-c8cd29ad5020
en:chaource-cheese	ecobalyse_density_g_per_ml:en	1
en:chaource-cheese	ecobalyse_category:en	dairy_product
en:chaource-cheese	ecobalyse_raw_to_cooked_ratio:en	1
en:chaource-cheese	ecobalyse_inedible_part:en	0
en:chaource-cheese	ecobalyse_transport_cooling:en	always
en:chard	ecobalyse_scenario:en	import
en:chard	ecobalyse_name:fr	Blette par défaut (2025)
en:chard	ecobalyse_alias:en	swiss-chard-non-eu-2025
en:chard	ecobalyse_default_origin:en	OutOfEuropeAndMaghreb
en:chard	ecobalyse_origins_en_france_scenario:en	reference
en:chard	ecobalyse_origins_en_france_name:fr	Blette FR
en:chard	ecobalyse_origins_en_france_alias:en	swiss-chard-fr
en:chard	ecobalyse_origins_en_france_default_origin:en	France
en:chard	ecobalyse_density_g_per_ml:en	0.118
en:chard	ecobalyse_crop_group:en	AUTRES CULTURES INDUSTRIELLES
en:chard	ecobalyse_category:en	vegetable_fresh
en:chard	ecobalyse_raw_to_cooked_ratio:en	0.856
en:chard	ecobalyse_inedible_part:en	0.03
en:chard	ecobalyse_transport_cooling:en	always
en:cheddar	ecobalyse_id:en	a4d7e7a6-66e3-4fa9-8179-63b804dd2d68
en:cheddar	ecobalyse_density_g_per_ml:en	1
en:cheddar	ecobalyse_category:en	dairy_product
en:cheddar	ecobalyse_raw_to_cooked_ratio:en	1
en:cheddar	ecobalyse_inedible_part:en	0
en:cheddar	ecobalyse_transport_cooling:en	always
en:cherry	ecobalyse_scenario:en	import
en:cherry	ecobalyse_name:fr	Cerise par défaut
en:cherry	ecobalyse_alias:en	cherry-tr
en:cherry	ecobalyse_default_origin:en	OutOfEuropeAndMaghreb
en:cherry	ecobalyse_labels_en_organic_scenario:en	organic
en:cherry	ecobalyse_labels_en_organic_name:fr	Cerise Bio
en:cherry	ecobalyse_labels_en_organic_alias:en	cherry-organic
en:cherry	ecobalyse_labels_en_organic_default_origin:en	France
en:cherry	ecobalyse_origins_en_france_scenario:en	reference
en:cherry	ecobalyse_origins_en_france_name:fr	Cerise FR
en:cherry	ecobalyse_origins_en_france_alias:en	cherry-fr
en:cherry	ecobalyse_origins_en_france_default_origin:en	France
en:cherry	ecobalyse_density_g_per_ml:en	0.447
en:cherry	ecobalyse_crop_group:en	VERGERS
en:cherry	ecobalyse_category:en	vegetable_fresh
en:cherry	ecobalyse_raw_to_cooked_ratio:en	0.856
en:cherry	ecobalyse_inedible_part:en	0.2
en:cherry	ecobalyse_transport_cooling:en	always
en:cherry-tomato	ecobalyse_id:en	a0c5e09f-79fc-52b3-8453-a358098426e4
en:cherry-tomato	ecobalyse_density_g_per_ml:en	1
en:cherry-tomato	ecobalyse_crop_group:en	LEGUMES-FLEURS
en:cherry-tomato	ecobalyse_category:en	vegetable_fresh
en:cherry-tomato	ecobalyse_raw_to_cooked_ratio:en	0.856
en:cherry-tomato	ecobalyse_inedible_part:en	0.03
en:cherry-tomato	ecobalyse_transport_cooling:en	always
en:cherry-tomato	ecobalyse_labels_en_organic_origins_en_france_id:en	1ffee0b5-720d-53b0-b594-19e08a1860a3
en:cherry-tomato	ecobalyse_labels_en_organic_origins_en_france_scenario:en	organic
en:cherry-tomato	ecobalyse_labels_en_organic_origins_en_france_name:fr	Tomates cerises Bio
en:cherry-tomato	ecobalyse_labels_en_organic_origins_en_france_alias:en	cherry-tomato-organic
en:cherry-tomato	ecobalyse_labels_en_organic_origins_en_france_default_origin:en	France
en:cherry-tomato	ecobalyse_origins_en_france_id:en	4f9c7d93-2258-5e4a-8075-c5f0015e823b
en:cherry-tomato	ecobalyse_origins_en_france_scenario:en	reference
en:cherry-tomato	ecobalyse_origins_en_france_name:fr	Tomates cerises FR
en:cherry-tomato	ecobalyse_origins_en_france_alias:en	cherry-tomato-fr
en:cherry-tomato	ecobalyse_origins_en_france_default_origin:en	France
en:chestnut	ecobalyse_id:en	deb218ab-9c48-41ea-a9c7-6acc185cd83c
en:chestnut	ecobalyse_scenario:en	reference
en:chestnut	ecobalyse_name:fr	Châtaigne décortiquée FR (2025)
en:chestnut	ecobalyse_alias:en	chestnut-husked-fr-2025
en:chestnut	ecobalyse_default_origin:en	France
en:chicken-breast	ecobalyse_id:en	8fb5024c-ceec-4201-b069-ea253c537ad6
en:chicken-breast	ecobalyse_scenario:en	import
en:chicken-breast	ecobalyse_name:fr	Blanc de poulet cru (alim. ani. 100%BR) par défaut
en:chicken-breast	ecobalyse_alias:en	chicken-breast-br-max
en:chicken-breast	ecobalyse_default_origin:en	OutOfEuropeAndMaghreb
en:chicken-breast	ecobalyse_labels_en_organic_id:en	b682ae30-9df9-4385-9005-4b4725c70d54
en:chicken-breast	ecobalyse_labels_en_organic_scenario:en	organic
en:chicken-breast	ecobalyse_labels_en_organic_name:fr	Blanc de poulet cru (alim. ani. 100%FR) Bio (2025)
en:chicken-breast	ecobalyse_labels_en_organic_alias:en	chicken-breast-fr-organic-2025
en:chicken-breast	ecobalyse_labels_en_organic_default_origin:en	France
en:chicken-breast	ecobalyse_origins_en_france_id:en	f94df72e-20fd-4cc5-ab64-ce3921649d58
en:chicken-breast	ecobalyse_origins_en_france_scenario:en	reference
en:chicken-breast	ecobalyse_origins_en_france_name:fr	Blanc de poulet cru (alim. ani. 100%FR) FR (2025)
en:chicken-breast	ecobalyse_origins_en_france_alias:en	chicken-breast-fr-feed-2025
en:chicken-breast	ecobalyse_origins_en_france_default_origin:en	France
en:chicken-breast	ecobalyse_density_g_per_ml:en	1
en:chicken-breast	ecobalyse_category:en	animal_product
en:chicken-breast	ecobalyse_raw_to_cooked_ratio:en	0.755
en:chicken-breast	ecobalyse_inedible_part:en	0
en:chicken-breast	ecobalyse_transport_cooling:en	always
en:chickpea	ecobalyse_id:en	89035410-466b-4c9d-8726-98f0928b664b
en:chickpea	ecobalyse_scenario:en	reference
en:chickpea	ecobalyse_name:fr	Pois chiche FR (2025)
en:chickpea	ecobalyse_alias:en	chickpea-fr-2025
en:chickpea	ecobalyse_default_origin:en	France
en:chickpea	ecobalyse_labels_en_organic_id:en	20aea108-cab8-4223-b8b7-4747599e228c
en:chickpea	ecobalyse_labels_en_organic_scenario:en	organic
en:chickpea	ecobalyse_labels_en_organic_name:fr	Pois chiche Bio (2025)
en:chickpea	ecobalyse_labels_en_organic_alias:en	chickpea-organic-2025
en:chickpea	ecobalyse_labels_en_organic_default_origin:en	France
en:chicory-root	ecobalyse_id:en	875f1006-298e-53fd-95ba-ecc1beca2693
en:chicory-root	ecobalyse_density_g_per_ml:en	0.9
en:chicory-root	ecobalyse_crop_group:en	AUTRES CULTURES INDUSTRIELLES
en:chicory-root	ecobalyse_category:en	vegetable_fresh
en:chicory-root	ecobalyse_raw_to_cooked_ratio:en	0.856
en:chicory-root	ecobalyse_inedible_part:en	0.2
en:chicory-root	ecobalyse_transport_cooling:en	always
en:chicory-root	ecobalyse_labels_en_organic_origins_en_france_id:en	e2f5397c-7562-53a2-9fe3-db7618ba84d0
en:chicory-root	ecobalyse_labels_en_organic_origins_en_france_scenario:en	organic
en:chicory-root	ecobalyse_labels_en_organic_origins_en_france_name:fr	Racine de chicorée Bio
en:chicory-root	ecobalyse_labels_en_organic_origins_en_france_alias:en	chicory-root-organic
en:chicory-root	ecobalyse_labels_en_organic_origins_en_france_default_origin:en	France
en:chicory-root	ecobalyse_origins_en_france_id:en	980571f0-c174-5822-a5bd-94d0d7ae47a6
en:chicory-root	ecobalyse_origins_en_france_scenario:en	reference
en:chicory-root	ecobalyse_origins_en_france_name:fr	Racine de chicorée FR
en:chicory-root	ecobalyse_origins_en_france_alias:en	chicory-root-fr
en:chicory-root	ecobalyse_origins_en_france_default_origin:en	France
en:chili-pepper	ecobalyse_id:en	f14e9789-c999-5263-838e-17beede52267
en:chili-pepper	ecobalyse_density_g_per_ml:en	0.9
en:chili-pepper	ecobalyse_crop_group:en	LEGUMES-FLEURS
en:chili-pepper	ecobalyse_category:en	vegetable_fresh
en:chili-pepper	ecobalyse_raw_to_cooked_ratio:en	0.856
en:chili-pepper	ecobalyse_inedible_part:en	0.03
en:chili-pepper	ecobalyse_transport_cooling:en	always
en:chili-pepper	ecobalyse_origins_en_france_id:en	56ad04c8-9dd7-5b3c-966f-446f6f88a5d2
en:chili-pepper	ecobalyse_origins_en_france_scenario:en	reference
en:chili-pepper	ecobalyse_origins_en_france_name:fr	Piment FR
en:chili-pepper	ecobalyse_origins_en_france_alias:en	chili-pepper-fr
en:chili-pepper	ecobalyse_origins_en_france_default_origin:en	France
en:chinese-cabbage	ecobalyse_id:en	65f1221e-cf4c-413b-b023-8cec646e8ee4
en:chinese-cabbage	ecobalyse_scenario:en	reference
en:chinese-cabbage	ecobalyse_name:fr	Chou chinois FR (2025)
en:chinese-cabbage	ecobalyse_alias:en	chinese-cabbage-fr-2025
en:chinese-cabbage	ecobalyse_default_origin:en	France
en:chinese-cabbage	ecobalyse_labels_en_organic_id:en	701f6e68-9eb9-4ee2-8b40-a3553811bda4
en:chinese-cabbage	ecobalyse_labels_en_organic_scenario:en	organic
en:chinese-cabbage	ecobalyse_labels_en_organic_name:fr	Chou chinois Bio (2025)
en:chinese-cabbage	ecobalyse_labels_en_organic_alias:en	chinese-cabbage-organic-2025
en:chinese-cabbage	ecobalyse_labels_en_organic_default_origin:en	France
en:chives	ecobalyse_id:en	1e064979-63d1-5779-837e-de86b02a5e67
en:chives	ecobalyse_density_g_per_ml:en	0.9
en:chives	ecobalyse_crop_group:en	LEGUMES-FLEURS
en:chives	ecobalyse_category:en	vegetable_fresh
en:chives	ecobalyse_raw_to_cooked_ratio:en	0.856
en:chives	ecobalyse_inedible_part:en	0.2
en:chives	ecobalyse_transport_cooling:en	always
en:chives	ecobalyse_labels_en_organic_origins_en_france_id:en	91aacef3-c260-56f2-9dac-a3c8fbd9229d
en:chives	ecobalyse_labels_en_organic_origins_en_france_scenario:en	organic
en:chives	ecobalyse_labels_en_organic_origins_en_france_name:fr	Ciboulette Bio
en:chives	ecobalyse_labels_en_organic_origins_en_france_alias:en	chive-organic
en:chives	ecobalyse_labels_en_organic_origins_en_france_default_origin:en	France
en:chives	ecobalyse_origins_en_france_id:en	428ba132-7f01-5494-bf08-b1057dd6aaa8
en:chives	ecobalyse_origins_en_france_scenario:en	reference
en:chives	ecobalyse_origins_en_france_name:fr	Ciboulette FR
en:chives	ecobalyse_origins_en_france_alias:en	chive-fr
en:chives	ecobalyse_origins_en_france_default_origin:en	France
en:cinnamon	ecobalyse_proxy_id:en	22dd97eb-a2d8-5d7b-9c9a-58c55c3fbfc1
en:cinnamon	ecobalyse_proxy_density_g_per_ml:en	0.56
en:cinnamon	ecobalyse_proxy_crop_group:en	DIVERS
en:cinnamon	ecobalyse_proxy_category:en	spice_condiment_additive
en:cinnamon	ecobalyse_proxy_raw_to_cooked_ratio:en	1
en:cinnamon	ecobalyse_proxy_inedible_part:en	0
en:cinnamon	ecobalyse_proxy_transport_cooling:en	none
en:clementine	ecobalyse_scenario:en	import
en:clementine	ecobalyse_name:fr	Clémentine par défaut (2025)
en:clementine	ecobalyse_alias:en	clementine-non-eu-2025
en:clementine	ecobalyse_default_origin:en	OutOfEuropeAndMaghreb
en:clementine	ecobalyse_density_g_per_ml:en	0.575
en:clementine	ecobalyse_crop_group:en	VERGERS
en:clementine	ecobalyse_category:en	vegetable_fresh
en:clementine	ecobalyse_raw_to_cooked_ratio:en	0.856
en:clementine	ecobalyse_inedible_part:en	0.2
en:clementine	ecobalyse_transport_cooling:en	always
en:cocoa-bean	ecobalyse_proxy_id:en	35d0ffc8-3043-5012-86f3-4401ab37c5cf
en:cocoa-bean	ecobalyse_proxy_density_g_per_ml:en	0.9
en:cocoa-bean	ecobalyse_proxy_crop_group:en	ARBORICULTURE
en:cocoa-bean	ecobalyse_proxy_category:en	vegetable_fresh
en:cocoa-bean	ecobalyse_proxy_raw_to_cooked_ratio:en	0.856
en:cocoa-bean	ecobalyse_proxy_inedible_part:en	0.2
en:cocoa-bean	ecobalyse_proxy_transport_cooling:en	none
en:cocoa-butter	ecobalyse_id:en	7b508b8e-7f3c-4ba4-93bc-4d11e5477dbe
en:cocoa-butter	ecobalyse_density_g_per_ml:en	0.447
en:cocoa-butter	ecobalyse_crop_group:en	FRUITS A COQUES
en:cocoa-butter	ecobalyse_category:en	nut_oilseed_processed
en:cocoa-butter	ecobalyse_raw_to_cooked_ratio:en	1
en:cocoa-butter	ecobalyse_inedible_part:en	0
en:cocoa-butter	ecobalyse_transport_cooling:en	once_transformed
en:cocoa-powder	ecobalyse_id:en	88bd8bf2-0e2f-4adf-98cf-09325e38b7f9
en:cocoa-powder	ecobalyse_density_g_per_ml:en	0.24
en:cocoa-powder	ecobalyse_crop_group:en	FRUITS A COQUES
en:cocoa-powder	ecobalyse_category:en	vegetable_processed
en:cocoa-powder	ecobalyse_raw_to_cooked_ratio:en	1
en:cocoa-powder	ecobalyse_inedible_part:en	0
en:cocoa-powder	ecobalyse_transport_cooling:en	none
en:coffee-beans	ecobalyse_id:en	02b7f1bd-56ea-5243-8c22-baa8c6d6052e
en:coffee-beans	ecobalyse_density_g_per_ml:en	0.8
en:coffee-beans	ecobalyse_crop_group:en	ARBORICULTURE
en:coffee-beans	ecobalyse_category:en	vegetable_fresh
en:coffee-beans	ecobalyse_raw_to_cooked_ratio:en	1
en:coffee-beans	ecobalyse_inedible_part:en	0.2
en:coffee-beans	ecobalyse_transport_cooling:en	always
en:comte	ecobalyse_scenario:en	reference
en:comte	ecobalyse_name:fr	Comté FR AOP (2025)
en:comte	ecobalyse_alias:en	comte-aop-2025
en:comte	ecobalyse_default_origin:en	France
en:comte	ecobalyse_density_g_per_ml:en	1
en:comte	ecobalyse_category:en	dairy_product
en:comte	ecobalyse_raw_to_cooked_ratio:en	1
en:comte	ecobalyse_inedible_part:en	0
en:comte	ecobalyse_transport_cooling:en	always
en:cooked-ham	ecobalyse_scenario:en	reference
en:cooked-ham	ecobalyse_name:fr	Jambon cuit FR (2025)
en:cooked-ham	ecobalyse_alias:en	cooked-ham-2025
en:cooked-ham	ecobalyse_default_origin:en	France
en:cooked-ham	ecobalyse_labels_en_organic_scenario:en	organic
en:cooked-ham	ecobalyse_labels_en_organic_name:fr	Jambon cuit Bio (2025)
en:cooked-ham	ecobalyse_labels_en_organic_alias:en	cooked-ham-organic-2025
en:cooked-ham	ecobalyse_labels_en_organic_default_origin:en	France
en:cooked-ham	ecobalyse_origins_en_france_scenario:en	reference
en:cooked-ham	ecobalyse_origins_en_france_name:fr	Jambon cuit FR (2025)
en:cooked-ham	ecobalyse_origins_en_france_alias:en	cooked-ham-2025
en:cooked-ham	ecobalyse_origins_en_france_default_origin:en	France
en:cooked-ham	ecobalyse_density_g_per_ml:en	1
en:cooked-ham	ecobalyse_category:en	animal_product
en:cooked-ham	ecobalyse_raw_to_cooked_ratio:en	1
en:cooked-ham	ecobalyse_inedible_part:en	0
en:cooked-ham	ecobalyse_transport_cooling:en	always
en:coriander	ecobalyse_id:en	2a5fc4d4-d8c2-557d-b5c3-1e99358ab5cc
en:coriander	ecobalyse_density_g_per_ml:en	0.5
en:coriander	ecobalyse_crop_group:en	AUTRES CULTURES INDUSTRIELLES
en:coriander	ecobalyse_category:en	spice_condiment_additive
en:coriander	ecobalyse_raw_to_cooked_ratio:en	1
en:coriander	ecobalyse_inedible_part:en	0.1
en:coriander	ecobalyse_transport_cooling:en	none
en:coriander	ecobalyse_labels_en_organic_origins_en_france_id:en	ec4a2c48-7087-5349-9c33-f6853943e6cb
en:coriander	ecobalyse_labels_en_organic_origins_en_france_scenario:en	organic
en:coriander	ecobalyse_labels_en_organic_origins_en_france_name:fr	Coriandre Bio
en:coriander	ecobalyse_labels_en_organic_origins_en_france_alias:en	coriander-organic
en:coriander	ecobalyse_labels_en_organic_origins_en_france_default_origin:en	France
en:coriander	ecobalyse_origins_en_france_id:en	c1e011cb-7b76-566c-a64b-8a7f9bbb97b2
en:coriander	ecobalyse_origins_en_france_scenario:en	reference
en:coriander	ecobalyse_origins_en_france_name:fr	Coriandre FR
en:coriander	ecobalyse_origins_en_france_alias:en	coriander-fr
en:coriander	ecobalyse_origins_en_france_default_origin:en	France
en:corn	ecobalyse_id:en	2d48fa6b-180f-59f8-9b08-c2d3663fec10
en:corn	ecobalyse_density_g_per_ml:en	0.72
en:corn	ecobalyse_crop_group:en	MAIS GRAIN ET ENSILAGE
en:corn	ecobalyse_category:en	grain_raw
en:corn	ecobalyse_raw_to_cooked_ratio:en	2.259
en:corn	ecobalyse_inedible_part:en	0
en:corn	ecobalyse_transport_cooling:en	none
en:corn	ecobalyse_labels_en_organic_origins_en_france_id:en	9cc8d676-2e49-532d-93fa-c68cf04eb294
en:corn	ecobalyse_labels_en_organic_origins_en_france_scenario:en	organic
en:corn	ecobalyse_labels_en_organic_origins_en_france_name:fr	Maïs Bio
en:corn	ecobalyse_labels_en_organic_origins_en_france_alias:en	corn-organic
en:corn	ecobalyse_labels_en_organic_origins_en_france_default_origin:en	France
en:corn	ecobalyse_origins_en_france_id:en	7d5afd1c-43b6-4540-8451-714369091add
en:corn	ecobalyse_origins_en_france_scenario:en	reference
en:corn	ecobalyse_origins_en_france_name:fr	Farine de maïs FR
en:corn	ecobalyse_origins_en_france_alias:en	corn-flour-fr
en:corn	ecobalyse_origins_en_france_default_origin:en	France
en:cottonseed	ecobalyse_id:en	075db351-41ed-5ee9-a988-94cf64b7495e
en:cottonseed	ecobalyse_density_g_per_ml:en	0.9
en:cottonseed	ecobalyse_crop_group:en	SEMENCES
en:cottonseed	ecobalyse_category:en	vegetable_fresh
en:cottonseed	ecobalyse_raw_to_cooked_ratio:en	0.856
en:cottonseed	ecobalyse_inedible_part:en	0.2
en:cottonseed	ecobalyse_transport_cooling:en	always
en:cottonseed	ecobalyse_origins_en_france_id:en	4344cfec-c1ea-5b29-9374-d78dc27767a5
en:cottonseed	ecobalyse_origins_en_france_scenario:en	reference
en:cottonseed	ecobalyse_origins_en_france_name:fr	Graine de coton FR
en:cottonseed	ecobalyse_origins_en_france_alias:en	cotton-seed-fr
en:cottonseed	ecobalyse_origins_en_france_default_origin:en	France
en:cow-s-milk	ecobalyse_id:en	f092e399-eb0c-5f4d-abc3-8df379b20dfc
en:cow-s-milk	ecobalyse_density_g_per_ml:en	1.05
en:cow-s-milk	ecobalyse_category:en	dairy_product
en:cow-s-milk	ecobalyse_raw_to_cooked_ratio:en	1
en:cow-s-milk	ecobalyse_inedible_part:en	0
en:cow-s-milk	ecobalyse_transport_cooling:en	always
en:cow-s-milk	ecobalyse_labels_en_organic_origins_en_france_id:en	2bf307e8-8cb0-400b-a4f1-cf615d9e96f4
en:cow-s-milk	ecobalyse_labels_en_organic_origins_en_france_scenario:en	organic
en:cow-s-milk	ecobalyse_labels_en_organic_origins_en_france_name:fr	Lait Bio
en:cow-s-milk	ecobalyse_labels_en_organic_origins_en_france_alias:en	cow-milk-organic
en:cow-s-milk	ecobalyse_labels_en_organic_origins_en_france_default_origin:en	France
en:cow-s-milk	ecobalyse_origins_en_france_id:en	b757094f-7cb1-58ea-9d3d-b6d7e0e0d471
en:cow-s-milk	ecobalyse_origins_en_france_scenario:en	reference
en:cow-s-milk	ecobalyse_origins_en_france_name:fr	Lait de vache FR
en:cow-s-milk	ecobalyse_origins_en_france_alias:en	cow-milk-fr
en:cow-s-milk	ecobalyse_origins_en_france_default_origin:en	France
en:crab	ecobalyse_id:en	4f075683-12a5-423b-bd78-75aed2781290
en:crab	ecobalyse_density_g_per_ml:en	1
en:crab	ecobalyse_category:en	animal_product
en:crab	ecobalyse_raw_to_cooked_ratio:en	0.819
en:crab	ecobalyse_inedible_part:en	0.5
en:crab	ecobalyse_transport_cooling:en	always
en:crab	ecobalyse_origins_en_france_id:en	6875d374-d24e-45d1-93c1-39aa52e3713c
en:crab	ecobalyse_origins_en_france_scenario:en	reference
en:crab	ecobalyse_origins_en_france_name:fr	Crabe FR (2025)
en:crab	ecobalyse_origins_en_france_alias:en	crab-fr-2025
en:crab	ecobalyse_origins_en_france_default_origin:en	France
en:cranberry	ecobalyse_id:en	7caede7e-3d4f-5c6a-b90c-d85f0f3c3e0d
en:cranberry	ecobalyse_density_g_per_ml:en	0.85
en:cranberry	ecobalyse_crop_group:en	VERGERS
en:cranberry	ecobalyse_category:en	vegetable_fresh
en:cranberry	ecobalyse_raw_to_cooked_ratio:en	0.856
en:cranberry	ecobalyse_inedible_part:en	0.2
en:cranberry	ecobalyse_transport_cooling:en	always
en:cranberry	ecobalyse_labels_en_organic_origins_en_france_id:en	9d2018e9-783f-5fba-af37-9575ed0c71af
en:cranberry	ecobalyse_labels_en_organic_origins_en_france_scenario:en	organic
en:cranberry	ecobalyse_labels_en_organic_origins_en_france_name:fr	Canneberge Bio
en:cranberry	ecobalyse_labels_en_organic_origins_en_france_alias:en	cranberry-organic
en:cranberry	ecobalyse_labels_en_organic_origins_en_france_default_origin:en	France
en:cucumber	ecobalyse_id:en	198e4676-91fb-53de-9976-bc97a3a19078
en:cucumber	ecobalyse_scenario:en	import
en:cucumber	ecobalyse_name:fr	Concombre UE
en:cucumber	ecobalyse_alias:en	cucumber-eu
en:cucumber	ecobalyse_default_origin:en	EuropeAndMaghreb
en:cucumber	ecobalyse_origins_en_france_id:en	51cc3b34-c2de-4617-8954-3c35c703a6dc
en:cucumber	ecobalyse_origins_en_france_scenario:en	reference
en:cucumber	ecobalyse_origins_en_france_name:fr	Concombre hors saison FR (2025)
en:cucumber	ecobalyse_origins_en_france_alias:en	cucumber-fr-offseason-2025
en:cucumber	ecobalyse_origins_en_france_default_origin:en	France
en:cucumber	ecobalyse_density_g_per_ml:en	1
en:cucumber	ecobalyse_crop_group:en	LEGUMES-FLEURS
en:cucumber	ecobalyse_category:en	vegetable_fresh
en:cucumber	ecobalyse_raw_to_cooked_ratio:en	0.856
en:cucumber	ecobalyse_inedible_part:en	0.1
en:cucumber	ecobalyse_transport_cooling:en	always
en:kale	ecobalyse_id:en	40969824-958c-47b7-8e9e-6b3e80bb1176
en:kale	ecobalyse_scenario:en	reference
en:kale	ecobalyse_name:fr	Chou frisé FR
en:kale	ecobalyse_alias:en	kale-fr
en:kale	ecobalyse_default_origin:en	France
en:kale	ecobalyse_labels_en_organic_id:en	577ca86a-b599-4757-9b98-712529a29738
en:kale	ecobalyse_labels_en_organic_scenario:en	organic
en:kale	ecobalyse_labels_en_organic_name:fr	Chou frisé Bio (2025)
en:kale	ecobalyse_labels_en_organic_alias:en	curly-kale-organic-2025
en:kale	ecobalyse_labels_en_organic_default_origin:en	France
en:dark-chocolate	ecobalyse_scenario:en	import
en:dark-chocolate	ecobalyse_name:fr	Chocolat noir par défaut (2025)
en:dark-chocolate	ecobalyse_alias:en	dark-chocolate-2025
en:dark-chocolate	ecobalyse_default_origin:en	OutOfEuropeAndMaghreb
en:dark-chocolate	ecobalyse_density_g_per_ml:en	1
en:dark-chocolate	ecobalyse_category:en	vegetable_processed
en:dark-chocolate	ecobalyse_raw_to_cooked_ratio:en	1
en:dark-chocolate	ecobalyse_inedible_part:en	0
en:dark-chocolate	ecobalyse_transport_cooling:en	none
en:date	ecobalyse_id:en	ec2ec730-91d6-5980-9230-817cc8386211
en:date	ecobalyse_density_g_per_ml:en	0.85
en:date	ecobalyse_crop_group:en	VERGERS
en:date	ecobalyse_category:en	vegetable_fresh
en:date	ecobalyse_raw_to_cooked_ratio:en	0.856
en:date	ecobalyse_inedible_part:en	0.2
en:date	ecobalyse_transport_cooling:en	always
en:durum-wheat	ecobalyse_scenario:en	import
en:durum-wheat	ecobalyse_name:fr	Blé dur par défaut (2025)
en:durum-wheat	ecobalyse_alias:en	durum-wheat-non-eu-2025
en:durum-wheat	ecobalyse_default_origin:en	OutOfEuropeAndMaghreb
en:durum-wheat	ecobalyse_origins_en_european_union_scenario:en	import
en:durum-wheat	ecobalyse_origins_en_european_union_name:fr	Blé dur UE (2025)
en:durum-wheat	ecobalyse_origins_en_european_union_alias:en	durum-wheat-eu-2025
en:durum-wheat	ecobalyse_origins_en_european_union_default_origin:en	EuropeAndMaghreb
en:durum-wheat	ecobalyse_origins_en_france_scenario:en	reference
en:durum-wheat	ecobalyse_origins_en_france_name:fr	Blé dur FR
en:durum-wheat	ecobalyse_origins_en_france_alias:en	durum-wheat-fr
en:durum-wheat	ecobalyse_origins_en_france_default_origin:en	France
en:durum-wheat	ecobalyse_density_g_per_ml:en	0.24
en:durum-wheat	ecobalyse_crop_group:en	AUTRES CEREALES
en:durum-wheat	ecobalyse_category:en	grain_raw
en:durum-wheat	ecobalyse_raw_to_cooked_ratio:en	2.259
en:durum-wheat	ecobalyse_inedible_part:en	0
en:durum-wheat	ecobalyse_transport_cooling:en	none
en:durum-wheat-semolina	ecobalyse_scenario:en	import
en:durum-wheat-semolina	ecobalyse_name:fr	Semoule de blé dur par défaut (2025)
en:durum-wheat-semolina	ecobalyse_alias:en	durum-wheat-semolina-non-eu-2025
en:durum-wheat-semolina	ecobalyse_default_origin:en	OutOfEuropeAndMaghreb
en:durum-wheat-semolina	ecobalyse_density_g_per_ml:en	0.24
en:durum-wheat-semolina	ecobalyse_crop_group:en	AUTRES CEREALES
en:durum-wheat-semolina	ecobalyse_category:en	grain_processed
en:durum-wheat-semolina	ecobalyse_raw_to_cooked_ratio:en	2.259
en:durum-wheat-semolina	ecobalyse_inedible_part:en	0
en:durum-wheat-semolina	ecobalyse_transport_cooling:en	none
en:egg	ecobalyse_id:en	9cbc31e9-80a4-4b87-ac4b-ddc051c47f69
en:egg	ecobalyse_scenario:en	reference
en:egg	ecobalyse_name:fr	Oeuf (code 3) FR (2025)
en:egg	ecobalyse_alias:en	egg-indoor-code3-2025
en:egg	ecobalyse_default_origin:en	France
en:egg	ecobalyse_labels_en_organic_id:en	cfd4a437-aa49-49ff-818e-353421f2fc09
en:egg	ecobalyse_labels_en_organic_scenario:en	organic
en:egg	ecobalyse_labels_en_organic_name:fr	Oeuf Bio (2025)
en:egg	ecobalyse_labels_en_organic_alias:en	egg-organic-code0-2025
en:egg	ecobalyse_labels_en_organic_default_origin:en	France
en:powdered-egg-white	ecobalyse_id:en	7fe451fd-77c8-46f3-b7ae-c050a08b7be8
en:powdered-egg-white	ecobalyse_density_g_per_ml:en	0.24
en:powdered-egg-white	ecobalyse_category:en	animal_product
en:powdered-egg-white	ecobalyse_raw_to_cooked_ratio:en	1
en:powdered-egg-white	ecobalyse_inedible_part:en	0
en:powdered-egg-white	ecobalyse_transport_cooling:en	once_transformed
en:egg-yolk-powder	ecobalyse_id:en	f6e84334-a8bb-4f07-915d-ef51e8dcf800
en:egg-yolk-powder	ecobalyse_density_g_per_ml:en	0.24
en:egg-yolk-powder	ecobalyse_category:en	animal_product
en:egg-yolk-powder	ecobalyse_raw_to_cooked_ratio:en	1
en:egg-yolk-powder	ecobalyse_inedible_part:en	0
en:egg-yolk-powder	ecobalyse_transport_cooling:en	once_transformed
en:aubergine	ecobalyse_id:en	e5329fd9-7faf-5548-b3f5-10a1c82bf774
en:aubergine	ecobalyse_scenario:en	import
en:aubergine	ecobalyse_name:fr	Aubergine UE
en:aubergine	ecobalyse_alias:en	eggplant-eu
en:aubergine	ecobalyse_default_origin:en	EuropeAndMaghreb
en:aubergine	ecobalyse_origins_en_france_id:en	ed8ac786-b948-475f-ba0a-0b51b9343d1b
en:aubergine	ecobalyse_origins_en_france_scenario:en	reference
en:aubergine	ecobalyse_origins_en_france_name:fr	Aubergine FR
en:aubergine	ecobalyse_origins_en_france_alias:en	eggplant-fr
en:aubergine	ecobalyse_origins_en_france_default_origin:en	France
en:aubergine	ecobalyse_density_g_per_ml:en	1
en:aubergine	ecobalyse_crop_group:en	LEGUMES-FLEURS
en:aubergine	ecobalyse_category:en	vegetable_fresh
en:aubergine	ecobalyse_raw_to_cooked_ratio:en	0.856
en:aubergine	ecobalyse_inedible_part:en	0.1
en:aubergine	ecobalyse_transport_cooling:en	always
en:elderberry	ecobalyse_id:en	e8d6c416-6e07-5b0b-81a0-7a537c4175e2
en:elderberry	ecobalyse_density_g_per_ml:en	0.85
en:elderberry	ecobalyse_crop_group:en	VERGERS
en:elderberry	ecobalyse_category:en	vegetable_fresh
en:elderberry	ecobalyse_raw_to_cooked_ratio:en	0.856
en:elderberry	ecobalyse_inedible_part:en	0.2
en:elderberry	ecobalyse_transport_cooling:en	always
en:elderberry	ecobalyse_labels_en_organic_origins_en_france_id:en	5c9d4556-9050-5796-8f5a-89da1a0dac4c
en:elderberry	ecobalyse_labels_en_organic_origins_en_france_scenario:en	organic
en:elderberry	ecobalyse_labels_en_organic_origins_en_france_name:fr	Baies de sureau Bio
en:elderberry	ecobalyse_labels_en_organic_origins_en_france_alias:en	elderberry-organic
en:elderberry	ecobalyse_labels_en_organic_origins_en_france_default_origin:en	France
en:elderberry	ecobalyse_origins_en_france_id:en	3f173115-e441-5341-846b-e3a33957c35c
en:elderberry	ecobalyse_origins_en_france_scenario:en	reference
en:elderberry	ecobalyse_origins_en_france_name:fr	Baies de sureau FR
en:elderberry	ecobalyse_origins_en_france_alias:en	elderberry-fr
en:elderberry	ecobalyse_origins_en_france_default_origin:en	France
en:emmental	ecobalyse_scenario:en	reference
en:emmental	ecobalyse_name:fr	Emmental FR (2025)
en:emmental	ecobalyse_alias:en	emmental-2025
en:emmental	ecobalyse_default_origin:en	France
en:emmental	ecobalyse_density_g_per_ml:en	1
en:emmental	ecobalyse_category:en	dairy_product
en:emmental	ecobalyse_raw_to_cooked_ratio:en	1
en:emmental	ecobalyse_inedible_part:en	0
en:emmental	ecobalyse_transport_cooling:en	always
en:endive	ecobalyse_scenario:en	import
en:endive	ecobalyse_name:fr	Endive UE (2025)
en:endive	ecobalyse_alias:en	endive-eu-2025
en:endive	ecobalyse_default_origin:en	EuropeAndMaghreb
en:endive	ecobalyse_labels_en_organic_scenario:en	organic
en:endive	ecobalyse_labels_en_organic_name:fr	Endive Bio (2025)
en:endive	ecobalyse_labels_en_organic_alias:en	endive-organic-2025
en:endive	ecobalyse_labels_en_organic_default_origin:en	France
en:endive	ecobalyse_origins_en_france_scenario:en	reference
en:endive	ecobalyse_origins_en_france_name:fr	Endive FR
en:endive	ecobalyse_origins_en_france_alias:en	endive-fr
en:endive	ecobalyse_origins_en_france_default_origin:en	France
en:endive	ecobalyse_density_g_per_ml:en	0.118
en:endive	ecobalyse_crop_group:en	LEGUMES-FLEURS
en:endive	ecobalyse_category:en	vegetable_fresh
en:endive	ecobalyse_raw_to_cooked_ratio:en	0.856
en:endive	ecobalyse_inedible_part:en	0.2
en:endive	ecobalyse_transport_cooling:en	always
en:extra-virgin-olive-oil	ecobalyse_scenario:en	import
en:extra-virgin-olive-oil	ecobalyse_name:fr	Huile d'olive (extra vierge) UE (2025)
en:extra-virgin-olive-oil	ecobalyse_alias:en	extra-virgin-olive-oil-2025
en:extra-virgin-olive-oil	ecobalyse_default_origin:en	EuropeAndMaghreb
en:extra-virgin-olive-oil	ecobalyse_density_g_per_ml:en	1
en:extra-virgin-olive-oil	ecobalyse_crop_group:en	OLIVIERS
en:extra-virgin-olive-oil	ecobalyse_category:en	nut_oilseed_processed
en:extra-virgin-olive-oil	ecobalyse_raw_to_cooked_ratio:en	1
en:extra-virgin-olive-oil	ecobalyse_inedible_part:en	0
en:extra-virgin-olive-oil	ecobalyse_transport_cooling:en	none
en:fennel	ecobalyse_id:en	b0b6d4c2-e9e9-5f9d-bf9c-22eb872a3b75
en:fennel	ecobalyse_scenario:en	import
en:fennel	ecobalyse_name:fr	Fenouil UE
en:fennel	ecobalyse_alias:en	fennel-eu
en:fennel	ecobalyse_default_origin:en	EuropeAndMaghreb
en:fennel	ecobalyse_origins_en_france_id:en	63717c79-e734-4af3-bc3c-d75070f1822d
en:fennel	ecobalyse_origins_en_france_scenario:en	reference
en:fennel	ecobalyse_origins_en_france_name:fr	Fenouil FR
en:fennel	ecobalyse_origins_en_france_alias:en	fennel-fr
en:fennel	ecobalyse_origins_en_france_default_origin:en	France
en:fennel	ecobalyse_density_g_per_ml:en	0.9
en:fennel	ecobalyse_crop_group:en	LEGUMES-FLEURS
en:fennel	ecobalyse_category:en	vegetable_fresh
en:fennel	ecobalyse_raw_to_cooked_ratio:en	0.856
en:fennel	ecobalyse_inedible_part:en	0.2
en:fennel	ecobalyse_transport_cooling:en	always
en:fig	ecobalyse_id:en	8d75bc46-632f-56d3-89ec-ea5c160d6c52
en:fig	ecobalyse_density_g_per_ml:en	0.9
en:fig	ecobalyse_crop_group:en	VERGERS
en:fig	ecobalyse_category:en	vegetable_fresh
en:fig	ecobalyse_raw_to_cooked_ratio:en	0.856
en:fig	ecobalyse_inedible_part:en	0.2
en:fig	ecobalyse_transport_cooling:en	always
en:fig	ecobalyse_labels_en_organic_origins_en_france_id:en	243e8343-a26f-5200-85b5-34cd56f17bfe
en:fig	ecobalyse_labels_en_organic_origins_en_france_scenario:en	organic
en:fig	ecobalyse_labels_en_organic_origins_en_france_name:fr	Figue Bio
en:fig	ecobalyse_labels_en_organic_origins_en_france_alias:en	fig-organic
en:fig	ecobalyse_labels_en_organic_origins_en_france_default_origin:en	France
en:fig	ecobalyse_origins_en_france_id:en	2619bf4c-c75b-4a8b-bc35-dfb77687fcb6
en:fig	ecobalyse_origins_en_france_scenario:en	reference
en:fig	ecobalyse_origins_en_france_name:fr	Purée de figue FR
en:fig	ecobalyse_origins_en_france_alias:en	fig-puree-fr
en:fig	ecobalyse_origins_en_france_default_origin:en	France
en:flageolets	ecobalyse_id:en	1ab7c8e7-fb50-4e5d-b153-372f853514cf
en:flageolets	ecobalyse_scenario:en	import
en:flageolets	ecobalyse_name:fr	Haricot flageolet UE (2025)
en:flageolets	ecobalyse_alias:en	flageolet-bean-eu-2025
en:flageolets	ecobalyse_default_origin:en	EuropeAndMaghreb
en:flageolets	ecobalyse_origins_en_france_id:en	b5c5285f-8dfe-4865-bdc9-8d86b6977d14
en:flageolets	ecobalyse_origins_en_france_scenario:en	reference
en:flageolets	ecobalyse_origins_en_france_name:fr	Haricot flageolet FR (2025)
en:flageolets	ecobalyse_origins_en_france_alias:en	flageolet-bean-fr-2025
en:flageolets	ecobalyse_origins_en_france_default_origin:en	France
en:flax-seed	ecobalyse_id:en	554dab2e-4322-5bb2-9633-25f0fd04e593
en:flax-seed	ecobalyse_density_g_per_ml:en	0.7
en:flax-seed	ecobalyse_crop_group:en	AUTRES OLEAGINEUX
en:flax-seed	ecobalyse_category:en	vegetable_fresh
en:flax-seed	ecobalyse_raw_to_cooked_ratio:en	0.856
en:flax-seed	ecobalyse_inedible_part:en	0.2
en:flax-seed	ecobalyse_transport_cooling:en	always
en:flax-seed	ecobalyse_labels_en_organic_origins_en_france_id:en	041e7eb9-639d-5610-987a-f54c94cca640
en:flax-seed	ecobalyse_labels_en_organic_origins_en_france_scenario:en	organic
en:flax-seed	ecobalyse_labels_en_organic_origins_en_france_name:fr	Graines de lin Bio
en:flax-seed	ecobalyse_labels_en_organic_origins_en_france_alias:en	flaxseed-organic
en:flax-seed	ecobalyse_labels_en_organic_origins_en_france_default_origin:en	France
en:flax-seed	ecobalyse_origins_en_france_id:en	07fe355e-70c5-5294-8f27-46d8d01e7047
en:flax-seed	ecobalyse_origins_en_france_scenario:en	reference
en:flax-seed	ecobalyse_origins_en_france_name:fr	Graines de lin FR
en:flax-seed	ecobalyse_origins_en_france_alias:en	flaxseed-fr
en:flax-seed	ecobalyse_origins_en_france_default_origin:en	France
en:flour	ecobalyse_proxy_scenario:en	import
en:flour	ecobalyse_proxy_name:fr	Farine UE (2025)
en:flour	ecobalyse_proxy_alias:en	flour-2025
en:flour	ecobalyse_proxy_default_origin:en	EuropeAndMaghreb
en:flour	ecobalyse_proxy_density_g_per_ml:en	1
en:flour	ecobalyse_proxy_crop_group:en	BLE TENDRE
en:flour	ecobalyse_proxy_category:en	grain_processed
en:flour	ecobalyse_proxy_raw_to_cooked_ratio:en	1
en:flour	ecobalyse_proxy_inedible_part:en	0
en:flour	ecobalyse_proxy_transport_cooling:en	once_transformed
en:green-bean	ecobalyse_id:en	5d85dc6f-23dc-5c17-8ccf-8762d82a8e9d
en:green-bean	ecobalyse_scenario:en	import
en:green-bean	ecobalyse_name:fr	Haricots verts HORS UE
en:green-bean	ecobalyse_alias:en	french-bean-non-eu
en:green-bean	ecobalyse_default_origin:en	OutOfEuropeAndMaghreb
en:green-bean	ecobalyse_origins_en_european_union_id:en	ec31c754-9000-535c-930e-8a95eabcaaaa
en:green-bean	ecobalyse_origins_en_european_union_scenario:en	import
en:green-bean	ecobalyse_origins_en_european_union_name:fr	Haricots verts UE
en:green-bean	ecobalyse_origins_en_european_union_alias:en	french-bean-eu
en:green-bean	ecobalyse_origins_en_european_union_default_origin:en	EuropeAndMaghreb
en:green-bean	ecobalyse_origins_en_france_id:en	57554a46-e732-58e0-913a-236a55091e1a
en:green-bean	ecobalyse_origins_en_france_scenario:en	reference
en:green-bean	ecobalyse_origins_en_france_name:fr	Haricots verts FR
en:green-bean	ecobalyse_origins_en_france_alias:en	french-bean-fr
en:green-bean	ecobalyse_origins_en_france_default_origin:en	France
en:green-bean	ecobalyse_density_g_per_ml:en	0.8
en:green-bean	ecobalyse_crop_group:en	LEGUMINEUSES A GRAIN
en:green-bean	ecobalyse_category:en	vegetable_fresh
en:green-bean	ecobalyse_raw_to_cooked_ratio:en	0.856
en:green-bean	ecobalyse_inedible_part:en	0.1
en:green-bean	ecobalyse_transport_cooling:en	always
en:french-fries	ecobalyse_id:en	7c742241-9678-4a46-972b-8be1baf7f5a7
en:french-fries	ecobalyse_density_g_per_ml:en	0.6375
en:french-fries	ecobalyse_crop_group:en	AUTRES CULTURES INDUSTRIELLES
en:french-fries	ecobalyse_category:en	vegetable_processed
en:french-fries	ecobalyse_raw_to_cooked_ratio:en	0.856
en:french-fries	ecobalyse_inedible_part:en	0.1
en:french-fries	ecobalyse_transport_cooling:en	none
en:fresh-cream-cheese	ecobalyse_id:en	2cced940-3abf-439d-b2f1-e6241ffb31fd
en:fresh-cream-cheese	ecobalyse_density_g_per_ml:en	1
en:fresh-cream-cheese	ecobalyse_category:en	dairy_product
en:fresh-cream-cheese	ecobalyse_raw_to_cooked_ratio:en	1
en:fresh-cream-cheese	ecobalyse_inedible_part:en	0
en:fresh-cream-cheese	ecobalyse_transport_cooling:en	always
en:fruit-puree	ecobalyse_id:en	57490ff0-61a0-44cd-bd4f-3a3be7af25f2
en:fruit-puree	ecobalyse_density_g_per_ml:en	0.447
en:fruit-puree	ecobalyse_crop_group:en	VERGERS
en:fruit-puree	ecobalyse_category:en	vegetable_processed
en:fruit-puree	ecobalyse_raw_to_cooked_ratio:en	0.856
en:fruit-puree	ecobalyse_inedible_part:en	0.1
en:fruit-puree	ecobalyse_transport_cooling:en	none
en:garden-peas	ecobalyse_id:en	3f4037f4-8c7a-45f7-b376-ec48357db98d
en:garden-peas	ecobalyse_scenario:en	import
en:garden-peas	ecobalyse_name:fr	Petit pois UE (2025)
en:garden-peas	ecobalyse_alias:en	garden-peas-eu-2025
en:garden-peas	ecobalyse_default_origin:en	EuropeAndMaghreb
en:garden-peas	ecobalyse_labels_en_organic_id:en	74a016ae-d486-4766-adfd-e44697b7be2f
en:garden-peas	ecobalyse_labels_en_organic_scenario:en	organic
en:garden-peas	ecobalyse_labels_en_organic_name:fr	Petit pois Bio (2025)
en:garden-peas	ecobalyse_labels_en_organic_alias:en	garden-peas-organic-2025
en:garden-peas	ecobalyse_labels_en_organic_default_origin:en	France
en:garden-peas	ecobalyse_origins_en_france_id:en	05c2db96-2658-4842-8c30-53e878b08931
en:garden-peas	ecobalyse_origins_en_france_scenario:en	reference
en:garden-peas	ecobalyse_origins_en_france_name:fr	Petit pois FR (2025)
en:garden-peas	ecobalyse_origins_en_france_alias:en	garden-peas-fr-2025
en:garden-peas	ecobalyse_origins_en_france_default_origin:en	France
en:garlic	ecobalyse_scenario:en	import
en:garlic	ecobalyse_name:fr	Ail Origine Inconnue
en:garlic	ecobalyse_alias:en	garlic-default
en:garlic	ecobalyse_default_origin:en	OutOfEuropeAndMaghreb
en:garlic	ecobalyse_labels_en_organic_scenario:en	organic
en:garlic	ecobalyse_labels_en_organic_name:fr	Ail Bio
en:garlic	ecobalyse_labels_en_organic_alias:en	garlic-organic
en:garlic	ecobalyse_labels_en_organic_default_origin:en	France
en:garlic	ecobalyse_origins_en_france_scenario:en	reference
en:garlic	ecobalyse_origins_en_france_name:fr	Ail FR
en:garlic	ecobalyse_origins_en_france_alias:en	garlic-fr
en:garlic	ecobalyse_origins_en_france_default_origin:en	France
en:garlic	ecobalyse_density_g_per_ml:en	0.3
en:garlic	ecobalyse_crop_group:en	LEGUMES-FLEURS
en:garlic	ecobalyse_category:en	vegetable_fresh
en:garlic	ecobalyse_raw_to_cooked_ratio:en	0.856
en:garlic	ecobalyse_inedible_part:en	0.1
en:garlic	ecobalyse_transport_cooling:en	always
en:gherkin	ecobalyse_id:en	260c363e-3d44-50c3-b01f-4a8404fcbb02
en:gherkin	ecobalyse_density_g_per_ml:en	0.9
en:gherkin	ecobalyse_crop_group:en	LEGUMES-FLEURS
en:gherkin	ecobalyse_category:en	vegetable_fresh
en:gherkin	ecobalyse_raw_to_cooked_ratio:en	0.856
en:gherkin	ecobalyse_inedible_part:en	0.2
en:gherkin	ecobalyse_transport_cooling:en	always
en:gherkin	ecobalyse_origins_en_france_id:en	1ecdafd6-925b-5a5a-9ff4-bf0d64c795fe
en:gherkin	ecobalyse_origins_en_france_scenario:en	reference
en:gherkin	ecobalyse_origins_en_france_name:fr	Cornichon FR
en:gherkin	ecobalyse_origins_en_france_alias:en	gherkin-fr
en:gherkin	ecobalyse_origins_en_france_default_origin:en	France
en:ginger	ecobalyse_id:en	74b9a138-eefa-5d1e-b7a2-b5332e17d402
en:ginger	ecobalyse_density_g_per_ml:en	0.5
en:ginger	ecobalyse_crop_group:en	AUTRES CULTURES INDUSTRIELLES
en:ginger	ecobalyse_category:en	spice_condiment_additive
en:ginger	ecobalyse_raw_to_cooked_ratio:en	1
en:ginger	ecobalyse_inedible_part:en	0
en:ginger	ecobalyse_transport_cooling:en	none
en:glucose-syrup	ecobalyse_id:en	06dffb5c-07ad-48de-9630-632f4c84e02d
en:glucose-syrup	ecobalyse_density_g_per_ml:en	1
en:glucose-syrup	ecobalyse_crop_group:en	DIVERS
en:glucose-syrup	ecobalyse_category:en	spice_condiment_additive
en:glucose-syrup	ecobalyse_raw_to_cooked_ratio:en	1
en:glucose-syrup	ecobalyse_inedible_part:en	0
en:glucose-syrup	ecobalyse_transport_cooling:en	none
en:goat-cheese	ecobalyse_id:en	d93c2c58-8073-47ef-99da-999ad7cba846
en:goat-cheese	ecobalyse_density_g_per_ml:en	1
en:goat-cheese	ecobalyse_category:en	dairy_product
en:goat-cheese	ecobalyse_raw_to_cooked_ratio:en	1
en:goat-cheese	ecobalyse_inedible_part:en	0
en:goat-cheese	ecobalyse_transport_cooling:en	always
en:gooseberry	ecobalyse_id:en	f1487a1a-72ca-5d80-987f-14f899e7c0ef
en:gooseberry	ecobalyse_density_g_per_ml:en	0.85
en:gooseberry	ecobalyse_crop_group:en	VERGERS
en:gooseberry	ecobalyse_category:en	vegetable_fresh
en:gooseberry	ecobalyse_raw_to_cooked_ratio:en	0.856
en:gooseberry	ecobalyse_inedible_part:en	0.2
en:gooseberry	ecobalyse_transport_cooling:en	always
en:gooseberry	ecobalyse_labels_en_organic_origins_en_france_id:en	31339d79-7dda-5041-80d4-2741b193a693
en:gooseberry	ecobalyse_labels_en_organic_origins_en_france_scenario:en	organic
en:gooseberry	ecobalyse_labels_en_organic_origins_en_france_name:fr	Groseille Bio
en:gooseberry	ecobalyse_labels_en_organic_origins_en_france_alias:en	gooseberry-organic
en:gooseberry	ecobalyse_labels_en_organic_origins_en_france_default_origin:en	France
en:gooseberry	ecobalyse_origins_en_france_id:en	70d96026-a534-5854-8716-7c0ff3f11ef2
en:gooseberry	ecobalyse_origins_en_france_scenario:en	reference
en:gooseberry	ecobalyse_origins_en_france_name:fr	Groseille FR
en:gooseberry	ecobalyse_origins_en_france_alias:en	gooseberry-fr
en:gooseberry	ecobalyse_origins_en_france_default_origin:en	France
en:gorgonzola	ecobalyse_id:en	ec2cabd5-6eec-40e0-a9c6-1a47c0455504
en:gorgonzola	ecobalyse_density_g_per_ml:en	1
en:gorgonzola	ecobalyse_category:en	dairy_product
en:gorgonzola	ecobalyse_raw_to_cooked_ratio:en	1
en:gorgonzola	ecobalyse_inedible_part:en	0
en:gorgonzola	ecobalyse_transport_cooling:en	always
en:gouda	ecobalyse_id:en	7bd4b612-bddd-4daa-8fc2-3b6f361e8ed1
en:gouda	ecobalyse_density_g_per_ml:en	1
en:gouda	ecobalyse_category:en	dairy_product
en:gouda	ecobalyse_raw_to_cooked_ratio:en	1
en:gouda	ecobalyse_inedible_part:en	0
en:gouda	ecobalyse_transport_cooling:en	always
en:grape	ecobalyse_id:en	654989b5-c728-5bf5-b673-832ef1612b1a
en:grape	ecobalyse_density_g_per_ml:en	1
en:grape	ecobalyse_crop_group:en	VIGNES
en:grape	ecobalyse_category:en	vegetable_fresh
en:grape	ecobalyse_raw_to_cooked_ratio:en	0.856
en:grape	ecobalyse_inedible_part:en	0.1
en:grape	ecobalyse_transport_cooling:en	always
en:grape	ecobalyse_labels_en_organic_origins_en_france_id:en	8d83f94f-a882-51f6-baf5-aec52f2431f3
en:grape	ecobalyse_labels_en_organic_origins_en_france_scenario:en	organic
en:grape	ecobalyse_labels_en_organic_origins_en_france_name:fr	Raisins (noirs ou blancs) Bio
en:grape	ecobalyse_labels_en_organic_origins_en_france_alias:en	grape-organic
en:grape	ecobalyse_labels_en_organic_origins_en_france_default_origin:en	France
en:grape	ecobalyse_origins_en_france_id:en	0746b057-6331-5cc5-a3b2-532e3ddaecdf
en:grape	ecobalyse_origins_en_france_scenario:en	reference
en:grape	ecobalyse_origins_en_france_name:fr	Raisins (noirs ou blancs) FR
en:grape	ecobalyse_origins_en_france_alias:en	grape-fr
en:grape	ecobalyse_origins_en_france_default_origin:en	France
en:grapefruit	ecobalyse_id:en	e28686eb-82e3-5e52-aea3-f6673897eecf
en:grapefruit	ecobalyse_density_g_per_ml:en	0.85
en:grapefruit	ecobalyse_crop_group:en	VIGNES
en:grapefruit	ecobalyse_category:en	vegetable_fresh
en:grapefruit	ecobalyse_raw_to_cooked_ratio:en	0.856
en:grapefruit	ecobalyse_inedible_part:en	0.3
en:grapefruit	ecobalyse_transport_cooling:en	always
en:grapefruit	ecobalyse_labels_en_organic_origins_en_france_id:en	f3051192-4b06-5b56-8cba-b34800bb90ab
en:grapefruit	ecobalyse_labels_en_organic_origins_en_france_scenario:en	organic
en:grapefruit	ecobalyse_labels_en_organic_origins_en_france_name:fr	Pamplemousse Bio
en:grapefruit	ecobalyse_labels_en_organic_origins_en_france_alias:en	grapefruit-organic
en:grapefruit	ecobalyse_labels_en_organic_origins_en_france_default_origin:en	France
en:grapefruit	ecobalyse_origins_en_france_id:en	88d15d59-12da-5fc7-a90d-3de0436d9237
en:grapefruit	ecobalyse_origins_en_france_scenario:en	reference
en:grapefruit	ecobalyse_origins_en_france_name:fr	Pamplemousse FR
en:grapefruit	ecobalyse_origins_en_france_alias:en	grapefruit-fr
en:grapefruit	ecobalyse_origins_en_france_default_origin:en	France
en:savoy-cabbage	ecobalyse_id:en	ddba1d97-7db9-4ab6-8bc7-43891f69b02c
en:savoy-cabbage	ecobalyse_scenario:en	reference
en:savoy-cabbage	ecobalyse_name:fr	Chou vert FR
en:savoy-cabbage	ecobalyse_alias:en	green-cabbage-fr
en:savoy-cabbage	ecobalyse_default_origin:en	France
en:savoy-cabbage	ecobalyse_labels_en_organic_id:en	d85fd30e-a235-5d74-99b7-e59a5f4bcd27
en:savoy-cabbage	ecobalyse_labels_en_organic_scenario:en	organic
en:savoy-cabbage	ecobalyse_labels_en_organic_name:fr	Chou vert Bio
en:savoy-cabbage	ecobalyse_labels_en_organic_alias:en	green-cabbage-organic
en:savoy-cabbage	ecobalyse_labels_en_organic_default_origin:en	France
en:savoy-cabbage	ecobalyse_density_g_per_ml:en	0.9
en:savoy-cabbage	ecobalyse_crop_group:en	LEGUMES-FLEURS
en:savoy-cabbage	ecobalyse_category:en	vegetable_fresh
en:savoy-cabbage	ecobalyse_raw_to_cooked_ratio:en	0.856
en:savoy-cabbage	ecobalyse_inedible_part:en	0.2
en:savoy-cabbage	ecobalyse_transport_cooling:en	always
en:minced-beef	ecobalyse_scenario:en	import
en:minced-beef	ecobalyse_name:fr	Boeuf haché cru par défaut (2025)
en:minced-beef	ecobalyse_alias:en	ground-beef-feedlot-2025
en:minced-beef	ecobalyse_default_origin:en	OutOfEuropeAndMaghreb
en:minced-beef	ecobalyse_labels_en_organic_scenario:en	organic
en:minced-beef	ecobalyse_labels_en_organic_name:fr	Boeuf haché cru Bio (2025)
en:minced-beef	ecobalyse_labels_en_organic_alias:en	ground-beef-organic-2025
en:minced-beef	ecobalyse_labels_en_organic_default_origin:en	France
en:minced-beef	ecobalyse_origins_en_france_scenario:en	reference
en:minced-beef	ecobalyse_origins_en_france_name:fr	Boeuf haché cru FR (2025)
en:minced-beef	ecobalyse_origins_en_france_alias:en	ground-beef-2025
en:minced-beef	ecobalyse_origins_en_france_default_origin:en	France
en:minced-beef	ecobalyse_density_g_per_ml:en	1
en:minced-beef	ecobalyse_category:en	animal_product
en:minced-beef	ecobalyse_raw_to_cooked_ratio:en	0.792
en:minced-beef	ecobalyse_inedible_part:en	0
en:minced-beef	ecobalyse_transport_cooling:en	always
en:gruyere	ecobalyse_id:en	0db53c94-9dcf-449f-9a2e-c45b189d46ee
en:gruyere	ecobalyse_density_g_per_ml:en	1
en:gruyere	ecobalyse_category:en	dairy_product
en:gruyere	ecobalyse_raw_to_cooked_ratio:en	1
en:gruyere	ecobalyse_inedible_part:en	0
en:gruyere	ecobalyse_transport_cooling:en	always
en:guava	ecobalyse_id:en	9843e808-978d-5e45-89b2-1c076851386c
en:guava	ecobalyse_density_g_per_ml:en	0.85
en:guava	ecobalyse_crop_group:en	VERGERS
en:guava	ecobalyse_category:en	vegetable_fresh
en:guava	ecobalyse_raw_to_cooked_ratio:en	0.856
en:guava	ecobalyse_inedible_part:en	0.2
en:guava	ecobalyse_transport_cooling:en	always
en:guava	ecobalyse_origins_en_european_union_id:en	f31cbb4f-43af-5cce-b051-ff267866080f
en:guava	ecobalyse_origins_en_european_union_scenario:en	import
en:guava	ecobalyse_origins_en_european_union_name:fr	Goyave UE Antilles
en:guava	ecobalyse_origins_en_european_union_alias:en	guava-eu-antilles
en:guava	ecobalyse_origins_en_european_union_default_origin:en	EuropeAndMaghreb
en:guava	ecobalyse_labels_en_organic_origins_en_france_id:en	0ff43c5e-4c52-50d4-aee0-4c18b6560fed
en:guava	ecobalyse_labels_en_organic_origins_en_france_scenario:en	organic
en:guava	ecobalyse_labels_en_organic_origins_en_france_name:fr	Goyave Bio
en:guava	ecobalyse_labels_en_organic_origins_en_france_alias:en	guava-organic
en:guava	ecobalyse_labels_en_organic_origins_en_france_default_origin:en	France
en:guava	ecobalyse_origins_en_france_id:en	2fb07093-8bbd-5748-bc27-ab3220d5cbc1
en:guava	ecobalyse_origins_en_france_scenario:en	reference
en:guava	ecobalyse_origins_en_france_name:fr	Goyave FR
en:guava	ecobalyse_origins_en_france_alias:en	guava-fr
en:guava	ecobalyse_origins_en_france_default_origin:en	France
en:hazelnut	ecobalyse_id:en	4d7a741d-4bd7-4b39-8648-1f9a2f719eac
en:hazelnut	ecobalyse_scenario:en	import
en:hazelnut	ecobalyse_name:fr	Noisette décortiquée par défaut (2025)
en:hazelnut	ecobalyse_alias:en	hazelnut-unshelled-non-eu-2025
en:hazelnut	ecobalyse_default_origin:en	OutOfEuropeAndMaghreb
en:hazelnut	ecobalyse_origins_en_european_union_id:en	3af43703-cba3-4992-837c-a1392b5c6221
en:hazelnut	ecobalyse_origins_en_european_union_scenario:en	import
en:hazelnut	ecobalyse_origins_en_european_union_name:fr	Noisette décortiquée UE (2025)
en:hazelnut	ecobalyse_origins_en_european_union_alias:en	hazelnut-unshelled-eu-2025
en:hazelnut	ecobalyse_origins_en_european_union_default_origin:en	EuropeAndMaghreb
en:honey	ecobalyse_id:en	ebe04fb4-bd9f-52c4-a4d1-89105ae13bf2
en:honey	ecobalyse_density_g_per_ml:en	1.05
en:honey	ecobalyse_category:en	animal_product
en:honey	ecobalyse_raw_to_cooked_ratio:en	1
en:honey	ecobalyse_inedible_part:en	0.4
en:honey	ecobalyse_transport_cooling:en	always
en:honey	ecobalyse_origins_en_france_id:en	87accb8f-37c1-4364-873a-5e8e67fd5811
en:honey	ecobalyse_origins_en_france_scenario:en	reference
en:honey	ecobalyse_origins_en_france_name:fr	Miel FR
en:honey	ecobalyse_origins_en_france_alias:en	honey-fr
en:honey	ecobalyse_origins_en_france_default_origin:en	France
en:jerusalem-artichoke	ecobalyse_id:en	def22b3d-6c34-53a7-a594-942a798c0e8f
en:jerusalem-artichoke	ecobalyse_density_g_per_ml:en	0.9
en:jerusalem-artichoke	ecobalyse_crop_group:en	LEGUMES-FLEURS
en:jerusalem-artichoke	ecobalyse_category:en	vegetable_fresh
en:jerusalem-artichoke	ecobalyse_raw_to_cooked_ratio:en	0.856
en:jerusalem-artichoke	ecobalyse_inedible_part:en	0.1
en:jerusalem-artichoke	ecobalyse_transport_cooling:en	always
en:jerusalem-artichoke	ecobalyse_labels_en_organic_origins_en_france_id:en	75ed0259-cf57-50dc-9c5c-f2a3b090df85
en:jerusalem-artichoke	ecobalyse_labels_en_organic_origins_en_france_scenario:en	organic
en:jerusalem-artichoke	ecobalyse_labels_en_organic_origins_en_france_name:fr	Topinambour Bio
en:jerusalem-artichoke	ecobalyse_labels_en_organic_origins_en_france_alias:en	jerusalem-artichoke-organic
en:jerusalem-artichoke	ecobalyse_labels_en_organic_origins_en_france_default_origin:en	France
en:jerusalem-artichoke	ecobalyse_origins_en_france_id:en	dd97d0a6-dcac-5dee-8af0-bbbe28a47bcf
en:jerusalem-artichoke	ecobalyse_origins_en_france_scenario:en	reference
en:jerusalem-artichoke	ecobalyse_origins_en_france_name:fr	Topinambour FR
en:jerusalem-artichoke	ecobalyse_origins_en_france_alias:en	jerusalem-artichoke-fr
en:jerusalem-artichoke	ecobalyse_origins_en_france_default_origin:en	France
en:kiwifruit	ecobalyse_scenario:en	import
en:kiwifruit	ecobalyse_name:fr	Kiwi par défaut (2025)
en:kiwifruit	ecobalyse_alias:en	kiwi-non-eu-2025
en:kiwifruit	ecobalyse_default_origin:en	OutOfEuropeAndMaghreb
en:kiwifruit	ecobalyse_origins_en_european_union_scenario:en	import
en:kiwifruit	ecobalyse_origins_en_european_union_name:fr	Kiwi UE (2025)
en:kiwifruit	ecobalyse_origins_en_european_union_alias:en	kiwi-eu-2025
en:kiwifruit	ecobalyse_origins_en_european_union_default_origin:en	EuropeAndMaghreb
en:kiwifruit	ecobalyse_origins_en_france_scenario:en	reference
en:kiwifruit	ecobalyse_origins_en_france_name:fr	Kiwi FR
en:kiwifruit	ecobalyse_origins_en_france_alias:en	kiwi-fr
en:kiwifruit	ecobalyse_origins_en_france_default_origin:en	France
en:kiwifruit	ecobalyse_density_g_per_ml:en	0.447
en:kiwifruit	ecobalyse_crop_group:en	VERGERS
en:kiwifruit	ecobalyse_category:en	vegetable_fresh
en:kiwifruit	ecobalyse_raw_to_cooked_ratio:en	0.856
en:kiwifruit	ecobalyse_inedible_part:en	0.1
en:kiwifruit	ecobalyse_transport_cooling:en	always
en:kohlrabi	ecobalyse_id:en	c4cc3679-d5b2-5d2e-a088-1d53b2ee4375
en:kohlrabi	ecobalyse_density_g_per_ml:en	0.9
en:kohlrabi	ecobalyse_crop_group:en	LEGUMES-FLEURS
en:kohlrabi	ecobalyse_category:en	vegetable_fresh
en:kohlrabi	ecobalyse_raw_to_cooked_ratio:en	0.856
en:kohlrabi	ecobalyse_inedible_part:en	0.2
en:kohlrabi	ecobalyse_transport_cooling:en	always
en:kohlrabi	ecobalyse_labels_en_organic_origins_en_france_id:en	93dc71ae-efe5-5511-8178-d461250f22d6
en:kohlrabi	ecobalyse_labels_en_organic_origins_en_france_scenario:en	organic
en:kohlrabi	ecobalyse_labels_en_organic_origins_en_france_name:fr	Chou-rave Bio
en:kohlrabi	ecobalyse_labels_en_organic_origins_en_france_alias:en	kohlrabi-organic
en:kohlrabi	ecobalyse_labels_en_organic_origins_en_france_default_origin:en	France
en:kohlrabi	ecobalyse_origins_en_france_id:en	87f793a0-de4e-5819-91bb-b67d7c2b52b2
en:kohlrabi	ecobalyse_origins_en_france_scenario:en	reference
en:kohlrabi	ecobalyse_origins_en_france_name:fr	Chou-rave FR
en:kohlrabi	ecobalyse_origins_en_france_alias:en	kohlrabi-fr
en:kohlrabi	ecobalyse_origins_en_france_default_origin:en	France
en:kumquat	ecobalyse_id:en	444b178e-2284-524a-894c-f5a5146c1755
en:kumquat	ecobalyse_density_g_per_ml:en	0.85
en:kumquat	ecobalyse_crop_group:en	VERGERS
en:kumquat	ecobalyse_category:en	vegetable_fresh
en:kumquat	ecobalyse_raw_to_cooked_ratio:en	0.856
en:kumquat	ecobalyse_inedible_part:en	0.2
en:kumquat	ecobalyse_transport_cooling:en	always
en:kumquat	ecobalyse_labels_en_organic_origins_en_france_id:en	bfbc9e3d-6c73-51ad-8938-04d9a56811a8
en:kumquat	ecobalyse_labels_en_organic_origins_en_france_scenario:en	organic
en:kumquat	ecobalyse_labels_en_organic_origins_en_france_name:fr	Kumquat Bio
en:kumquat	ecobalyse_labels_en_organic_origins_en_france_alias:en	kumquat-organic
en:kumquat	ecobalyse_labels_en_organic_origins_en_france_default_origin:en	France
en:kumquat	ecobalyse_origins_en_france_id:en	6caaa004-8117-50c2-9977-8511cbb3e23f
en:kumquat	ecobalyse_origins_en_france_scenario:en	reference
en:kumquat	ecobalyse_origins_en_france_name:fr	Kumquat FR
en:kumquat	ecobalyse_origins_en_france_alias:en	kumquat-fr
en:kumquat	ecobalyse_origins_en_france_default_origin:en	France
en:leek	ecobalyse_id:en	1d31a371-690d-41dd-9615-2e58bac40e62
en:leek	ecobalyse_scenario:en	reference
en:leek	ecobalyse_name:fr	Poireau FR
en:leek	ecobalyse_alias:en	leek-fr
en:leek	ecobalyse_default_origin:en	France
en:leek	ecobalyse_labels_en_organic_id:en	39684b70-725c-5245-8c76-d5e1133b027b
en:leek	ecobalyse_labels_en_organic_scenario:en	organic
en:leek	ecobalyse_labels_en_organic_name:fr	Poireau Bio
en:leek	ecobalyse_labels_en_organic_alias:en	leek-organic
en:leek	ecobalyse_labels_en_organic_default_origin:en	France
en:leek	ecobalyse_density_g_per_ml:en	0.9
en:leek	ecobalyse_crop_group:en	LEGUMES-FLEURS
en:leek	ecobalyse_category:en	vegetable_fresh
en:leek	ecobalyse_raw_to_cooked_ratio:en	0.856
en:leek	ecobalyse_inedible_part:en	0.2
en:leek	ecobalyse_transport_cooling:en	always
en:lemon	ecobalyse_scenario:en	import
en:lemon	ecobalyse_name:fr	Citron UE (2025)
en:lemon	ecobalyse_alias:en	lemon-eu-2025
en:lemon	ecobalyse_default_origin:en	EuropeAndMaghreb
en:lemon	ecobalyse_labels_en_organic_id:en	6ece5452-42de-4e0a-8c70-1d305e614cc8
en:lemon	ecobalyse_labels_en_organic_scenario:en	import
en:lemon	ecobalyse_labels_en_organic_name:fr	Citron UE (2025)
en:lemon	ecobalyse_labels_en_organic_alias:en	lemon-eu-2025
en:lemon	ecobalyse_labels_en_organic_default_origin:en	EuropeAndMaghreb
en:lemon	ecobalyse_density_g_per_ml:en	0.575
en:lemon	ecobalyse_crop_group:en	VERGERS
en:lemon	ecobalyse_category:en	vegetable_fresh
en:lemon	ecobalyse_raw_to_cooked_ratio:en	0.856
en:lemon	ecobalyse_inedible_part:en	0.3
en:lemon	ecobalyse_transport_cooling:en	always
en:lemon-juice	ecobalyse_id:en	fd79d142-7e34-45a4-a0d1-59922b4c8d09
en:lemon-juice	ecobalyse_density_g_per_ml:en	1
en:lemon-juice	ecobalyse_crop_group:en	AUTRES CULTURES INDUSTRIELLES
en:lemon-juice	ecobalyse_category:en	vegetable_processed
en:lemon-juice	ecobalyse_raw_to_cooked_ratio:en	1
en:lemon-juice	ecobalyse_inedible_part:en	0
en:lemon-juice	ecobalyse_transport_cooling:en	always
en:lentils	ecobalyse_id:en	d0cd6516-40b9-40ce-b632-63c3a0ed14c1
en:lentils	ecobalyse_scenario:en	import
en:lentils	ecobalyse_name:fr	Lentilles UE (2025)
en:lentils	ecobalyse_alias:en	lentils-uncooked-eu-2025
en:lentils	ecobalyse_default_origin:en	EuropeAndMaghreb
en:lentils	ecobalyse_origins_en_france_id:en	e3833045-a0a4-48c7-ab73-5a01834b0219
en:lentils	ecobalyse_origins_en_france_scenario:en	reference
en:lentils	ecobalyse_origins_en_france_name:fr	Lentilles FR (2025)
en:lentils	ecobalyse_origins_en_france_alias:en	lentils-uncooked-fr-2025
en:lentils	ecobalyse_origins_en_france_default_origin:en	France
en:lettuce	ecobalyse_scenario:en	import
en:lettuce	ecobalyse_name:fr	Laitue par défaut (2025)
en:lettuce	ecobalyse_alias:en	lettuce-non-eu-2025
en:lettuce	ecobalyse_default_origin:en	OutOfEuropeAndMaghreb
en:lettuce	ecobalyse_labels_en_organic_scenario:en	organic
en:lettuce	ecobalyse_labels_en_organic_name:fr	Laitue Bio (2025)
en:lettuce	ecobalyse_labels_en_organic_alias:en	lettuce-organic-2025
en:lettuce	ecobalyse_labels_en_organic_default_origin:en	France
en:lettuce	ecobalyse_origins_en_european_union_scenario:en	import
en:lettuce	ecobalyse_origins_en_european_union_name:fr	Laitue UE (2025)
en:lettuce	ecobalyse_origins_en_european_union_alias:en	lettuce-eu-2025
en:lettuce	ecobalyse_origins_en_european_union_default_origin:en	EuropeAndMaghreb
en:lettuce	ecobalyse_origins_en_france_scenario:en	reference
en:lettuce	ecobalyse_origins_en_france_name:fr	Laitue FR (2025)
en:lettuce	ecobalyse_origins_en_france_alias:en	lettuce-fr-2025
en:lettuce	ecobalyse_origins_en_france_default_origin:en	France
en:lettuce	ecobalyse_density_g_per_ml:en	0.118
en:lettuce	ecobalyse_crop_group:en	LEGUMES-FLEURS
en:lettuce	ecobalyse_category:en	vegetable_fresh
en:lettuce	ecobalyse_raw_to_cooked_ratio:en	0.856
en:lettuce	ecobalyse_inedible_part:en	0.4
en:lettuce	ecobalyse_transport_cooling:en	always
en:lima-bean	ecobalyse_id:en	3a3a72d4-8df1-5c4b-987c-30594730d724
en:lima-bean	ecobalyse_density_g_per_ml:en	0.8
en:lima-bean	ecobalyse_crop_group:en	LEGUMINEUSES A GRAIN
en:lima-bean	ecobalyse_category:en	vegetable_fresh
en:lima-bean	ecobalyse_raw_to_cooked_ratio:en	0.856
en:lima-bean	ecobalyse_inedible_part:en	0.2
en:lima-bean	ecobalyse_transport_cooling:en	always
en:lima-bean	ecobalyse_labels_en_organic_origins_en_france_id:en	81402397-f98a-5fbe-8ce0-93ee600a1bf5
en:lima-bean	ecobalyse_labels_en_organic_origins_en_france_scenario:en	organic
en:lima-bean	ecobalyse_labels_en_organic_origins_en_france_name:fr	Haricots de Lima Bio
en:lima-bean	ecobalyse_labels_en_organic_origins_en_france_alias:en	lima-bean-organic
en:lima-bean	ecobalyse_labels_en_organic_origins_en_france_default_origin:en	France
en:lupin-bean	ecobalyse_id:en	9dd4a557-f3f6-5bbb-8410-2e8a2dfc1441
en:lupin-bean	ecobalyse_density_g_per_ml:en	0.8
en:lupin-bean	ecobalyse_crop_group:en	PROTEAGINEUX
en:lupin-bean	ecobalyse_category:en	vegetable_fresh
en:lupin-bean	ecobalyse_raw_to_cooked_ratio:en	0.856
en:lupin-bean	ecobalyse_inedible_part:en	0.2
en:lupin-bean	ecobalyse_transport_cooling:en	always
en:lupin-bean	ecobalyse_labels_en_organic_origins_en_france_id:en	2c48a538-0bc0-5bdd-bf8b-af41a2afb8dd
en:lupin-bean	ecobalyse_labels_en_organic_origins_en_france_scenario:en	organic
en:lupin-bean	ecobalyse_labels_en_organic_origins_en_france_name:fr	Lupin Bio
en:lupin-bean	ecobalyse_labels_en_organic_origins_en_france_alias:en	lupin-organic
en:lupin-bean	ecobalyse_labels_en_organic_origins_en_france_default_origin:en	France
en:lupin-bean	ecobalyse_origins_en_france_id:en	6a32db57-42bb-501f-8430-049619e88827
en:lupin-bean	ecobalyse_origins_en_france_scenario:en	reference
en:lupin-bean	ecobalyse_origins_en_france_name:fr	Lupin FR
en:lupin-bean	ecobalyse_origins_en_france_alias:en	lupin-fr
en:lupin-bean	ecobalyse_origins_en_france_default_origin:en	France
en:lychee	ecobalyse_scenario:en	import
en:lychee	ecobalyse_name:fr	Litchi par défaut (2025)
en:lychee	ecobalyse_alias:en	lychee-non-eu-2025
en:lychee	ecobalyse_default_origin:en	OutOfEuropeAndMaghreb
en:lychee	ecobalyse_labels_en_organic_id:en	d28fd59a-ae07-5813-b707-c9329ffc39ed
en:lychee	ecobalyse_labels_en_organic_scenario:en	reference
en:lychee	ecobalyse_labels_en_organic_name:fr	Litchi FR Outre-Mer
en:lychee	ecobalyse_labels_en_organic_alias:en	lychee-fr-overseas
en:lychee	ecobalyse_labels_en_organic_default_origin:en	FranceOutreMer
en:lychee	ecobalyse_density_g_per_ml:en	0.447
en:lychee	ecobalyse_crop_group:en	VERGERS
en:lychee	ecobalyse_category:en	vegetable_fresh
en:lychee	ecobalyse_raw_to_cooked_ratio:en	0.856
en:lychee	ecobalyse_inedible_part:en	0.2
en:lychee	ecobalyse_transport_cooling:en	always
en:macadamia-nut	ecobalyse_id:en	6963d6d9-c94b-5b65-b4f9-1d88f2a76f0e
en:macadamia-nut	ecobalyse_density_g_per_ml:en	0.6
en:macadamia-nut	ecobalyse_crop_group:en	FRUITS A COQUES
en:macadamia-nut	ecobalyse_category:en	nut_oilseed_raw
en:macadamia-nut	ecobalyse_raw_to_cooked_ratio:en	1
en:macadamia-nut	ecobalyse_inedible_part:en	0.5
en:macadamia-nut	ecobalyse_transport_cooling:en	none
en:macadamia-nut	ecobalyse_origins_en_france_id:en	9519cadf-178f-5d87-bbb0-8c1ebae84f41
en:macadamia-nut	ecobalyse_origins_en_france_scenario:en	reference
en:macadamia-nut	ecobalyse_origins_en_france_name:fr	Noix de macadamia FR
en:macadamia-nut	ecobalyse_origins_en_france_alias:en	macadamia-nut-fr
en:macadamia-nut	ecobalyse_origins_en_france_default_origin:en	France
en:mandarin	ecobalyse_scenario:en	import
en:mandarin	ecobalyse_name:fr	Mandarine par défaut (2025)
en:mandarin	ecobalyse_alias:en	mandarin-non-eu-2025
en:mandarin	ecobalyse_default_origin:en	OutOfEuropeAndMaghreb
en:mandarin	ecobalyse_density_g_per_ml:en	0.575
en:mandarin	ecobalyse_crop_group:en	VERGERS
en:mandarin	ecobalyse_category:en	vegetable_fresh
en:mandarin	ecobalyse_raw_to_cooked_ratio:en	0.856
en:mandarin	ecobalyse_inedible_part:en	0.2
en:mandarin	ecobalyse_transport_cooling:en	always
en:mango	ecobalyse_scenario:en	import
en:mango	ecobalyse_name:fr	Mangue par défaut (2025)
en:mango	ecobalyse_alias:en	mango-non-eu-2025
en:mango	ecobalyse_default_origin:en	OutOfEuropeAndMaghrebByPlane
en:mango	ecobalyse_labels_en_organic_id:en	5d39ed23-3000-54af-9c47-6954802a3cf5
en:mango	ecobalyse_labels_en_organic_scenario:en	reference
en:mango	ecobalyse_labels_en_organic_name:fr	Mangue FR Outre-Mer
en:mango	ecobalyse_labels_en_organic_alias:en	mango-fr-overseas
en:mango	ecobalyse_labels_en_organic_default_origin:en	FranceOutreMer
en:mango	ecobalyse_density_g_per_ml:en	0.447
en:mango	ecobalyse_crop_group:en	VERGERS
en:mango	ecobalyse_category:en	vegetable_fresh
en:mango	ecobalyse_raw_to_cooked_ratio:en	0.856
en:mango	ecobalyse_inedible_part:en	0.2
en:mango	ecobalyse_transport_cooling:en	always
en:melon	ecobalyse_scenario:en	import
en:melon	ecobalyse_name:fr	Melon par défaut (2025)
en:melon	ecobalyse_alias:en	melon-non-eu-2025
en:melon	ecobalyse_default_origin:en	OutOfEuropeAndMaghreb
en:melon	ecobalyse_labels_en_organic_scenario:en	organic
en:melon	ecobalyse_labels_en_organic_name:fr	Melon Bio (2025)
en:melon	ecobalyse_labels_en_organic_alias:en	melon-organic-2025
en:melon	ecobalyse_labels_en_organic_default_origin:en	France
en:melon	ecobalyse_origins_en_france_scenario:en	reference
en:melon	ecobalyse_origins_en_france_name:fr	Melon FR (2025)
en:melon	ecobalyse_origins_en_france_alias:en	melon-fr-2025
en:melon	ecobalyse_origins_en_france_default_origin:en	France
en:melon	ecobalyse_density_g_per_ml:en	0.447
en:melon	ecobalyse_crop_group:en	LEGUMES-FLEURS
en:melon	ecobalyse_category:en	vegetable_fresh
en:melon	ecobalyse_raw_to_cooked_ratio:en	0.856
en:melon	ecobalyse_inedible_part:en	0.4
en:melon	ecobalyse_transport_cooling:en	none
en:milk	ecobalyse_scenario:en	reference
en:milk	ecobalyse_name:fr	Lait FR (2025)
en:milk	ecobalyse_alias:en	milk-2025
en:milk	ecobalyse_default_origin:en	France
en:milk	ecobalyse_labels_en_organic_scenario:en	organic
en:milk	ecobalyse_labels_en_organic_name:fr	Lait Bio
en:milk	ecobalyse_labels_en_organic_alias:en	cow-milk-organic
en:milk	ecobalyse_labels_en_organic_default_origin:en	France
en:milk	ecobalyse_density_g_per_ml:en	1
en:milk	ecobalyse_category:en	dairy_product
en:milk	ecobalyse_raw_to_cooked_ratio:en	1
en:milk	ecobalyse_inedible_part:en	0
en:milk	ecobalyse_transport_cooling:en	always
en:milk-powder	ecobalyse_scenario:en	reference
en:milk-powder	ecobalyse_name:fr	Poudre de lait écrémé FR (2025)
en:milk-powder	ecobalyse_alias:en	milk-powder-2025
en:milk-powder	ecobalyse_default_origin:en	France
en:milk-powder	ecobalyse_density_g_per_ml:en	0.24
en:milk-powder	ecobalyse_category:en	dairy_product
en:milk-powder	ecobalyse_raw_to_cooked_ratio:en	1
en:milk-powder	ecobalyse_inedible_part:en	0
en:milk-powder	ecobalyse_transport_cooling:en	none
en:mimolette	ecobalyse_id:en	dedfd5eb-6ec4-44d5-9586-e14b4f6631a1
en:mimolette	ecobalyse_density_g_per_ml:en	1
en:mimolette	ecobalyse_category:en	dairy_product
en:mimolette	ecobalyse_raw_to_cooked_ratio:en	1
en:mimolette	ecobalyse_inedible_part:en	0
en:mimolette	ecobalyse_transport_cooling:en	always
en:mint	ecobalyse_id:en	d4a10667-ce93-5a47-a1c4-f1af001850f8
en:mint	ecobalyse_density_g_per_ml:en	0.9
en:mint	ecobalyse_crop_group:en	AUTRES CULTURES INDUSTRIELLES
en:mint	ecobalyse_category:en	vegetable_fresh
en:mint	ecobalyse_raw_to_cooked_ratio:en	0.856
en:mint	ecobalyse_inedible_part:en	0.1
en:mint	ecobalyse_transport_cooling:en	always
en:mint	ecobalyse_origins_en_france_id:en	fea15bdb-4ecd-5ce8-8783-9fd6ba06aa41
en:mint	ecobalyse_origins_en_france_scenario:en	reference
en:mint	ecobalyse_origins_en_france_name:fr	Menthe FR
en:mint	ecobalyse_origins_en_france_alias:en	mint-fr
en:mint	ecobalyse_origins_en_france_default_origin:en	France
en:mozzarella	ecobalyse_scenario:en	reference
en:mozzarella	ecobalyse_name:fr	Mozzarella FR (2025)
en:mozzarella	ecobalyse_alias:en	mozzarella-2025
en:mozzarella	ecobalyse_default_origin:en	France
en:mozzarella	ecobalyse_density_g_per_ml:en	1
en:mozzarella	ecobalyse_category:en	dairy_product
en:mozzarella	ecobalyse_raw_to_cooked_ratio:en	1
en:mozzarella	ecobalyse_inedible_part:en	0
en:mozzarella	ecobalyse_transport_cooling:en	always
en:munster	ecobalyse_id:en	7251209a-43b4-45c2-9925-129919e3c7a3
en:munster	ecobalyse_density_g_per_ml:en	1
en:munster	ecobalyse_category:en	dairy_product
en:munster	ecobalyse_raw_to_cooked_ratio:en	1
en:munster	ecobalyse_inedible_part:en	0
en:munster	ecobalyse_transport_cooling:en	always
en:mushroom	ecobalyse_id:en	5d22559d-c16d-4545-94b9-be2ff51e2879
en:mushroom	ecobalyse_scenario:en	import
en:mushroom	ecobalyse_name:fr	Champignon frais UE (2025)
en:mushroom	ecobalyse_alias:en	mushroom-eu-2025
en:mushroom	ecobalyse_default_origin:en	EuropeAndMaghreb
en:mustard	ecobalyse_id:en	d87bdd32-d698-4044-ae20-15b96c65f680
en:mustard	ecobalyse_density_g_per_ml:en	0.24
en:mustard	ecobalyse_crop_group:en	LEGUMINEUSES A GRAIN
en:mustard	ecobalyse_category:en	spice_condiment_additive
en:mustard	ecobalyse_raw_to_cooked_ratio:en	0.856
en:mustard	ecobalyse_inedible_part:en	0.1
en:mustard	ecobalyse_transport_cooling:en	none
en:mustard-seed	ecobalyse_id:en	916b5e85-7f90-5c74-ad85-d716518d04ac
en:mustard-seed	ecobalyse_density_g_per_ml:en	1
en:mustard-seed	ecobalyse_crop_group:en	AUTRES CULTURES INDUSTRIELLES
en:mustard-seed	ecobalyse_category:en	spice_condiment_additive
en:mustard-seed	ecobalyse_raw_to_cooked_ratio:en	1
en:mustard-seed	ecobalyse_inedible_part:en	0
en:mustard-seed	ecobalyse_transport_cooling:en	none
en:mustard-seed	ecobalyse_origins_en_france_id:en	c54d2b99-33f7-5b69-b18e-61f15c17b6e9
en:mustard-seed	ecobalyse_origins_en_france_scenario:en	reference
en:mustard-seed	ecobalyse_origins_en_france_name:fr	Graines de moutarde FR
en:mustard-seed	ecobalyse_origins_en_france_alias:en	mustard-seed-fr
en:mustard-seed	ecobalyse_origins_en_france_default_origin:en	France
en:nectarine	ecobalyse_id:en	c08197ea-6916-5882-93b6-512cbfb3442d
en:nectarine	ecobalyse_density_g_per_ml:en	0.85
en:nectarine	ecobalyse_crop_group:en	VERGERS
en:nectarine	ecobalyse_category:en	vegetable_fresh
en:nectarine	ecobalyse_raw_to_cooked_ratio:en	0.856
en:nectarine	ecobalyse_inedible_part:en	0.2
en:nectarine	ecobalyse_transport_cooling:en	always
en:nectarine	ecobalyse_labels_en_organic_origins_en_france_id:en	1948c3b2-24b6-54fc-99cf-be08d8499549
en:nectarine	ecobalyse_labels_en_organic_origins_en_france_scenario:en	organic
en:nectarine	ecobalyse_labels_en_organic_origins_en_france_name:fr	Nectarine Bio
en:nectarine	ecobalyse_labels_en_organic_origins_en_france_alias:en	nectarine-organic
en:nectarine	ecobalyse_labels_en_organic_origins_en_france_default_origin:en	France
en:nectarine	ecobalyse_origins_en_france_id:en	7cd66c2a-0af8-538c-82fb-cbb4242fbb0f
en:nectarine	ecobalyse_origins_en_france_scenario:en	reference
en:nectarine	ecobalyse_origins_en_france_name:fr	Nectarine FR
en:nectarine	ecobalyse_origins_en_france_alias:en	nectarine-fr
en:nectarine	ecobalyse_origins_en_france_default_origin:en	France
en:new-zealand-spinach	ecobalyse_id:en	c4db2f94-c02c-500d-a8eb-db59e18cd66a
en:new-zealand-spinach	ecobalyse_density_g_per_ml:en	0.9
en:new-zealand-spinach	ecobalyse_crop_group:en	LEGUMES-FLEURS
en:new-zealand-spinach	ecobalyse_category:en	vegetable_fresh
en:new-zealand-spinach	ecobalyse_raw_to_cooked_ratio:en	0.856
en:new-zealand-spinach	ecobalyse_inedible_part:en	0.03
en:new-zealand-spinach	ecobalyse_transport_cooling:en	always
en:nutmeg	ecobalyse_id:en	469ee3c2-91c3-5eb2-a9a1-f6d06acdc029
en:nutmeg	ecobalyse_density_g_per_ml:en	0.5
en:nutmeg	ecobalyse_crop_group:en	DIVERS
en:nutmeg	ecobalyse_category:en	spice_condiment_additive
en:nutmeg	ecobalyse_raw_to_cooked_ratio:en	1
en:nutmeg	ecobalyse_inedible_part:en	0
en:nutmeg	ecobalyse_transport_cooling:en	none
en:oat-flour	ecobalyse_id:en	c39d5c50-74c3-4841-9c57-b615e65c54eb
en:oat-flour	ecobalyse_density_g_per_ml:en	1
en:oat-flour	ecobalyse_crop_group:en	AUTRES CEREALES
en:oat-flour	ecobalyse_category:en	grain_processed
en:oat-flour	ecobalyse_raw_to_cooked_ratio:en	1
en:oat-flour	ecobalyse_inedible_part:en	0
en:oat-flour	ecobalyse_transport_cooling:en	always
en:oat	ecobalyse_id:en	e719842d-21ec-5ece-bad3-0aff765e3a88
en:oat	ecobalyse_density_g_per_ml:en	0.41
en:oat	ecobalyse_crop_group:en	AUTRES CEREALES
en:oat	ecobalyse_category:en	grain_raw
en:oat	ecobalyse_raw_to_cooked_ratio:en	2.259
en:oat	ecobalyse_inedible_part:en	0
en:oat	ecobalyse_transport_cooling:en	none
en:oat	ecobalyse_labels_en_organic_origins_en_france_id:en	b837dc4f-3e6a-5471-a0d2-12a3080f7893
en:oat	ecobalyse_labels_en_organic_origins_en_france_scenario:en	organic
en:oat	ecobalyse_labels_en_organic_origins_en_france_name:fr	Avoine Bio
en:oat	ecobalyse_labels_en_organic_origins_en_france_alias:en	oats-organic
en:oat	ecobalyse_labels_en_organic_origins_en_france_default_origin:en	France
en:oat	ecobalyse_origins_en_france_id:en	55147267-9677-534a-ae6b-dae3bcb0b741
en:oat	ecobalyse_origins_en_france_scenario:en	reference
en:oat	ecobalyse_origins_en_france_name:fr	Avoine FR
en:oat	ecobalyse_origins_en_france_alias:en	oats-fr
en:oat	ecobalyse_origins_en_france_default_origin:en	France
en:okra	ecobalyse_id:en	26a15854-6a37-5d44-9d96-afb9c9db86bf
en:okra	ecobalyse_density_g_per_ml:en	0.9
en:okra	ecobalyse_crop_group:en	LEGUMES-FLEURS
en:okra	ecobalyse_category:en	vegetable_fresh
en:okra	ecobalyse_raw_to_cooked_ratio:en	0.856
en:okra	ecobalyse_inedible_part:en	0.2
en:okra	ecobalyse_transport_cooling:en	always
en:olive	ecobalyse_id:en	c3519237-1565-5c43-b47c-a8cc2e002540
en:olive	ecobalyse_scenario:en	import
en:olive	ecobalyse_name:fr	Olives UE
en:olive	ecobalyse_alias:en	olive-eu
en:olive	ecobalyse_default_origin:en	EuropeAndMaghreb
en:olive	ecobalyse_density_g_per_ml:en	0.65
en:olive	ecobalyse_crop_group:en	OLIVIERS
en:olive	ecobalyse_category:en	vegetable_fresh
en:olive	ecobalyse_raw_to_cooked_ratio:en	0.856
en:olive	ecobalyse_inedible_part:en	0.5
en:olive	ecobalyse_transport_cooling:en	always
en:olive-oil	ecobalyse_scenario:en	import
en:olive-oil	ecobalyse_name:fr	Huile d'olive UE (2025)
en:olive-oil	ecobalyse_alias:en	olive-oil-eu-2025
en:olive-oil	ecobalyse_default_origin:en	EuropeAndMaghreb
en:olive-oil	ecobalyse_density_g_per_ml:en	1
en:olive-oil	ecobalyse_crop_group:en	OLIVIERS
en:olive-oil	ecobalyse_category:en	nut_oilseed_processed
en:olive-oil	ecobalyse_raw_to_cooked_ratio:en	1
en:olive-oil	ecobalyse_inedible_part:en	0
en:olive-oil	ecobalyse_transport_cooling:en	none
en:onion	ecobalyse_id:en	23d64366-18f7-5f10-a3a8-6c15176d16a9
en:onion	ecobalyse_scenario:en	import
en:onion	ecobalyse_name:fr	Oignons HORS UE
en:onion	ecobalyse_alias:en	onion-non-eu
en:onion	ecobalyse_default_origin:en	OutOfEuropeAndMaghreb
en:onion	ecobalyse_labels_en_organic_id:en	a2246bd0-9fbf-553e-b745-80d36196eb47
en:onion	ecobalyse_labels_en_organic_scenario:en	organic
en:onion	ecobalyse_labels_en_organic_name:fr	Oignons Bio
en:onion	ecobalyse_labels_en_organic_alias:en	onion-organic
en:onion	ecobalyse_labels_en_organic_default_origin:en	France
en:onion	ecobalyse_origins_en_european_union_id:en	d90b05b5-7cb0-5b0c-b035-014cd9a9e088
en:onion	ecobalyse_origins_en_european_union_scenario:en	import
en:onion	ecobalyse_origins_en_european_union_name:fr	Oignons UE
en:onion	ecobalyse_origins_en_european_union_alias:en	onion-eu
en:onion	ecobalyse_origins_en_european_union_default_origin:en	EuropeAndMaghreb
en:onion	ecobalyse_origins_en_france_id:en	7052cac4-36b5-537f-8a94-f13f30bca235
en:onion	ecobalyse_origins_en_france_scenario:en	reference
en:onion	ecobalyse_origins_en_france_name:fr	Oignons FR
en:onion	ecobalyse_origins_en_france_alias:en	onion-fr
en:onion	ecobalyse_origins_en_france_default_origin:en	France
en:onion	ecobalyse_density_g_per_ml:en	1
en:onion	ecobalyse_crop_group:en	LEGUMES-FLEURS
en:onion	ecobalyse_category:en	vegetable_fresh
en:onion	ecobalyse_raw_to_cooked_ratio:en	0.856
en:onion	ecobalyse_inedible_part:en	0.1
en:onion	ecobalyse_transport_cooling:en	always
en:orange	ecobalyse_scenario:en	import
en:orange	ecobalyse_name:fr	Orange par défaut (2025)
en:orange	ecobalyse_alias:en	orange-non-eu-2025
en:orange	ecobalyse_default_origin:en	OutOfEuropeAndMaghreb
en:orange	ecobalyse_origins_en_european_union_scenario:en	import
en:orange	ecobalyse_origins_en_european_union_name:fr	Orange UE (2025)
en:orange	ecobalyse_origins_en_european_union_alias:en	orange-eu-2025
en:orange	ecobalyse_origins_en_european_union_default_origin:en	EuropeAndMaghreb
en:orange	ecobalyse_density_g_per_ml:en	0.575
en:orange	ecobalyse_crop_group:en	VERGERS
en:orange	ecobalyse_category:en	vegetable_fresh
en:orange	ecobalyse_raw_to_cooked_ratio:en	0.856
en:orange	ecobalyse_inedible_part:en	0.2
en:orange	ecobalyse_transport_cooling:en	always
en:orange-juice	ecobalyse_proxy_id:en	4649b3db-d927-4ea5-baa0-d74fa3c768d2
en:orange-juice	ecobalyse_proxy_density_g_per_ml:en	1
en:orange-juice	ecobalyse_proxy_crop_group:en	AUTRES CULTURES INDUSTRIELLES
en:orange-juice	ecobalyse_proxy_category:en	vegetable_processed
en:orange-juice	ecobalyse_proxy_raw_to_cooked_ratio:en	1
en:orange-juice	ecobalyse_proxy_inedible_part:en	0.2
en:orange-juice	ecobalyse_proxy_transport_cooling:en	always
en:papaya	ecobalyse_id:en	d570f7df-ca64-505b-ac16-da2685b71722
en:papaya	ecobalyse_scenario:en	reference
en:papaya	ecobalyse_name:fr	Papaye FR Outre-Mer
en:papaya	ecobalyse_alias:en	papaya-fr-overseas
en:papaya	ecobalyse_default_origin:en	FranceOutreMer
en:parmigiano-reggiano	ecobalyse_id:en	646aaee7-b9eb-4050-9e2a-0a4015258b1e
en:parmigiano-reggiano	ecobalyse_density_g_per_ml:en	1
en:parmigiano-reggiano	ecobalyse_category:en	dairy_product
en:parmigiano-reggiano	ecobalyse_raw_to_cooked_ratio:en	1
en:parmigiano-reggiano	ecobalyse_inedible_part:en	0
en:parmigiano-reggiano	ecobalyse_transport_cooling:en	always
en:parsnip	ecobalyse_id:en	cf2765a3-3e9b-50c5-b3e0-21a950c5cdce
en:parsnip	ecobalyse_density_g_per_ml:en	0.9
en:parsnip	ecobalyse_crop_group:en	LEGUMES-FLEURS
en:parsnip	ecobalyse_category:en	vegetable_fresh
en:parsnip	ecobalyse_raw_to_cooked_ratio:en	0.856
en:parsnip	ecobalyse_inedible_part:en	0.2
en:parsnip	ecobalyse_transport_cooling:en	always
en:parsnip	ecobalyse_origins_en_france_id:en	e5fb4837-d90a-531f-a827-313c4cae60e2
en:parsnip	ecobalyse_origins_en_france_scenario:en	reference
en:parsnip	ecobalyse_origins_en_france_name:fr	Panais FR
en:parsnip	ecobalyse_origins_en_france_alias:en	parsnip-fr
en:parsnip	ecobalyse_origins_en_france_default_origin:en	France
en:passionfruit	ecobalyse_id:en	37d989fa-d301-591f-95c8-930ae73d3916
en:passionfruit	ecobalyse_density_g_per_ml:en	0.85
en:passionfruit	ecobalyse_crop_group:en	VERGERS
en:passionfruit	ecobalyse_category:en	vegetable_fresh
en:passionfruit	ecobalyse_raw_to_cooked_ratio:en	0.856
en:passionfruit	ecobalyse_inedible_part:en	0.2
en:passionfruit	ecobalyse_transport_cooling:en	always
en:pasta	ecobalyse_id:en	41e0d2c7-b63f-4b64-821b-5102dee75693
en:pasta	ecobalyse_density_g_per_ml:en	0.72
en:pasta	ecobalyse_crop_group:en	BLE TENDRE
en:pasta	ecobalyse_category:en	grain_processed
en:pasta	ecobalyse_raw_to_cooked_ratio:en	2.259
en:pasta	ecobalyse_inedible_part:en	0.2
en:pasta	ecobalyse_transport_cooling:en	none
en:pasta	ecobalyse_origins_en_european_union_id:en	9bead6d1-5941-40b0-ae58-3d51bb690ba8
en:pasta	ecobalyse_origins_en_european_union_scenario:en	import
en:pasta	ecobalyse_origins_en_european_union_name:fr	Pâtes ES (blé GLO + élec ES)
en:pasta	ecobalyse_origins_en_european_union_alias:en	pasta-glo-es
en:pasta	ecobalyse_origins_en_european_union_default_origin:en	EuropeAndMaghreb
en:pasta	ecobalyse_origins_en_france_id:en	06e7ba46-85ba-4475-82d2-a59f847e801d
en:pasta	ecobalyse_origins_en_france_scenario:en	reference
en:pasta	ecobalyse_origins_en_france_name:fr	Pâtes FR
en:pasta	ecobalyse_origins_en_france_alias:en	pasta
en:pasta	ecobalyse_origins_en_france_default_origin:en	France
en:peach	ecobalyse_scenario:en	import
en:peach	ecobalyse_name:fr	Pêche UE (2025)
en:peach	ecobalyse_alias:en	peach-eu-2025
en:peach	ecobalyse_default_origin:en	EuropeAndMaghreb
en:peach	ecobalyse_labels_en_organic_id:en	5f8bd664-0922-5294-a8e1-63ab8c28d86c
en:peach	ecobalyse_labels_en_organic_scenario:en	organic
en:peach	ecobalyse_labels_en_organic_name:fr	Pêches Bio
en:peach	ecobalyse_labels_en_organic_alias:en	peach-organic
en:peach	ecobalyse_labels_en_organic_default_origin:en	France
en:peach	ecobalyse_origins_en_france_scenario:en	reference
en:peach	ecobalyse_origins_en_france_name:fr	Pêche FR (2025)
en:peach	ecobalyse_origins_en_france_alias:en	peach-fr-2025
en:peach	ecobalyse_origins_en_france_default_origin:en	France
en:peach	ecobalyse_density_g_per_ml:en	0.447
en:peach	ecobalyse_crop_group:en	VERGERS
en:peach	ecobalyse_category:en	vegetable_fresh
en:peach	ecobalyse_raw_to_cooked_ratio:en	0.856
en:peach	ecobalyse_inedible_part:en	0.2
en:peach	ecobalyse_transport_cooling:en	none
en:peanut	ecobalyse_id:en	9f90423f-7c10-5aad-bed8-be5ed281aa3a
en:peanut	ecobalyse_scenario:en	import
en:peanut	ecobalyse_name:fr	Arachide HORS UE
en:peanut	ecobalyse_alias:en	peanut-non-eu
en:peanut	ecobalyse_default_origin:en	OutOfEuropeAndMaghreb
en:peanut	ecobalyse_labels_en_organic_id:en	863cf907-aeca-5d32-8c4e-8d95b7fca207
en:peanut	ecobalyse_labels_en_organic_scenario:en	organic
en:peanut	ecobalyse_labels_en_organic_name:fr	Arachide Bio
en:peanut	ecobalyse_labels_en_organic_alias:en	peanut-organic
en:peanut	ecobalyse_labels_en_organic_default_origin:en	France
en:peanut	ecobalyse_density_g_per_ml:en	0.55
en:peanut	ecobalyse_crop_group:en	FRUITS A COQUES
en:peanut	ecobalyse_category:en	nut_oilseed_raw
en:peanut	ecobalyse_raw_to_cooked_ratio:en	1
en:peanut	ecobalyse_inedible_part:en	0
en:peanut	ecobalyse_transport_cooling:en	none
en:pear	ecobalyse_scenario:en	import
en:pear	ecobalyse_name:fr	Poire UE (2025)
en:pear	ecobalyse_alias:en	pear-eu-2025
en:pear	ecobalyse_default_origin:en	EuropeAndMaghreb
en:pear	ecobalyse_origins_en_france_scenario:en	reference
en:pear	ecobalyse_origins_en_france_name:fr	Poire FR (2025)
en:pear	ecobalyse_origins_en_france_alias:en	pear-fr-2025
en:pear	ecobalyse_origins_en_france_default_origin:en	France
en:pear	ecobalyse_density_g_per_ml:en	0.447
en:pear	ecobalyse_crop_group:en	VERGERS
en:pear	ecobalyse_category:en	vegetable_fresh
en:pear	ecobalyse_raw_to_cooked_ratio:en	0.856
en:pear	ecobalyse_inedible_part:en	0.1
en:pear	ecobalyse_transport_cooling:en	none
en:persimmon	ecobalyse_id:en	cf66c6cc-eef0-5e86-9194-3f4c31a01ec6
en:persimmon	ecobalyse_density_g_per_ml:en	0.85
en:persimmon	ecobalyse_crop_group:en	VERGERS
en:persimmon	ecobalyse_category:en	vegetable_fresh
en:persimmon	ecobalyse_raw_to_cooked_ratio:en	0.856
en:persimmon	ecobalyse_inedible_part:en	0.2
en:persimmon	ecobalyse_transport_cooling:en	always
en:persimmon	ecobalyse_labels_en_organic_origins_en_france_id:en	443c0b8e-e00a-5c62-953b-f60eee920953
en:persimmon	ecobalyse_labels_en_organic_origins_en_france_scenario:en	organic
en:persimmon	ecobalyse_labels_en_organic_origins_en_france_name:fr	Kaki Bio
en:persimmon	ecobalyse_labels_en_organic_origins_en_france_alias:en	persimmon-organic
en:persimmon	ecobalyse_labels_en_organic_origins_en_france_default_origin:en	France
en:persimmon	ecobalyse_origins_en_france_id:en	3f7a6caa-bff4-5e47-8469-095613e8439f
en:persimmon	ecobalyse_origins_en_france_scenario:en	reference
en:persimmon	ecobalyse_origins_en_france_name:fr	Kaki FR
en:persimmon	ecobalyse_origins_en_france_alias:en	persimmon-fr
en:persimmon	ecobalyse_origins_en_france_default_origin:en	France
en:pine-nuts	ecobalyse_id:en	785b7386-0873-537b-b967-d232f99a3ca9
en:pine-nuts	ecobalyse_density_g_per_ml:en	0.63
en:pine-nuts	ecobalyse_crop_group:en	FRUITS A COQUES
en:pine-nuts	ecobalyse_category:en	nut_oilseed_raw
en:pine-nuts	ecobalyse_raw_to_cooked_ratio:en	1
en:pine-nuts	ecobalyse_inedible_part:en	0.5
en:pine-nuts	ecobalyse_transport_cooling:en	none
en:pine-nuts	ecobalyse_labels_en_organic_origins_en_france_id:en	0bb2fb11-8213-525b-842e-9dbc30800371
en:pine-nuts	ecobalyse_labels_en_organic_origins_en_france_scenario:en	organic
en:pine-nuts	ecobalyse_labels_en_organic_origins_en_france_name:fr	Pignons de pin Bio
en:pine-nuts	ecobalyse_labels_en_organic_origins_en_france_alias:en	pine-nut-organic
en:pine-nuts	ecobalyse_labels_en_organic_origins_en_france_default_origin:en	France
en:pine-nuts	ecobalyse_origins_en_france_id:en	8f5b923f-8a1c-5216-85e8-be470d51dfbe
en:pine-nuts	ecobalyse_origins_en_france_scenario:en	reference
en:pine-nuts	ecobalyse_origins_en_france_name:fr	Pignons de pin FR
en:pine-nuts	ecobalyse_origins_en_france_alias:en	pine-nut-fr
en:pine-nuts	ecobalyse_origins_en_france_default_origin:en	France
en:pineapple	ecobalyse_scenario:en	import
en:pineapple	ecobalyse_name:fr	Ananas par défaut (2025)
en:pineapple	ecobalyse_alias:en	pineapple-non-eu-2025
en:pineapple	ecobalyse_default_origin:en	OutOfEuropeAndMaghreb
en:pineapple	ecobalyse_labels_en_organic_id:en	d3c1b683-ba25-5bbb-a249-c4cb6b3331bb
en:pineapple	ecobalyse_labels_en_organic_scenario:en	reference
en:pineapple	ecobalyse_labels_en_organic_name:fr	Ananas FR Outre-Mer
en:pineapple	ecobalyse_labels_en_organic_alias:en	pineapple-fr-overseas
en:pineapple	ecobalyse_labels_en_organic_default_origin:en	FranceOutreMer
en:pineapple	ecobalyse_density_g_per_ml:en	0.575
en:pineapple	ecobalyse_crop_group:en	VERGERS
en:pineapple	ecobalyse_category:en	vegetable_fresh
en:pineapple	ecobalyse_raw_to_cooked_ratio:en	0.856
en:pineapple	ecobalyse_inedible_part:en	0.5
en:pineapple	ecobalyse_transport_cooling:en	always
en:pistachio-nuts	ecobalyse_id:en	1c54ed0a-a1c6-5808-a79d-dddf94b4c98b
en:pistachio-nuts	ecobalyse_scenario:en	import
en:pistachio-nuts	ecobalyse_name:fr	Pistaches HORS UE
en:pistachio-nuts	ecobalyse_alias:en	pistachio-non-eu
en:pistachio-nuts	ecobalyse_default_origin:en	OutOfEuropeAndMaghreb
en:pistachio-nuts	ecobalyse_density_g_per_ml:en	0.5
en:pistachio-nuts	ecobalyse_crop_group:en	FRUITS A COQUES
en:pistachio-nuts	ecobalyse_category:en	nut_oilseed_raw
en:pistachio-nuts	ecobalyse_raw_to_cooked_ratio:en	1
en:pistachio-nuts	ecobalyse_inedible_part:en	0.5
en:pistachio-nuts	ecobalyse_transport_cooling:en	none
en:plantain	ecobalyse_id:en	07558ab1-7955-5025-b393-79b4fd85bb03
en:plantain	ecobalyse_density_g_per_ml:en	0.85
en:plantain	ecobalyse_crop_group:en	VERGERS
en:plantain	ecobalyse_category:en	vegetable_fresh
en:plantain	ecobalyse_raw_to_cooked_ratio:en	0.856
en:plantain	ecobalyse_inedible_part:en	0.2
en:plantain	ecobalyse_transport_cooling:en	always
en:plantain	ecobalyse_origins_en_france_id:en	e69b0ddf-f912-5bd7-9f29-bc5e018d730e
en:plantain	ecobalyse_origins_en_france_scenario:en	reference
en:plantain	ecobalyse_origins_en_france_name:fr	Plantain FR
en:plantain	ecobalyse_origins_en_france_alias:en	plantain-fr
en:plantain	ecobalyse_origins_en_france_default_origin:en	France
en:plum	ecobalyse_scenario:en	import
en:plum	ecobalyse_name:fr	Prune par défaut (2025)
en:plum	ecobalyse_alias:en	plum-non-eu-2025
en:plum	ecobalyse_default_origin:en	OutOfEuropeAndMaghreb
en:plum	ecobalyse_labels_en_organic_scenario:en	organic
en:plum	ecobalyse_labels_en_organic_name:fr	Prune Bio (2025)
en:plum	ecobalyse_labels_en_organic_alias:en	plum-organic-2025
en:plum	ecobalyse_labels_en_organic_default_origin:en	France
en:plum	ecobalyse_density_g_per_ml:en	0.447
en:plum	ecobalyse_crop_group:en	VERGERS
en:plum	ecobalyse_category:en	vegetable_fresh
en:plum	ecobalyse_raw_to_cooked_ratio:en	0.856
en:plum	ecobalyse_inedible_part:en	0.2
en:plum	ecobalyse_transport_cooling:en	none
en:pomegranate	ecobalyse_id:en	3a8121a5-b26a-519b-8f86-1ee6783aa892
en:pomegranate	ecobalyse_density_g_per_ml:en	0.85
en:pomegranate	ecobalyse_crop_group:en	VERGERS
en:pomegranate	ecobalyse_category:en	vegetable_fresh
en:pomegranate	ecobalyse_raw_to_cooked_ratio:en	0.856
en:pomegranate	ecobalyse_inedible_part:en	0.2
en:pomegranate	ecobalyse_transport_cooling:en	always
en:pomegranate	ecobalyse_labels_en_organic_origins_en_france_id:en	153e1818-bca4-5c40-8f85-7a8646e5defc
en:pomegranate	ecobalyse_labels_en_organic_origins_en_france_scenario:en	organic
en:pomegranate	ecobalyse_labels_en_organic_origins_en_france_name:fr	Grenade Bio
en:pomegranate	ecobalyse_labels_en_organic_origins_en_france_alias:en	pomegranate-organic
en:pomegranate	ecobalyse_labels_en_organic_origins_en_france_default_origin:en	France
en:pomegranate	ecobalyse_origins_en_france_id:en	2c07298e-51fd-52a2-9ee9-4bd1d53cb997
en:pomegranate	ecobalyse_origins_en_france_scenario:en	reference
en:pomegranate	ecobalyse_origins_en_france_name:fr	Grenade FR
en:pomegranate	ecobalyse_origins_en_france_alias:en	pomegranate-fr
en:pomegranate	ecobalyse_origins_en_france_default_origin:en	France
en:poppyseed	ecobalyse_id:en	72925a8b-cd45-5967-a561-f9c977549930
en:poppyseed	ecobalyse_density_g_per_ml:en	0.6
en:poppyseed	ecobalyse_crop_group:en	SEMENCES
en:poppyseed	ecobalyse_category:en	nut_oilseed_raw
en:poppyseed	ecobalyse_raw_to_cooked_ratio:en	1
en:poppyseed	ecobalyse_inedible_part:en	0
en:poppyseed	ecobalyse_transport_cooling:en	none
en:poppyseed	ecobalyse_labels_en_organic_origins_en_france_id:en	339e9754-e04d-5aff-9fb1-545b7436f424
en:poppyseed	ecobalyse_labels_en_organic_origins_en_france_scenario:en	organic
en:poppyseed	ecobalyse_labels_en_organic_origins_en_france_name:fr	Graines de pavot Bio
en:poppyseed	ecobalyse_labels_en_organic_origins_en_france_alias:en	poppy-seed-organic
en:poppyseed	ecobalyse_labels_en_organic_origins_en_france_default_origin:en	France
en:pork	ecobalyse_id:en	6fb662dc-583f-47d5-814f-2cc6a8c1f3b9
en:pork	ecobalyse_density_g_per_ml:en	1
en:pork	ecobalyse_category:en	animal_product
en:pork	ecobalyse_raw_to_cooked_ratio:en	1
en:pork	ecobalyse_inedible_part:en	0
en:pork	ecobalyse_transport_cooling:en	always
en:potato	ecobalyse_id:en	f87309f5-bfbf-49a5-ae57-1a0319a7b7d3
en:potato	ecobalyse_scenario:en	reference
en:potato	ecobalyse_name:fr	Pomme de terre industrie FR (2025)
en:potato	ecobalyse_alias:en	potato-industry-fr-2025
en:potato	ecobalyse_default_origin:en	France
en:potato-starch	ecobalyse_scenario:en	reference
en:potato-starch	ecobalyse_name:fr	Pomme de terre industrie FR (2025)
en:potato-starch	ecobalyse_alias:en	potato-industry-fr-2025
en:potato-starch	ecobalyse_default_origin:en	France
en:potato-starch	ecobalyse_density_g_per_ml:en	0.6375
en:potato-starch	ecobalyse_crop_group:en	LEGUMES-FLEURS
en:potato-starch	ecobalyse_category:en	vegetable_fresh
en:potato-starch	ecobalyse_raw_to_cooked_ratio:en	0.856
en:potato-starch	ecobalyse_inedible_part:en	0.1
en:potato-starch	ecobalyse_transport_cooling:en	none
en:prickly-pear	ecobalyse_id:en	1255cec9-431a-5d6b-9bdc-940fa1a2d6f7
en:prickly-pear	ecobalyse_density_g_per_ml:en	0.95
en:prickly-pear	ecobalyse_crop_group:en	VERGERS
en:prickly-pear	ecobalyse_category:en	grain_raw
en:prickly-pear	ecobalyse_raw_to_cooked_ratio:en	2.259
en:prickly-pear	ecobalyse_inedible_part:en	0.1
en:prickly-pear	ecobalyse_transport_cooling:en	none
en:prickly-pear	ecobalyse_origins_en_france_id:en	4e4a0a80-f053-5707-aa73-29e4f6c83213
en:prickly-pear	ecobalyse_origins_en_france_scenario:en	reference
en:prickly-pear	ecobalyse_origins_en_france_name:fr	Figue de barbarie FR
en:prickly-pear	ecobalyse_origins_en_france_alias:en	prickly-pear-fr
en:prickly-pear	ecobalyse_origins_en_france_default_origin:en	France
en:pumpkin	ecobalyse_id:en	ae0e7729-1bff-4c3b-8dc8-62bdb827345d
en:pumpkin	ecobalyse_scenario:en	reference
en:pumpkin	ecobalyse_name:fr	Citrouille FR
en:pumpkin	ecobalyse_alias:en	pumpkin-fr
en:pumpkin	ecobalyse_default_origin:en	France
en:pumpkin	ecobalyse_density_g_per_ml:en	1
en:pumpkin	ecobalyse_crop_group:en	LEGUMES-FLEURS
en:pumpkin	ecobalyse_category:en	vegetable_fresh
en:pumpkin	ecobalyse_raw_to_cooked_ratio:en	0.856
en:pumpkin	ecobalyse_inedible_part:en	0.2
en:pumpkin	ecobalyse_transport_cooling:en	always
en:quince	ecobalyse_id:en	5f521f2b-f40e-5828-92a1-0cb9dff674f1
en:quince	ecobalyse_density_g_per_ml:en	0.85
en:quince	ecobalyse_crop_group:en	VERGERS
en:quince	ecobalyse_category:en	vegetable_fresh
en:quince	ecobalyse_raw_to_cooked_ratio:en	0.856
en:quince	ecobalyse_inedible_part:en	0.2
en:quince	ecobalyse_transport_cooling:en	always
en:quince	ecobalyse_labels_en_organic_origins_en_france_id:en	90121635-0fa9-5450-b17b-495772413af6
en:quince	ecobalyse_labels_en_organic_origins_en_france_scenario:en	organic
en:quince	ecobalyse_labels_en_organic_origins_en_france_name:fr	Coing Bio
en:quince	ecobalyse_labels_en_organic_origins_en_france_alias:en	quince-organic
en:quince	ecobalyse_labels_en_organic_origins_en_france_default_origin:en	France
en:quince	ecobalyse_origins_en_france_id:en	b2f5c800-a8e0-57d4-b681-d36350f12daa
en:quince	ecobalyse_origins_en_france_scenario:en	reference
en:quince	ecobalyse_origins_en_france_name:fr	Coing FR
en:quince	ecobalyse_origins_en_france_alias:en	quince-fr
en:quince	ecobalyse_origins_en_france_default_origin:en	France
en:quinoa	ecobalyse_id:en	bb1ef16c-0217-59f8-aede-5dbe713979f5
en:quinoa	ecobalyse_density_g_per_ml:en	0.75
en:quinoa	ecobalyse_crop_group:en	AUTRES CEREALES
en:quinoa	ecobalyse_category:en	grain_raw
en:quinoa	ecobalyse_raw_to_cooked_ratio:en	2.259
en:quinoa	ecobalyse_inedible_part:en	0
en:quinoa	ecobalyse_transport_cooling:en	none
en:quinoa	ecobalyse_labels_en_organic_origins_en_france_id:en	2cd666b8-b286-5159-9162-c261158d456a
en:quinoa	ecobalyse_labels_en_organic_origins_en_france_scenario:en	organic
en:quinoa	ecobalyse_labels_en_organic_origins_en_france_name:fr	Quinoa Bio
en:quinoa	ecobalyse_labels_en_organic_origins_en_france_alias:en	quinoa-organic
en:quinoa	ecobalyse_labels_en_organic_origins_en_france_default_origin:en	France
en:quinoa	ecobalyse_origins_en_france_id:en	5adf35b2-34ce-56eb-a983-28d7af1b5ca1
en:quinoa	ecobalyse_origins_en_france_scenario:en	reference
en:quinoa	ecobalyse_origins_en_france_name:fr	Quinoa FR
en:quinoa	ecobalyse_origins_en_france_alias:en	quinoa-fr
en:quinoa	ecobalyse_origins_en_france_default_origin:en	France
en:radish	ecobalyse_id:en	3339f591-583c-5906-af4e-491e299d5d7c
en:radish	ecobalyse_scenario:en	organic
en:radish	ecobalyse_name:fr	Radis Bio
en:radish	ecobalyse_alias:en	radish-organic
en:radish	ecobalyse_default_origin:en	France
en:radish	ecobalyse_density_g_per_ml:en	0.6
en:radish	ecobalyse_crop_group:en	LEGUMES-FLEURS
en:radish	ecobalyse_category:en	vegetable_fresh
en:radish	ecobalyse_raw_to_cooked_ratio:en	0.856
en:radish	ecobalyse_inedible_part:en	0.03
en:radish	ecobalyse_transport_cooling:en	always
en:rapeseed	ecobalyse_id:en	8f2dd82b-c471-5282-a464-cfe564a165e8
en:rapeseed	ecobalyse_scenario:en	import
en:rapeseed	ecobalyse_name:fr	Colza HORS UE
en:rapeseed	ecobalyse_alias:en	rapeseed-non-eu
en:rapeseed	ecobalyse_default_origin:en	OutOfEuropeAndMaghreb
en:rapeseed	ecobalyse_labels_en_organic_id:en	d8f2333d-8b37-5b2a-b146-ecbc893beace
en:rapeseed	ecobalyse_labels_en_organic_scenario:en	organic
en:rapeseed	ecobalyse_labels_en_organic_name:fr	Colza Bio
en:rapeseed	ecobalyse_labels_en_organic_alias:en	rapeseed-organic
en:rapeseed	ecobalyse_labels_en_organic_default_origin:en	France
en:rapeseed	ecobalyse_origins_en_european_union_id:en	8e89fc63-9f1f-5e05-96c9-105540df86c8
en:rapeseed	ecobalyse_origins_en_european_union_scenario:en	import
en:rapeseed	ecobalyse_origins_en_european_union_name:fr	Colza UE
en:rapeseed	ecobalyse_origins_en_european_union_alias:en	rapeseed-eu
en:rapeseed	ecobalyse_origins_en_european_union_default_origin:en	EuropeAndMaghreb
en:rapeseed	ecobalyse_origins_en_france_id:en	6a4df71d-3a0e-4477-8086-010f6a72ffec
en:rapeseed	ecobalyse_origins_en_france_scenario:en	reference
en:rapeseed	ecobalyse_origins_en_france_name:fr	Colza FR
en:rapeseed	ecobalyse_origins_en_france_alias:en	rapeseed-fr
en:rapeseed	ecobalyse_origins_en_france_default_origin:en	France
en:rapeseed	ecobalyse_density_g_per_ml:en	0.77
en:rapeseed	ecobalyse_crop_group:en	COLZA
en:rapeseed	ecobalyse_category:en	nut_oilseed_raw
en:rapeseed	ecobalyse_raw_to_cooked_ratio:en	2.259
en:rapeseed	ecobalyse_inedible_part:en	0.5
en:rapeseed	ecobalyse_transport_cooling:en	none
en:rapeseed-oil	ecobalyse_scenario:en	import
en:rapeseed-oil	ecobalyse_name:fr	Huile de colza par défaut (2025)
en:rapeseed-oil	ecobalyse_alias:en	rapeseed-oil-2025
en:rapeseed-oil	ecobalyse_default_origin:en	OutOfEuropeAndMaghreb
en:rapeseed-oil	ecobalyse_labels_en_organic_scenario:en	organic
en:rapeseed-oil	ecobalyse_labels_en_organic_name:fr	Huile de colza Bio (2025)
en:rapeseed-oil	ecobalyse_labels_en_organic_alias:en	rapeseed-oil-organic-2025
en:rapeseed-oil	ecobalyse_labels_en_organic_default_origin:en	EuropeAndMaghreb
en:rapeseed-oil	ecobalyse_density_g_per_ml:en	1
en:rapeseed-oil	ecobalyse_crop_group:en	COLZA
en:rapeseed-oil	ecobalyse_category:en	nut_oilseed_processed
en:rapeseed-oil	ecobalyse_raw_to_cooked_ratio:en	1
en:rapeseed-oil	ecobalyse_inedible_part:en	0
en:rapeseed-oil	ecobalyse_transport_cooling:en	none
en:raspberry	ecobalyse_scenario:en	import
en:raspberry	ecobalyse_name:fr	Framboise UE (2025)
en:raspberry	ecobalyse_alias:en	raspberry-eu-2025
en:raspberry	ecobalyse_default_origin:en	EuropeAndMaghreb
en:raspberry	ecobalyse_labels_en_organic_scenario:en	organic
en:raspberry	ecobalyse_labels_en_organic_name:fr	Framboise Bio (2025)
en:raspberry	ecobalyse_labels_en_organic_alias:en	raspberry-organic-2025
en:raspberry	ecobalyse_labels_en_organic_default_origin:en	EuropeAndMaghreb
en:raspberry	ecobalyse_density_g_per_ml:en	0.447
en:raspberry	ecobalyse_crop_group:en	LEGUMES-FLEURS
en:raspberry	ecobalyse_category:en	vegetable_fresh
en:raspberry	ecobalyse_raw_to_cooked_ratio:en	0.856
en:raspberry	ecobalyse_inedible_part:en	0.03
en:raspberry	ecobalyse_transport_cooling:en	always
en:reblochon	ecobalyse_id:en	c8d83557-46c6-46ab-9d01-fcb0e058f46f
en:reblochon	ecobalyse_density_g_per_ml:en	1
en:reblochon	ecobalyse_category:en	dairy_product
en:reblochon	ecobalyse_raw_to_cooked_ratio:en	1
en:reblochon	ecobalyse_inedible_part:en	0
en:reblochon	ecobalyse_transport_cooling:en	always
en:reblochon	ecobalyse_origins_en_france_id:en	d85576e1-ba3a-4ec7-80d5-c106f780498a
en:reblochon	ecobalyse_origins_en_france_scenario:en	reference
en:reblochon	ecobalyse_origins_en_france_name:fr	Reblochon FR (2025)
en:reblochon	ecobalyse_origins_en_france_alias:en	reblochon-2025
en:reblochon	ecobalyse_origins_en_france_default_origin:en	France
en:red-cabbage	ecobalyse_id:en	28f7c945-14d0-4d83-b04d-ea09f48a05b2
en:red-cabbage	ecobalyse_scenario:en	import
en:red-cabbage	ecobalyse_name:fr	Chou rouge par défaut (2025)
en:red-cabbage	ecobalyse_alias:en	red-cabbage-non-eu-2025
en:red-cabbage	ecobalyse_default_origin:en	OutOfEuropeAndMaghreb
en:red-cabbage	ecobalyse_labels_en_organic_id:en	ba292cce-6815-45e3-be3e-ed34a3b04a6f
en:red-cabbage	ecobalyse_labels_en_organic_scenario:en	organic
en:red-cabbage	ecobalyse_labels_en_organic_name:fr	Chou rouge Bio (2025)
en:red-cabbage	ecobalyse_labels_en_organic_alias:en	red-cabbage-organic-2025
en:red-cabbage	ecobalyse_labels_en_organic_default_origin:en	France
en:redcurrant	ecobalyse_id:en	2d2c8085-aec1-5d55-9357-440cc3582855
en:redcurrant	ecobalyse_density_g_per_ml:en	0.85
en:redcurrant	ecobalyse_crop_group:en	VERGERS
en:redcurrant	ecobalyse_category:en	vegetable_fresh
en:redcurrant	ecobalyse_raw_to_cooked_ratio:en	0.856
en:redcurrant	ecobalyse_inedible_part:en	0.2
en:redcurrant	ecobalyse_transport_cooling:en	always
en:redcurrant	ecobalyse_labels_en_organic_origins_en_france_id:en	90b49a8a-375b-5b84-b451-378a85192140
en:redcurrant	ecobalyse_labels_en_organic_origins_en_france_scenario:en	organic
en:redcurrant	ecobalyse_labels_en_organic_origins_en_france_name:fr	Groseille rouge Bio
en:redcurrant	ecobalyse_labels_en_organic_origins_en_france_alias:en	red-currant-organic
en:redcurrant	ecobalyse_labels_en_organic_origins_en_france_default_origin:en	France
en:redcurrant	ecobalyse_origins_en_france_id:en	14e98f81-16a7-5516-b295-125219a2c1c0
en:redcurrant	ecobalyse_origins_en_france_scenario:en	reference
en:redcurrant	ecobalyse_origins_en_france_name:fr	Groseille rouge FR
en:redcurrant	ecobalyse_origins_en_france_alias:en	red-currant-fr
en:redcurrant	ecobalyse_origins_en_france_default_origin:en	France
en:red-endive	ecobalyse_id:en	78804878-493f-57d0-ae3e-abea8192c922
en:red-endive	ecobalyse_density_g_per_ml:en	0.9
en:red-endive	ecobalyse_crop_group:en	LEGUMES-FLEURS
en:red-endive	ecobalyse_category:en	vegetable_fresh
en:red-endive	ecobalyse_raw_to_cooked_ratio:en	0.856
en:red-endive	ecobalyse_inedible_part:en	0.2
en:red-endive	ecobalyse_transport_cooling:en	always
en:red-endive	ecobalyse_labels_en_organic_origins_en_france_id:en	88c27d6f-ec27-5b62-8267-21f48c60b0fc
en:red-endive	ecobalyse_labels_en_organic_origins_en_france_scenario:en	organic
en:red-endive	ecobalyse_labels_en_organic_origins_en_france_name:fr	Endive rouge Bio
en:red-endive	ecobalyse_labels_en_organic_origins_en_france_alias:en	red-endive-organic
en:red-endive	ecobalyse_labels_en_organic_origins_en_france_default_origin:en	France
en:red-endive	ecobalyse_origins_en_france_id:en	83a79131-1285-5622-94d6-f48c0103756f
en:red-endive	ecobalyse_origins_en_france_scenario:en	reference
en:red-endive	ecobalyse_origins_en_france_name:fr	Endive rouge FR
en:red-endive	ecobalyse_origins_en_france_alias:en	red-endive-fr
en:red-endive	ecobalyse_origins_en_france_default_origin:en	France
en:red-wine	ecobalyse_scenario:en	reference
en:red-wine	ecobalyse_name:fr	Vin rouge FR (2025)
en:red-wine	ecobalyse_alias:en	red-wine-2025
en:red-wine	ecobalyse_default_origin:en	France
en:red-wine	ecobalyse_density_g_per_ml:en	1
en:red-wine	ecobalyse_crop_group:en	VIGNES
en:red-wine	ecobalyse_category:en	misc
en:red-wine	ecobalyse_raw_to_cooked_ratio:en	1
en:red-wine	ecobalyse_inedible_part:en	0
en:red-wine	ecobalyse_transport_cooling:en	none
en:refined-palm-oil	ecobalyse_scenario:en	import
en:refined-palm-oil	ecobalyse_name:fr	Huile de palme (raffinée) par défaut (2025)
en:refined-palm-oil	ecobalyse_alias:en	refined-palm-oil-non-ue-2025
en:refined-palm-oil	ecobalyse_default_origin:en	OutOfEuropeAndMaghreb
en:refined-palm-oil	ecobalyse_density_g_per_ml:en	1
en:refined-palm-oil	ecobalyse_crop_group:en	AUTRES CULTURES INDUSTRIELLES
en:refined-palm-oil	ecobalyse_category:en	nut_oilseed_processed
en:refined-palm-oil	ecobalyse_raw_to_cooked_ratio:en	1
en:refined-palm-oil	ecobalyse_inedible_part:en	0
en:refined-palm-oil	ecobalyse_transport_cooling:en	none
en:refined-rapeseed-oil	ecobalyse_id:en	c3697176-e682-43c3-b16a-3992ff8f1404
en:refined-rapeseed-oil	ecobalyse_density_g_per_ml:en	1
en:refined-rapeseed-oil	ecobalyse_crop_group:en	COLZA
en:refined-rapeseed-oil	ecobalyse_category:en	nut_oilseed_processed
en:refined-rapeseed-oil	ecobalyse_raw_to_cooked_ratio:en	1
en:refined-rapeseed-oil	ecobalyse_inedible_part:en	0
en:refined-rapeseed-oil	ecobalyse_transport_cooling:en	none
en:refined-soya-oil	ecobalyse_scenario:en	reference
en:refined-soya-oil	ecobalyse_name:fr	Huile de soja (raffinée) FR (2025)
en:refined-soya-oil	ecobalyse_alias:en	refined-soybean-oil-2025
en:refined-soya-oil	ecobalyse_default_origin:en	France
en:refined-soya-oil	ecobalyse_density_g_per_ml:en	1
en:refined-soya-oil	ecobalyse_crop_group:en	PROTEAGINEUX
en:refined-soya-oil	ecobalyse_category:en	nut_oilseed_processed
en:refined-soya-oil	ecobalyse_raw_to_cooked_ratio:en	1
en:refined-soya-oil	ecobalyse_inedible_part:en	0
en:refined-soya-oil	ecobalyse_transport_cooling:en	none
en:refined-sunflower-oil	ecobalyse_scenario:en	reference
en:refined-sunflower-oil	ecobalyse_name:fr	Huile de tournesol (raffinée) FR (2025)
en:refined-sunflower-oil	ecobalyse_alias:en	refined-sunflower-oil-2025
en:refined-sunflower-oil	ecobalyse_default_origin:en	France
en:refined-sunflower-oil	ecobalyse_density_g_per_ml:en	1
en:refined-sunflower-oil	ecobalyse_crop_group:en	TOURNESOL
en:refined-sunflower-oil	ecobalyse_category:en	nut_oilseed_processed
en:refined-sunflower-oil	ecobalyse_raw_to_cooked_ratio:en	1
en:refined-sunflower-oil	ecobalyse_inedible_part:en	0
en:refined-sunflower-oil	ecobalyse_transport_cooling:en	none
en:rhubarb	ecobalyse_id:en	bea6498a-c42e-528b-83af-b2337b419c10
en:rhubarb	ecobalyse_density_g_per_ml:en	0.9
en:rhubarb	ecobalyse_crop_group:en	LEGUMES-FLEURS
en:rhubarb	ecobalyse_category:en	vegetable_fresh
en:rhubarb	ecobalyse_raw_to_cooked_ratio:en	0.856
en:rhubarb	ecobalyse_inedible_part:en	0.2
en:rhubarb	ecobalyse_transport_cooling:en	always
en:rhubarb	ecobalyse_labels_en_organic_origins_en_france_id:en	02ac1aa9-82fc-5ff7-a0f2-f4e77a93a89e
en:rhubarb	ecobalyse_labels_en_organic_origins_en_france_scenario:en	organic
en:rhubarb	ecobalyse_labels_en_organic_origins_en_france_name:fr	Rhubarbe Bio
en:rhubarb	ecobalyse_labels_en_organic_origins_en_france_alias:en	rhubarb-organic
en:rhubarb	ecobalyse_labels_en_organic_origins_en_france_default_origin:en	France
en:rhubarb	ecobalyse_origins_en_france_id:en	fd136b75-ba0f-5a69-8d66-25d7770533e0
en:rhubarb	ecobalyse_origins_en_france_scenario:en	reference
en:rhubarb	ecobalyse_origins_en_france_name:fr	Rhubarbe FR
en:rhubarb	ecobalyse_origins_en_france_alias:en	rhubarb-fr
en:rhubarb	ecobalyse_origins_en_france_default_origin:en	France
en:rice	ecobalyse_id:en	3294e42c-c053-42e5-bcc0-a35f189681d6
en:rice	ecobalyse_density_g_per_ml:en	0.72
en:rice	ecobalyse_crop_group:en	RIZ
en:rice	ecobalyse_category:en	grain_raw
en:rice	ecobalyse_raw_to_cooked_ratio:en	2.259
en:rice	ecobalyse_inedible_part:en	0
en:rice	ecobalyse_transport_cooling:en	none
en:rice	ecobalyse_origins_en_european_union_id:en	4b967a1f-c621-5c68-878e-4c75a712b4ff
en:rice	ecobalyse_origins_en_european_union_scenario:en	import
en:rice	ecobalyse_origins_en_european_union_name:fr	Riz cru, toutes variétés (blanc, sauvage, riz thaï ou basmati, cru) UE
en:rice	ecobalyse_origins_en_european_union_alias:en	rice-raw-eu
en:rice	ecobalyse_origins_en_european_union_default_origin:en	EuropeAndMaghreb
en:rice	ecobalyse_labels_en_organic_origins_en_france_id:en	2934f4bc-fec5-5eea-9ab3-127b32254a1d
en:rice	ecobalyse_labels_en_organic_origins_en_france_scenario:en	organic
en:rice	ecobalyse_labels_en_organic_origins_en_france_name:fr	Riz cru, toutes variétés (blanc, sauvage, riz thaï ou basmati, cru) Bio
en:rice	ecobalyse_labels_en_organic_origins_en_france_alias:en	rice-raw-organic
en:rice	ecobalyse_labels_en_organic_origins_en_france_default_origin:en	France
en:rice	ecobalyse_proxy_labels_en_organic_id:en	dcdcb4d1-1793-4f1b-bd1f-7578d02e4fb1
en:rice	ecobalyse_proxy_labels_en_organic_scenario:en	organic
en:rice	ecobalyse_proxy_labels_en_organic_name:fr	Riz basmati Bio (2025)
en:rice	ecobalyse_proxy_labels_en_organic_alias:en	rice-basmati-organic-2025
en:rice	ecobalyse_proxy_labels_en_organic_default_origin:en	OutOfEuropeAndMaghreb
en:rice	ecobalyse_origins_en_france_id:en	12653456-9e3f-5909-9c94-b020e2530138
en:rice	ecobalyse_origins_en_france_scenario:en	reference
en:rice	ecobalyse_origins_en_france_name:fr	Riz cru, toutes variétés (blanc, sauvage, riz thaï ou basmati, cru) FR
en:rice	ecobalyse_origins_en_france_alias:en	rice-raw-fr
en:rice	ecobalyse_origins_en_france_default_origin:en	France
en:rice-flour	ecobalyse_id:en	08c1c93d-67dd-41ed-b01b-45c8fb79b709
en:rice-flour	ecobalyse_density_g_per_ml:en	1
en:rice-flour	ecobalyse_crop_group:en	RIZ
en:rice-flour	ecobalyse_category:en	grain_processed
en:rice-flour	ecobalyse_raw_to_cooked_ratio:en	1
en:rice-flour	ecobalyse_inedible_part:en	0
en:rice-flour	ecobalyse_transport_cooling:en	always
en:roquefort	ecobalyse_id:en	547c7bb5-1958-415e-a386-8bc7176dfb73
en:roquefort	ecobalyse_density_g_per_ml:en	1
en:roquefort	ecobalyse_category:en	dairy_product
en:roquefort	ecobalyse_raw_to_cooked_ratio:en	1
en:roquefort	ecobalyse_inedible_part:en	0
en:roquefort	ecobalyse_transport_cooling:en	always
en:rutabaga	ecobalyse_id:en	1c00ec30-0696-5078-b3c2-889918ff3bd9
en:rutabaga	ecobalyse_density_g_per_ml:en	0.9
en:rutabaga	ecobalyse_crop_group:en	LEGUMES-FLEURS
en:rutabaga	ecobalyse_category:en	vegetable_fresh
en:rutabaga	ecobalyse_raw_to_cooked_ratio:en	0.856
en:rutabaga	ecobalyse_inedible_part:en	0.2
en:rutabaga	ecobalyse_transport_cooling:en	always
en:rutabaga	ecobalyse_labels_en_organic_origins_en_france_id:en	479a03cd-30e3-5b93-a621-51125b1cab1a
en:rutabaga	ecobalyse_labels_en_organic_origins_en_france_scenario:en	organic
en:rutabaga	ecobalyse_labels_en_organic_origins_en_france_name:fr	Rutabaga Bio
en:rutabaga	ecobalyse_labels_en_organic_origins_en_france_alias:en	rutabaga-organic
en:rutabaga	ecobalyse_labels_en_organic_origins_en_france_default_origin:en	France
en:e164	ecobalyse_id:en	23035522-46ca-58f3-aaae-b4bec71368ce
en:e164	ecobalyse_density_g_per_ml:en	0.5
en:e164	ecobalyse_crop_group:en	DIVERS
en:e164	ecobalyse_category:en	spice_condiment_additive
en:e164	ecobalyse_raw_to_cooked_ratio:en	1
en:e164	ecobalyse_inedible_part:en	0
en:e164	ecobalyse_transport_cooling:en	none
en:e164	ecobalyse_origins_en_france_id:en	17a1fb76-b185-58e9-b054-55a618d5ef73
en:e164	ecobalyse_origins_en_france_scenario:en	reference
en:e164	ecobalyse_origins_en_france_name:fr	Safran FR
en:e164	ecobalyse_origins_en_france_alias:en	saffron-fr
en:e164	ecobalyse_origins_en_france_default_origin:en	France
en:salsify	ecobalyse_id:en	56c00e71-a245-5b91-aec6-5a8e566e3360
en:salsify	ecobalyse_density_g_per_ml:en	0.9
en:salsify	ecobalyse_crop_group:en	LEGUMES-FLEURS
en:salsify	ecobalyse_category:en	vegetable_fresh
en:salsify	ecobalyse_raw_to_cooked_ratio:en	0.856
en:salsify	ecobalyse_inedible_part:en	0.2
en:salsify	ecobalyse_transport_cooling:en	always
en:salsify	ecobalyse_origins_en_france_id:en	edcb17f2-c167-57fc-b74f-08126036647d
en:salsify	ecobalyse_origins_en_france_scenario:en	reference
en:salsify	ecobalyse_origins_en_france_name:fr	Salsifi FR
en:salsify	ecobalyse_origins_en_france_alias:en	salsify-fr
en:salsify	ecobalyse_origins_en_france_default_origin:en	France
en:salt	ecobalyse_id:en	77defb24-cec3-4de9-8388-63229d1052fb
en:salt	ecobalyse_density_g_per_ml:en	1
en:salt	ecobalyse_crop_group:en	DIVERS
en:salt	ecobalyse_category:en	spice_condiment_additive
en:salt	ecobalyse_raw_to_cooked_ratio:en	1
en:salt	ecobalyse_inedible_part:en	0
en:salt	ecobalyse_transport_cooling:en	none
en:sea-salt	ecobalyse_id:en	d91d56f7-139a-55e5-b30d-b27b2fdfc026
en:sea-salt	ecobalyse_density_g_per_ml:en	1.05
en:sea-salt	ecobalyse_category:en	animal_product
en:sea-salt	ecobalyse_raw_to_cooked_ratio:en	0.819
en:sea-salt	ecobalyse_inedible_part:en	0
en:sea-salt	ecobalyse_transport_cooling:en	none
en:sea-salt	ecobalyse_origins_en_france_id:en	64e82939-f3fe-52f4-8611-29b245c0e66e
en:sea-salt	ecobalyse_origins_en_france_scenario:en	reference
en:sea-salt	ecobalyse_origins_en_france_name:fr	Sel de mer, sel de céleri ou fleur de sel FR
en:sea-salt	ecobalyse_origins_en_france_alias:en	sea-salt-fr
en:sea-salt	ecobalyse_origins_en_france_default_origin:en	France
en:seaweed	ecobalyse_id:en	65b98f7c-e19f-5bc9-ab32-340af804ad4e
en:seaweed	ecobalyse_density_g_per_ml:en	0.9
en:seaweed	ecobalyse_crop_group:en	DIVERS
en:seaweed	ecobalyse_category:en	vegetable_fresh
en:seaweed	ecobalyse_raw_to_cooked_ratio:en	0.856
en:seaweed	ecobalyse_inedible_part:en	0.2
en:seaweed	ecobalyse_transport_cooling:en	always
en:seaweed	ecobalyse_origins_en_france_id:en	0463062b-6142-53f5-abfe-f3dce79b5579
en:seaweed	ecobalyse_origins_en_france_scenario:en	reference
en:seaweed	ecobalyse_origins_en_france_name:fr	Algue FR
en:seaweed	ecobalyse_origins_en_france_alias:en	seaweed-fr
en:seaweed	ecobalyse_origins_en_france_default_origin:en	France
en:sesame-seeds	ecobalyse_id:en	6de259fc-527d-5ac5-991b-8ea3acf8e59a
en:sesame-seeds	ecobalyse_density_g_per_ml:en	0.75
en:sesame-seeds	ecobalyse_crop_group:en	SEMENCES
en:sesame-seeds	ecobalyse_category:en	grain_raw
en:sesame-seeds	ecobalyse_raw_to_cooked_ratio:en	2.259
en:sesame-seeds	ecobalyse_inedible_part:en	0
en:sesame-seeds	ecobalyse_transport_cooling:en	none
en:shallot	ecobalyse_id:en	7f663810-6423-501f-b004-5045eae8176b
en:shallot	ecobalyse_scenario:en	reference
en:shallot	ecobalyse_name:fr	Échalotes FR
en:shallot	ecobalyse_alias:en	shallot-fr
en:shallot	ecobalyse_default_origin:en	France
en:shallot	ecobalyse_labels_en_organic_id:en	a9b29bc8-4c79-516c-aa70-90b4e8f0e3c1
en:shallot	ecobalyse_labels_en_organic_scenario:en	organic
en:shallot	ecobalyse_labels_en_organic_name:fr	Échalotes Bio
en:shallot	ecobalyse_labels_en_organic_alias:en	shallot-organic
en:shallot	ecobalyse_labels_en_organic_default_origin:en	France
en:shallot	ecobalyse_density_g_per_ml:en	0.9
en:shallot	ecobalyse_crop_group:en	LEGUMES-FLEURS
en:shallot	ecobalyse_category:en	vegetable_fresh
en:shallot	ecobalyse_raw_to_cooked_ratio:en	0.856
en:shallot	ecobalyse_inedible_part:en	0.1
en:shallot	ecobalyse_transport_cooling:en	always
en:sheeps-milk	ecobalyse_id:en	19042243-3376-5152-88a3-75a8c5295995
en:sheeps-milk	ecobalyse_density_g_per_ml:en	1.03
en:sheeps-milk	ecobalyse_category:en	dairy_product
en:sheeps-milk	ecobalyse_raw_to_cooked_ratio:en	1
en:sheeps-milk	ecobalyse_inedible_part:en	0
en:sheeps-milk	ecobalyse_transport_cooling:en	always
en:sheeps-milk	ecobalyse_origins_en_france_id:en	6f944dbb-8808-546a-b63e-75678c2e2531
en:sheeps-milk	ecobalyse_origins_en_france_scenario:en	reference
en:sheeps-milk	ecobalyse_origins_en_france_name:fr	Lait de brebis FR
en:sheeps-milk	ecobalyse_origins_en_france_alias:en	sheep-milk-fr
en:sheeps-milk	ecobalyse_origins_en_france_default_origin:en	France
en:snail	ecobalyse_id:en	7e39d69c-68b1-55d8-9ba3-8b402d397a8b
en:snail	ecobalyse_density_g_per_ml:en	1.05
en:snail	ecobalyse_category:en	animal_product
en:snail	ecobalyse_raw_to_cooked_ratio:en	0.819
en:snail	ecobalyse_inedible_part:en	0.4
en:snail	ecobalyse_transport_cooling:en	always
en:snail	ecobalyse_origins_en_france_id:en	470c4cc2-29eb-5b31-975f-bfe688e0a63c
en:snail	ecobalyse_origins_en_france_scenario:en	reference
en:snail	ecobalyse_origins_en_france_name:fr	Escargot FR
en:snail	ecobalyse_origins_en_france_alias:en	snail-fr
en:snail	ecobalyse_origins_en_france_default_origin:en	France
en:snow-pea	ecobalyse_id:en	7e41f2c4-1a95-5b50-acc3-a6370a10a575
en:snow-pea	ecobalyse_density_g_per_ml:en	0.8
en:snow-pea	ecobalyse_crop_group:en	LEGUMINEUSES A GRAIN
en:snow-pea	ecobalyse_category:en	animal_product
en:snow-pea	ecobalyse_raw_to_cooked_ratio:en	1
en:snow-pea	ecobalyse_inedible_part:en	0.4
en:snow-pea	ecobalyse_transport_cooling:en	always
en:snow-pea	ecobalyse_labels_en_organic_origins_en_france_id:en	0f579c31-e932-5a8a-bf17-5e539b367d64
en:snow-pea	ecobalyse_labels_en_organic_origins_en_france_scenario:en	organic
en:snow-pea	ecobalyse_labels_en_organic_origins_en_france_name:fr	Pois mange-tout Bio
en:snow-pea	ecobalyse_labels_en_organic_origins_en_france_alias:en	snow-pea-organic
en:snow-pea	ecobalyse_labels_en_organic_origins_en_france_default_origin:en	France
en:soft-wheat	ecobalyse_scenario:en	import
en:soft-wheat	ecobalyse_name:fr	Blé tendre par défaut (2025)
en:soft-wheat	ecobalyse_alias:en	soft-wheat-non-eu-2025
en:soft-wheat	ecobalyse_default_origin:en	OutOfEuropeAndMaghreb
en:soft-wheat	ecobalyse_labels_en_organic_scenario:en	organic
en:soft-wheat	ecobalyse_labels_en_organic_name:fr	Blé tendre Bio
en:soft-wheat	ecobalyse_labels_en_organic_alias:en	soft-wheat-organic
en:soft-wheat	ecobalyse_labels_en_organic_default_origin:en	France
en:soft-wheat	ecobalyse_origins_en_france_scenario:en	reference
en:soft-wheat	ecobalyse_origins_en_france_name:fr	Blé tendre FR
en:soft-wheat	ecobalyse_origins_en_france_alias:en	soft-wheat-fr
en:soft-wheat	ecobalyse_origins_en_france_default_origin:en	France
en:soft-wheat	ecobalyse_density_g_per_ml:en	0.72
en:soft-wheat	ecobalyse_crop_group:en	BLE TENDRE
en:soft-wheat	ecobalyse_category:en	grain_raw
en:soft-wheat	ecobalyse_raw_to_cooked_ratio:en	2.259
en:soft-wheat	ecobalyse_inedible_part:en	0
en:soft-wheat	ecobalyse_transport_cooling:en	none
en:sorghum	ecobalyse_id:en	76e8f117-d613-5c47-b389-376eb83972ec
en:sorghum	ecobalyse_density_g_per_ml:en	0.535
en:sorghum	ecobalyse_crop_group:en	AUTRES CEREALES
en:sorghum	ecobalyse_category:en	grain_raw
en:sorghum	ecobalyse_raw_to_cooked_ratio:en	2.259
en:sorghum	ecobalyse_inedible_part:en	0
en:sorghum	ecobalyse_transport_cooling:en	none
en:sorghum	ecobalyse_origins_en_france_id:en	dd76552e-2cf6-5ec6-9ea8-1a3c3bd9a38f
en:sorghum	ecobalyse_origins_en_france_scenario:en	reference
en:sorghum	ecobalyse_origins_en_france_name:fr	Sorgho FR
en:sorghum	ecobalyse_origins_en_france_alias:en	sorghum-fr
en:sorghum	ecobalyse_origins_en_france_default_origin:en	France
en:soya-flour	ecobalyse_id:en	09272c02-2492-4428-bff1-bca793db8593
en:soya-flour	ecobalyse_density_g_per_ml:en	1
en:soya-flour	ecobalyse_crop_group:en	AUTRES OLEAGINEUX
en:soya-flour	ecobalyse_category:en	grain_processed
en:soya-flour	ecobalyse_raw_to_cooked_ratio:en	1
en:soya-flour	ecobalyse_inedible_part:en	0
en:soya-flour	ecobalyse_transport_cooling:en	always
en:soy-milk	ecobalyse_id:en	f2f3c3f0-c7d1-4a3c-ad2f-f3659c9b546b
en:soy-milk	ecobalyse_density_g_per_ml:en	1
en:soy-milk	ecobalyse_crop_group:en	PROTEAGINEUX
en:soy-milk	ecobalyse_category:en	vegetable_processed
en:soy-milk	ecobalyse_raw_to_cooked_ratio:en	1
en:soy-milk	ecobalyse_inedible_part:en	0
en:soy-milk	ecobalyse_transport_cooling:en	always
en:soy-protein	ecobalyse_proxy_id:en	f8fb04c1-c207-4a3c-993f-e5a1b0204dfa
en:soy-protein	ecobalyse_proxy_density_g_per_ml:en	0.24
en:soy-protein	ecobalyse_proxy_crop_group:en	PROTEAGINEUX
en:soy-protein	ecobalyse_proxy_category:en	grain_processed
en:soy-protein	ecobalyse_proxy_raw_to_cooked_ratio:en	1
en:soy-protein	ecobalyse_proxy_inedible_part:en	0
en:soy-protein	ecobalyse_proxy_transport_cooling:en	none
en:soya-bean	ecobalyse_id:en	33fdb2a4-d68c-5492-87af-5a38e533b406
en:soya-bean	ecobalyse_density_g_per_ml:en	0.74
en:soya-bean	ecobalyse_crop_group:en	AUTRES OLEAGINEUX
en:soya-bean	ecobalyse_category:en	nut_oilseed_raw
en:soya-bean	ecobalyse_raw_to_cooked_ratio:en	2.259
en:soya-bean	ecobalyse_inedible_part:en	0.5
en:soya-bean	ecobalyse_transport_cooling:en	none
en:soya-bean	ecobalyse_origins_en_france_id:en	c466ec83-7735-43b6-a919-c933e6656a8d
en:soya-bean	ecobalyse_origins_en_france_scenario:en	reference
en:soya-bean	ecobalyse_origins_en_france_name:fr	Soja FR
en:soya-bean	ecobalyse_origins_en_france_alias:en	soybean-fr
en:soya-bean	ecobalyse_origins_en_france_default_origin:en	France
en:spelt	ecobalyse_id:en	25d36bfb-7580-59d8-8a5b-0b22536e9aca
en:spelt	ecobalyse_density_g_per_ml:en	0.75
en:spelt	ecobalyse_crop_group:en	AUTRES CEREALES
en:spelt	ecobalyse_category:en	grain_raw
en:spelt	ecobalyse_raw_to_cooked_ratio:en	2.259
en:spelt	ecobalyse_inedible_part:en	0
en:spelt	ecobalyse_transport_cooling:en	none
en:spelt	ecobalyse_labels_en_organic_origins_en_france_id:en	fa88195b-4cc2-57ea-86d8-59bd654d722f
en:spelt	ecobalyse_labels_en_organic_origins_en_france_scenario:en	organic
en:spelt	ecobalyse_labels_en_organic_origins_en_france_name:fr	Epeautre Bio
en:spelt	ecobalyse_labels_en_organic_origins_en_france_alias:en	spelt-organic
en:spelt	ecobalyse_labels_en_organic_origins_en_france_default_origin:en	France
en:spelt	ecobalyse_origins_en_france_id:en	919683c4-82c7-5ff3-90f2-a8c6666af83a
en:spelt	ecobalyse_origins_en_france_scenario:en	reference
en:spelt	ecobalyse_origins_en_france_name:fr	Epeautre FR
en:spelt	ecobalyse_origins_en_france_alias:en	spelt-fr
en:spelt	ecobalyse_origins_en_france_default_origin:en	France
en:spinach	ecobalyse_scenario:en	import
en:spinach	ecobalyse_name:fr	Epinard par défaut (2025)
en:spinach	ecobalyse_alias:en	spinach-non-eu-2025
en:spinach	ecobalyse_default_origin:en	OutOfEuropeAndMaghreb
en:spinach	ecobalyse_labels_en_organic_scenario:en	organic
en:spinach	ecobalyse_labels_en_organic_name:fr	Epinard Bio (2025)
en:spinach	ecobalyse_labels_en_organic_alias:en	spinach-organic-2025
en:spinach	ecobalyse_labels_en_organic_default_origin:en	France
en:spinach	ecobalyse_density_g_per_ml:en	0.118
en:spinach	ecobalyse_crop_group:en	LEGUMES-FLEURS
en:spinach	ecobalyse_category:en	vegetable_fresh
en:spinach	ecobalyse_raw_to_cooked_ratio:en	0.856
en:spinach	ecobalyse_inedible_part:en	0.03
en:spinach	ecobalyse_transport_cooling:en	always
en:split-pea	ecobalyse_id:en	149fea4b-47c5-5130-8838-93f4c49b974f
en:split-pea	ecobalyse_density_g_per_ml:en	0.8
en:split-pea	ecobalyse_crop_group:en	LEGUMINEUSES A GRAIN
en:split-pea	ecobalyse_category:en	vegetable_fresh
en:split-pea	ecobalyse_raw_to_cooked_ratio:en	1
en:split-pea	ecobalyse_inedible_part:en	0.2
en:split-pea	ecobalyse_transport_cooling:en	always
en:split-pea	ecobalyse_labels_en_organic_origins_en_france_id:en	04358436-709a-5e75-8cf4-d114dd8f0e9f
en:split-pea	ecobalyse_labels_en_organic_origins_en_france_scenario:en	organic
en:split-pea	ecobalyse_labels_en_organic_origins_en_france_name:fr	Pois cassés Bio
en:split-pea	ecobalyse_labels_en_organic_origins_en_france_alias:en	split-pea-organic
en:split-pea	ecobalyse_labels_en_organic_origins_en_france_default_origin:en	France
en:split-pea	ecobalyse_origins_en_france_id:en	f8b44ef8-85c0-5d07-9d70-4ab03382ba36
en:split-pea	ecobalyse_origins_en_france_scenario:en	reference
en:split-pea	ecobalyse_origins_en_france_name:fr	Pois cassés FR
en:split-pea	ecobalyse_origins_en_france_alias:en	split-pea-fr
en:split-pea	ecobalyse_origins_en_france_default_origin:en	France
en:spring-water	ecobalyse_id:en	2c2bec89-b05e-5493-a58e-b504fb81c6ea
en:spring-water	ecobalyse_density_g_per_ml:en	1
en:spring-water	ecobalyse_crop_group:en	DIVERS
en:spring-water	ecobalyse_category:en	misc
en:spring-water	ecobalyse_raw_to_cooked_ratio:en	1
en:spring-water	ecobalyse_inedible_part:en	0
en:spring-water	ecobalyse_transport_cooling:en	none
en:spring-water	ecobalyse_origins_en_france_id:en	2fac59fd-a81c-5a10-9401-93a4abaace0c
en:spring-water	ecobalyse_origins_en_france_scenario:en	reference
en:spring-water	ecobalyse_origins_en_france_name:fr	Eau de source FR
en:spring-water	ecobalyse_origins_en_france_alias:en	spring-water-fr
en:spring-water	ecobalyse_origins_en_france_default_origin:en	France
en:squid	ecobalyse_id:en	1bcc2d19-8352-4cf8-bb55-81444a15d398
en:squid	ecobalyse_density_g_per_ml:en	1
en:squid	ecobalyse_category:en	animal_product
en:squid	ecobalyse_raw_to_cooked_ratio:en	0.819
en:squid	ecobalyse_inedible_part:en	0.2
en:squid	ecobalyse_transport_cooling:en	always
en:strawberry	ecobalyse_scenario:en	import
en:strawberry	ecobalyse_name:fr	Fraise par défaut (2025)
en:strawberry	ecobalyse_alias:en	strawberry-non-eu-2025
en:strawberry	ecobalyse_default_origin:en	OutOfEuropeAndMaghreb
en:strawberry	ecobalyse_origins_en_european_union_scenario:en	import
en:strawberry	ecobalyse_origins_en_european_union_name:fr	Fraise UE (2025)
en:strawberry	ecobalyse_origins_en_european_union_alias:en	strawberry-eu-2025
en:strawberry	ecobalyse_origins_en_european_union_default_origin:en	EuropeAndMaghreb
en:strawberry	ecobalyse_origins_en_france_scenario:en	reference
en:strawberry	ecobalyse_origins_en_france_name:fr	Fraise hors saison FR
en:strawberry	ecobalyse_origins_en_france_alias:en	strawberry-fr-offseason
en:strawberry	ecobalyse_origins_en_france_default_origin:en	France
en:strawberry	ecobalyse_density_g_per_ml:en	0.447
en:strawberry	ecobalyse_crop_group:en	LEGUMES-FLEURS
en:strawberry	ecobalyse_category:en	vegetable_fresh
en:strawberry	ecobalyse_raw_to_cooked_ratio:en	0.856
en:strawberry	ecobalyse_inedible_part:en	0.03
en:strawberry	ecobalyse_transport_cooling:en	always
en:sugar	ecobalyse_proxy_scenario:en	reference
en:sugar	ecobalyse_proxy_name:fr	Sucre de betterave par défaut (2025)
en:sugar	ecobalyse_proxy_alias:en	sugar-2025
en:sugar	ecobalyse_proxy_default_origin:en	OutOfEuropeAndMaghreb
en:sugar	ecobalyse_proxy_density_g_per_ml:en	1
en:sugar	ecobalyse_proxy_crop_group:en	AUTRES CULTURES INDUSTRIELLES
en:sugar	ecobalyse_proxy_category:en	vegetable_processed
en:sugar	ecobalyse_proxy_raw_to_cooked_ratio:en	1
en:sugar	ecobalyse_proxy_inedible_part:en	0
en:sugar	ecobalyse_proxy_transport_cooling:en	none
en:sugar-beet	ecobalyse_id:en	3298c069-7e9d-536b-b098-d0d17afb3eae
en:sugar-beet	ecobalyse_scenario:en	organic
en:sugar-beet	ecobalyse_name:fr	Betterave à sucre Bio
en:sugar-beet	ecobalyse_alias:en	sugar-beet-organic
en:sugar-beet	ecobalyse_default_origin:en	France
en:sugar-beet	ecobalyse_density_g_per_ml:en	0.95
en:sugar-beet	ecobalyse_crop_group:en	AUTRES CULTURES INDUSTRIELLES
en:sugar-beet	ecobalyse_category:en	spice_condiment_additive
en:sugar-beet	ecobalyse_raw_to_cooked_ratio:en	1
en:sugar-beet	ecobalyse_inedible_part:en	0
en:sugar-beet	ecobalyse_transport_cooling:en	none
en:sunflower	ecobalyse_id:en	a2d31857-322c-40a7-a0a4-563e74a685d2
en:sunflower	ecobalyse_scenario:en	import
en:sunflower	ecobalyse_name:fr	Tournesol par défaut (2025)
en:sunflower	ecobalyse_alias:en	sunflower-non-eu-2025
en:sunflower	ecobalyse_default_origin:en	OutOfEuropeAndMaghreb
en:sunflower	ecobalyse_labels_en_organic_id:en	dbcc6b38-8309-4bb0-a66e-525ec9dcc79c
en:sunflower	ecobalyse_labels_en_organic_scenario:en	organic
en:sunflower	ecobalyse_labels_en_organic_name:fr	Tournesol Bio
en:sunflower	ecobalyse_labels_en_organic_alias:en	sunflower-organic
en:sunflower	ecobalyse_labels_en_organic_default_origin:en	France
en:sunflower	ecobalyse_origins_en_european_union_id:en	23cd53c5-4b66-4b7c-892f-fe74054f66e5
en:sunflower	ecobalyse_origins_en_european_union_scenario:en	import
en:sunflower	ecobalyse_origins_en_european_union_name:fr	Tournesol UE
en:sunflower	ecobalyse_origins_en_european_union_alias:en	sunflower-eu
en:sunflower	ecobalyse_origins_en_european_union_default_origin:en	EuropeAndMaghreb
en:sunflower	ecobalyse_origins_en_france_id:en	f105f36b-f467-4aea-8da7-8bc2e113db20
en:sunflower	ecobalyse_origins_en_france_scenario:en	reference
en:sunflower	ecobalyse_origins_en_france_name:fr	Tournesol FR
en:sunflower	ecobalyse_origins_en_france_alias:en	sunflower-fr
en:sunflower	ecobalyse_origins_en_france_default_origin:en	France
en:sunflower-oil	ecobalyse_scenario:en	import
en:sunflower-oil	ecobalyse_name:fr	Huile de tournesol par défaut (2025)
en:sunflower-oil	ecobalyse_alias:en	sunflower-oil-2025
en:sunflower-oil	ecobalyse_default_origin:en	EuropeAndMaghreb
en:sunflower-oil	ecobalyse_labels_en_organic_scenario:en	organic
en:sunflower-oil	ecobalyse_labels_en_organic_name:fr	Huile de tournesol Bio (2025)
en:sunflower-oil	ecobalyse_labels_en_organic_alias:en	sunflower-oil-organic-2025
en:sunflower-oil	ecobalyse_labels_en_organic_default_origin:en	EuropeAndMaghreb
en:sunflower-oil	ecobalyse_density_g_per_ml:en	1
en:sunflower-oil	ecobalyse_crop_group:en	TOURNESOL
en:sunflower-oil	ecobalyse_category:en	nut_oilseed_processed
en:sunflower-oil	ecobalyse_raw_to_cooked_ratio:en	1
en:sunflower-oil	ecobalyse_inedible_part:en	0
en:sunflower-oil	ecobalyse_transport_cooling:en	none
en:sunflower-seed	ecobalyse_id:en	a2d31857-322c-40a7-a0a4-563e74a685d2
en:sunflower-seed	ecobalyse_scenario:en	import
en:sunflower-seed	ecobalyse_name:fr	Tournesol par défaut (2025)
en:sunflower-seed	ecobalyse_alias:en	sunflower-non-eu-2025
en:sunflower-seed	ecobalyse_default_origin:en	OutOfEuropeAndMaghreb
en:sunflower-seed	ecobalyse_labels_en_organic_id:en	dbcc6b38-8309-4bb0-a66e-525ec9dcc79c
en:sunflower-seed	ecobalyse_labels_en_organic_scenario:en	organic
en:sunflower-seed	ecobalyse_labels_en_organic_name:fr	Tournesol Bio
en:sunflower-seed	ecobalyse_labels_en_organic_alias:en	sunflower-organic
en:sunflower-seed	ecobalyse_labels_en_organic_default_origin:en	France
en:sunflower-seed	ecobalyse_origins_en_european_union_id:en	23cd53c5-4b66-4b7c-892f-fe74054f66e5
en:sunflower-seed	ecobalyse_origins_en_european_union_scenario:en	import
en:sunflower-seed	ecobalyse_origins_en_european_union_name:fr	Tournesol UE
en:sunflower-seed	ecobalyse_origins_en_european_union_alias:en	sunflower-eu
en:sunflower-seed	ecobalyse_origins_en_european_union_default_origin:en	EuropeAndMaghreb
en:sunflower-seed	ecobalyse_origins_en_france_id:en	f105f36b-f467-4aea-8da7-8bc2e113db20
en:sunflower-seed	ecobalyse_origins_en_france_scenario:en	reference
en:sunflower-seed	ecobalyse_origins_en_france_name:fr	Tournesol FR
en:sunflower-seed	ecobalyse_origins_en_france_alias:en	sunflower-fr
en:sunflower-seed	ecobalyse_origins_en_france_default_origin:en	France
en:sweetcorn	ecobalyse_scenario:en	import
en:sweetcorn	ecobalyse_name:fr	Mandarine par défaut (2025)
en:sweetcorn	ecobalyse_alias:en	mandarin-non-eu-2025
en:sweetcorn	ecobalyse_default_origin:en	OutOfEuropeAndMaghreb
en:sweetcorn	ecobalyse_labels_en_organic_scenario:en	organic
en:sweetcorn	ecobalyse_labels_en_organic_name:fr	Maïs doux Bio (2025)
en:sweetcorn	ecobalyse_labels_en_organic_alias:en	sweet-corn-organic-fr-2025
en:sweetcorn	ecobalyse_labels_en_organic_default_origin:en	France
en:sweetcorn	ecobalyse_origins_en_france_scenario:en	reference
en:sweetcorn	ecobalyse_origins_en_france_name:fr	Maïs doux FR (2025)
en:sweetcorn	ecobalyse_origins_en_france_alias:en	sweet-corn-fr-2025
en:sweetcorn	ecobalyse_origins_en_france_default_origin:en	France
en:sweetcorn	ecobalyse_density_g_per_ml:en	0.575
en:sweetcorn	ecobalyse_crop_group:en	VERGERS
en:sweetcorn	ecobalyse_category:en	vegetable_fresh
en:sweetcorn	ecobalyse_raw_to_cooked_ratio:en	0.856
en:sweetcorn	ecobalyse_inedible_part:en	0.2
en:sweetcorn	ecobalyse_transport_cooling:en	always
en:sweet-potato	ecobalyse_id:en	c3acca72-6b39-540a-97a3-2ec1eaac36db
en:sweet-potato	ecobalyse_density_g_per_ml:en	0.44
en:sweet-potato	ecobalyse_crop_group:en	LEGUMES-FLEURS
en:sweet-potato	ecobalyse_category:en	vegetable_fresh
en:sweet-potato	ecobalyse_raw_to_cooked_ratio:en	0.856
en:sweet-potato	ecobalyse_inedible_part:en	0.1
en:sweet-potato	ecobalyse_transport_cooling:en	always
en:sweet-potato	ecobalyse_labels_en_organic_origins_en_france_id:en	62f4eaf2-144f-596d-87f2-0aa13a68825c
en:sweet-potato	ecobalyse_labels_en_organic_origins_en_france_scenario:en	organic
en:sweet-potato	ecobalyse_labels_en_organic_origins_en_france_name:fr	Patate douce Bio
en:sweet-potato	ecobalyse_labels_en_organic_origins_en_france_alias:en	sweet-potato-organic
en:sweet-potato	ecobalyse_labels_en_organic_origins_en_france_default_origin:en	France
en:sweet-potato	ecobalyse_origins_en_france_id:en	d9093a6d-594e-50da-a3ae-afc0b614ba19
en:sweet-potato	ecobalyse_origins_en_france_scenario:en	reference
en:sweet-potato	ecobalyse_origins_en_france_name:fr	Patate douce FR
en:sweet-potato	ecobalyse_origins_en_france_alias:en	sweet-potato-fr
en:sweet-potato	ecobalyse_origins_en_france_default_origin:en	France
en:tamarind	ecobalyse_id:en	8cc15b25-df6e-5ac3-82a7-4e798fdbcef2
en:tamarind	ecobalyse_density_g_per_ml:en	1.3
en:tamarind	ecobalyse_crop_group:en	LEGUMINEUSES A GRAIN
en:tamarind	ecobalyse_category:en	vegetable_fresh
en:tamarind	ecobalyse_raw_to_cooked_ratio:en	0.856
en:tamarind	ecobalyse_inedible_part:en	0.2
en:tamarind	ecobalyse_transport_cooling:en	always
en:water	ecobalyse_scenario:en	import
en:water	ecobalyse_name:fr	Eau du robinet UE (2025)
en:water	ecobalyse_alias:en	tap-water-2025
en:water	ecobalyse_default_origin:en	EuropeAndMaghreb
en:water	ecobalyse_density_g_per_ml:en	1
en:water	ecobalyse_raw_to_cooked_ratio:en	1
en:water	ecobalyse_inedible_part:en	0
en:water	ecobalyse_transport_cooling:en	none
en:tapioca	ecobalyse_proxy_id:en	dbb74330-9562-5252-8359-8bed45768d0c
en:tapioca	ecobalyse_proxy_density_g_per_ml:en	0.75
en:tapioca	ecobalyse_proxy_crop_group:en	LEGUMES-FLEURS
en:tapioca	ecobalyse_proxy_category:en	grain_processed
en:tapioca	ecobalyse_proxy_raw_to_cooked_ratio:en	2.259
en:tapioca	ecobalyse_proxy_inedible_part:en	0
en:tapioca	ecobalyse_proxy_transport_cooling:en	none
en:taro-tuber	ecobalyse_id:en	464a5623-1a7b-5dfd-85c7-858377e7af3f
en:taro-tuber	ecobalyse_density_g_per_ml:en	0.9
en:taro-tuber	ecobalyse_crop_group:en	LEGUMES-FLEURS
en:taro-tuber	ecobalyse_category:en	vegetable_fresh
en:taro-tuber	ecobalyse_raw_to_cooked_ratio:en	0.856
en:taro-tuber	ecobalyse_inedible_part:en	0.2
en:taro-tuber	ecobalyse_transport_cooling:en	always
en:tomato	ecobalyse_id:en	a96c560e-7959-4698-b533-23f922bb62b9
en:tomato	ecobalyse_scenario:en	import
en:tomato	ecobalyse_name:fr	Tomate sous serre chauffée par défaut
en:tomato	ecobalyse_alias:en	tomato-heated-greenhouse-fr
en:tomato	ecobalyse_default_origin:en	OutOfEuropeAndMaghreb
en:tomato	ecobalyse_labels_en_organic_id:en	b43ae38e-a9f6-4272-b258-14faea6ec795
en:tomato	ecobalyse_labels_en_organic_scenario:en	organic
en:tomato	ecobalyse_labels_en_organic_name:fr	Tomate Bio
en:tomato	ecobalyse_labels_en_organic_alias:en	tomato-organic
en:tomato	ecobalyse_labels_en_organic_default_origin:en	France
en:tomato	ecobalyse_origins_en_european_union_id:en	16caaefa-40f5-4d29-a3e6-26349846f2c9
en:tomato	ecobalyse_origins_en_european_union_scenario:en	reference
en:tomato	ecobalyse_origins_en_european_union_name:fr	Tomate sous serre non chauffée FR
en:tomato	ecobalyse_origins_en_european_union_alias:en	tomato-greenhouse-fr
en:tomato	ecobalyse_origins_en_european_union_default_origin:en	France
en:tomato	ecobalyse_origins_en_france_id:en	16caaefa-40f5-4d29-a3e6-26349846f2c9
en:tomato	ecobalyse_origins_en_france_scenario:en	reference
en:tomato	ecobalyse_origins_en_france_name:fr	Tomate sous serre non chauffée FR
en:tomato	ecobalyse_origins_en_france_alias:en	tomato-greenhouse-fr
en:tomato	ecobalyse_origins_en_france_default_origin:en	France
en:tomato-juice	ecobalyse_id:en	65e6f518-e5fc-4fda-9af9-287d26e2bbe1
en:tomato-juice	ecobalyse_density_g_per_ml:en	1
en:tomato-juice	ecobalyse_crop_group:en	LEGUMES-FLEURS
en:tomato-juice	ecobalyse_category:en	vegetable_processed
en:tomato-juice	ecobalyse_raw_to_cooked_ratio:en	1
en:tomato-juice	ecobalyse_inedible_part:en	0
en:tomato-juice	ecobalyse_transport_cooling:en	always
en:tomato-juice	ecobalyse_origins_en_france_id:en	3f90faae-8a39-448e-93be-88a0a407f135
en:tomato-juice	ecobalyse_origins_en_france_scenario:en	reference
en:tomato-juice	ecobalyse_origins_en_france_name:fr	Jus de tomate FR (2025)
en:tomato-juice	ecobalyse_origins_en_france_alias:en	tomato-juice-2025
en:tomato-juice	ecobalyse_origins_en_france_default_origin:en	France
en:tomato-concentrate	ecobalyse_id:en	55e180a0-9b80-4e0c-9aaf-4613a155d69a
en:tomato-concentrate	ecobalyse_scenario:en	import
en:tomato-concentrate	ecobalyse_name:fr	Concentré de tomates par défaut (2025)
en:tomato-concentrate	ecobalyse_alias:en	tomato-concentrated-2025
en:tomato-concentrate	ecobalyse_default_origin:en	OutOfEuropeAndMaghreb
en:tomato-sauce	ecobalyse_id:en	bdae67c5-ac20-417b-9094-8755ae1ab42b
en:tomato-sauce	ecobalyse_density_g_per_ml:en	1
en:tomato-sauce	ecobalyse_crop_group:en	LEGUMES-FLEURS
en:tomato-sauce	ecobalyse_category:en	vegetable_processed
en:tomato-sauce	ecobalyse_raw_to_cooked_ratio:en	0.856
en:tomato-sauce	ecobalyse_inedible_part:en	0
en:tomato-sauce	ecobalyse_transport_cooling:en	none
en:turkey	ecobalyse_id:en	b5395f5f-e011-4c65-9a6c-85dd77d10d2c
en:turkey	ecobalyse_density_g_per_ml:en	1
en:turkey	ecobalyse_category:en	animal_product
en:turkey	ecobalyse_raw_to_cooked_ratio:en	0.755
en:turkey	ecobalyse_inedible_part:en	0
en:turkey	ecobalyse_transport_cooling:en	always
en:turmeric	ecobalyse_proxy_id:en	cfdb11f0-9ae1-47ab-a26c-20ff8444b862
en:turmeric	ecobalyse_proxy_density_g_per_ml:en	1
en:turmeric	ecobalyse_proxy_crop_group:en	DIVERS
en:turmeric	ecobalyse_proxy_category:en	spice_condiment_additive
en:turmeric	ecobalyse_proxy_raw_to_cooked_ratio:en	1
en:turmeric	ecobalyse_proxy_inedible_part:en	0
en:turmeric	ecobalyse_proxy_transport_cooling:en	none
en:turnip	ecobalyse_id:en	c1a8be62-a691-5d91-8781-0ffb8c5c4b20
en:turnip	ecobalyse_scenario:en	import
en:turnip	ecobalyse_name:fr	Navet HORS UE
en:turnip	ecobalyse_alias:en	turnip-non-eu
en:turnip	ecobalyse_default_origin:en	OutOfEuropeAndMaghreb
en:turnip	ecobalyse_labels_en_organic_id:en	514b5dfc-28c8-55f8-8dc9-7b44fb2f72f7
en:turnip	ecobalyse_labels_en_organic_scenario:en	organic
en:turnip	ecobalyse_labels_en_organic_name:fr	Navet Bio
en:turnip	ecobalyse_labels_en_organic_alias:en	turnip-organic
en:turnip	ecobalyse_labels_en_organic_default_origin:en	France
en:turnip	ecobalyse_origins_en_european_union_id:en	88d8d0b5-c399-5d7a-8636-d027d40e4e5e
en:turnip	ecobalyse_origins_en_european_union_scenario:en	import
en:turnip	ecobalyse_origins_en_european_union_name:fr	Navet UE
en:turnip	ecobalyse_origins_en_european_union_alias:en	turnip-eu
en:turnip	ecobalyse_origins_en_european_union_default_origin:en	EuropeAndMaghreb
en:turnip	ecobalyse_origins_en_france_id:en	9a64a770-f1b0-4980-a5e3-9ea34f930b0d
en:turnip	ecobalyse_origins_en_france_scenario:en	reference
en:turnip	ecobalyse_origins_en_france_name:fr	Navet FR
en:turnip	ecobalyse_origins_en_france_alias:en	turnip-fr
en:turnip	ecobalyse_origins_en_france_default_origin:en	France
en:turnip	ecobalyse_density_g_per_ml:en	0.9
en:turnip	ecobalyse_crop_group:en	LEGUMES-FLEURS
en:turnip	ecobalyse_category:en	vegetable_fresh
en:turnip	ecobalyse_raw_to_cooked_ratio:en	0.856
en:turnip	ecobalyse_inedible_part:en	0.2
en:turnip	ecobalyse_transport_cooling:en	always
en:vanilla	ecobalyse_id:en	56776050-b4f4-5db7-a878-2e2003fff390
en:vanilla	ecobalyse_density_g_per_ml:en	0.5
en:vanilla	ecobalyse_crop_group:en	AUTRES CULTURES INDUSTRIELLES
en:vanilla	ecobalyse_category:en	spice_condiment_additive
en:vanilla	ecobalyse_raw_to_cooked_ratio:en	1
en:vanilla	ecobalyse_inedible_part:en	0
en:vanilla	ecobalyse_transport_cooling:en	none
en:vanilla	ecobalyse_origins_en_european_union_id:en	a8cc0638-9d79-5974-8343-e6cfa913ec5b
en:vanilla	ecobalyse_origins_en_european_union_scenario:en	import
en:vanilla	ecobalyse_origins_en_european_union_name:fr	Extrait de vanille, alcoolique ou aqueux UE Antilles
en:vanilla	ecobalyse_origins_en_european_union_alias:en	vanilla-eu-antilles
en:vanilla	ecobalyse_origins_en_european_union_default_origin:en	EuropeAndMaghreb
en:veal-meat	ecobalyse_id:en	221cd239-f1ae-4a2f-9fdc-dc73df5f95ab
en:veal-meat	ecobalyse_density_g_per_ml:en	1
en:veal-meat	ecobalyse_category:en	animal_product
en:veal-meat	ecobalyse_raw_to_cooked_ratio:en	0.792
en:veal-meat	ecobalyse_inedible_part:en	0
en:veal-meat	ecobalyse_transport_cooling:en	always
en:vegetable-blend	ecobalyse_id:en	5ecb6c61-0a0f-4c00-a8e0-713c97929c7c
en:vegetable-blend	ecobalyse_density_g_per_ml:en	0.24
en:vegetable-blend	ecobalyse_crop_group:en	LEGUMES-FLEURS
en:vegetable-blend	ecobalyse_category:en	vegetable_processed
en:vegetable-blend	ecobalyse_raw_to_cooked_ratio:en	0.856
en:vegetable-blend	ecobalyse_inedible_part:en	0
en:vegetable-blend	ecobalyse_transport_cooling:en	always
en:virgin-hazelnut-oil	ecobalyse_scenario:en	reference
en:virgin-hazelnut-oil	ecobalyse_name:fr	Huile de pépin de raisin (raffinée) FR (2025)
en:virgin-hazelnut-oil	ecobalyse_alias:en	refined-grapeseed-oil-2025
en:virgin-hazelnut-oil	ecobalyse_default_origin:en	France
en:virgin-hazelnut-oil	ecobalyse_density_g_per_ml:en	1
en:virgin-hazelnut-oil	ecobalyse_crop_group:en	VIGNES
en:virgin-hazelnut-oil	ecobalyse_category:en	nut_oilseed_processed
en:virgin-hazelnut-oil	ecobalyse_raw_to_cooked_ratio:en	1
en:virgin-hazelnut-oil	ecobalyse_inedible_part:en	0
en:virgin-hazelnut-oil	ecobalyse_transport_cooling:en	none
en:walnut	ecobalyse_id:en	63bc644e-fc29-45a5-a505-6a28c8f266c5
en:walnut	ecobalyse_scenario:en	reference
en:walnut	ecobalyse_name:fr	Noix décortiquées FR (2025)
en:walnut	ecobalyse_alias:en	walnut-husked-fr-2025
en:walnut	ecobalyse_default_origin:en	France
en:watermelon	ecobalyse_scenario:en	organic
en:watermelon	ecobalyse_name:fr	Pastèque Bio (2025)
en:watermelon	ecobalyse_alias:en	watermelon-organic-2025
en:watermelon	ecobalyse_default_origin:en	France
en:watermelon	ecobalyse_density_g_per_ml:en	0.447
en:watermelon	ecobalyse_crop_group:en	LEGUMES-FLEURS
en:watermelon	ecobalyse_category:en	vegetable_fresh
en:watermelon	ecobalyse_raw_to_cooked_ratio:en	0.856
en:watermelon	ecobalyse_inedible_part:en	0.4
en:watermelon	ecobalyse_transport_cooling:en	always
en:whey	ecobalyse_id:en	33d2f3c2-ffa2-4b96-811e-50c1c8670e26
en:whey	ecobalyse_density_g_per_ml:en	0.24
en:whey	ecobalyse_category:en	dairy_product
en:whey	ecobalyse_raw_to_cooked_ratio:en	1
en:whey	ecobalyse_inedible_part:en	0
en:whey	ecobalyse_transport_cooling:en	none
en:white-cabbage	ecobalyse_id:en	8a11482b-65fe-587f-aa89-290378250e42
en:white-cabbage	ecobalyse_scenario:en	import
en:white-cabbage	ecobalyse_name:fr	Chou blanc HORS UE
en:white-cabbage	ecobalyse_alias:en	white-cabbage-non-eu
en:white-cabbage	ecobalyse_default_origin:en	OutOfEuropeAndMaghreb
en:white-cabbage	ecobalyse_density_g_per_ml:en	0.9
en:white-cabbage	ecobalyse_crop_group:en	LEGUMES-FLEURS
en:white-cabbage	ecobalyse_category:en	vegetable_fresh
en:white-cabbage	ecobalyse_raw_to_cooked_ratio:en	0.856
en:white-cabbage	ecobalyse_inedible_part:en	0.2
en:white-cabbage	ecobalyse_transport_cooling:en	always
en:yam	ecobalyse_id:en	6659c594-4685-52a6-8b22-050482d2a0f4
en:yam	ecobalyse_density_g_per_ml:en	0.9
en:yam	ecobalyse_crop_group:en	LEGUMES-FLEURS
en:yam	ecobalyse_category:en	vegetable_fresh
en:yam	ecobalyse_raw_to_cooked_ratio:en	0.856
en:yam	ecobalyse_inedible_part:en	0.2
en:yam	ecobalyse_transport_cooling:en	always
en:yogurt	ecobalyse_id:en	0e77146c-be67-4f16-b072-f4fdb43b4acf
en:yogurt	ecobalyse_density_g_per_ml:en	1
en:yogurt	ecobalyse_category:en	dairy_product
en:yogurt	ecobalyse_raw_to_cooked_ratio:en	1
en:yogurt	ecobalyse_inedible_part:en	0.2
en:yogurt	ecobalyse_transport_cooling:en	always
en:courgette	ecobalyse_id:en	d918af68-50fd-5198-93a6-fdc42a5348ae
en:courgette	ecobalyse_scenario:en	import
en:courgette	ecobalyse_name:fr	Courgettes UE
en:courgette	ecobalyse_alias:en	zucchini-eu
en:courgette	ecobalyse_default_origin:en	EuropeAndMaghreb
en:courgette	ecobalyse_labels_en_organic_id:en	7b5e5265-7e7d-53be-b7be-351fac920f42
en:courgette	ecobalyse_labels_en_organic_scenario:en	organic
en:courgette	ecobalyse_labels_en_organic_name:fr	Courgettes Bio
en:courgette	ecobalyse_labels_en_organic_alias:en	zucchini-organic
en:courgette	ecobalyse_labels_en_organic_default_origin:en	France
en:courgette	ecobalyse_origins_en_france_id:en	e80c6317-8593-570e-ae3c-53d12f441a10
en:courgette	ecobalyse_origins_en_france_scenario:en	reference
en:courgette	ecobalyse_origins_en_france_name:fr	Courgettes FR
en:courgette	ecobalyse_origins_en_france_alias:en	zucchini-fr
en:courgette	ecobalyse_origins_en_france_default_origin:en	France
en:courgette	ecobalyse_density_g_per_ml:en	1
en:courgette	ecobalyse_crop_group:en	LEGUMES-FLEURS
en:courgette	ecobalyse_category:en	vegetable_fresh
en:courgette	ecobalyse_raw_to_cooked_ratio:en	0.856
en:courgette	ecobalyse_inedible_part:en	0.2
en:courgette	ecobalyse_transport_cooling:en	always
