{
   "ingredients" : {
      "en:cheese" : {
         "max" : 11.6666666666667,
         "mean" : 5.83333333333333,
         "min" : 0,
         "n" : 1,
         "sum" : 11.6666666666667,
         "values" : [
            0,
            11.6666666666667
         ]
      },
      "en:flour" : {
         "max" : 33,
         "mean" : 26.5,
         "min" : 20,
         "n" : 2,
         "sum" : 53,
         "values" : [
            33,
            20
         ]
      },
      "en:tomato" : {
         "max" : 46.6666666666667,
         "mean" : 36.3333333333333,
         "min" : 26,
         "n" : 2,
         "sum" : 72.6666666666667,
         "values" : [
            26,
            46.6666666666667
         ]
      },
      "en:water" : {
         "max" : 21.5,
         "mean" : 13.25,
         "min" : 5,
         "n" : 2,
         "sum" : 26.5,
         "values" : [
            21.5,
            5
         ]
      },
      "other" : {
         "max" : 5,
         "mean" : 3.75,
         "min" : 2.5,
         "n" : 2,
         "sum" : 7.5,
         "values" : [
            2.5,
            5
         ]
      },
      "unknown" : {
         "max" : 17,
         "mean" : 14.3333333333333,
         "min" : 11.6666666666667,
         "n" : 2,
         "sum" : 28.6666666666667,
         "values" : [
            17,
            11.6666666666667
         ]
      }
   },
   "n" : 2,
   "parent_ingredients" : [
      "en:flour",
      "en:tomato",
      "en:cheese",
      "en:water",
      "other",
      "unknown"
   ]
}
