code;name;street;city;postalcode;lat;lng
GB 1000;Ahmed Brothers Halal Ltd;Maple Court;Smethwick;B66 1RB;52.5044737;-1.9921413
GB 1003;Kinda Foods Ltd;Units 7 8 & 9;London;N17 9SR;51.3640970;1.1068236
GB 1004;Newby Foods Ltd;Head Office;Northallerton;DL7 9ER;51.3418167;-0.0151294
GB 1006;Aubrey Allen Limited;Unit 1;Coventry;CV3 4AD;52.4083297;-1.5118269
GB 1007;Frank Bird (Poultry) Ltd;Underlyne;Penrith;CA10 1NB;54.6923103;-2.6622295
GB 1012;CSP (Food Services) Limited;52 Farringdon Street;London;EC4A 4BD;51.5172885;-0.1053371
GB 1014;Trendy Foods Ltd;Unit 12;Waltham Abbey;EN9 1HU;51.6884748;-0.0039392
GB 1018;Bodiam Meat Company;Units 4 - 7;Bexhill on Sea;TN39 3UR;50.4143098;-4.2390494
GB 1019;Fairfax Meadow Europe Limited;Unit 2 & 3;Enfield;EN3 7TY;51.6825453;-0.0774356
GB 1024;Thorners;Bridge Farm Shop;Shepton Mallet;BA4 6TA;51.1486100;-2.5461500
GB 1025;Gilders Transport Ltd (T/A Martins Meats);Unit 2 & 3;Cheltenham;GL54 5EB;51.9493802;-1.9744128
GB 1026;Simon D Hall Anne M Hall & John D Hall (T/A Halls Poultry);Rushyford Farm;Ferryhill;DL17 0LJ;54.6550354;-1.5617162
GB 1028;Swandean Fresh Meats Limited;Swandean Fresh Meats Limited;Worthing;BN13 2JP;50.8355101;-0.4113138
GB 1030;Castle Hill Meats Limited (T/A Burtons Catering Butchers);Unit 3;Saffron Walden;CB11 3AQ;52.0175908;0.2541355
GB 1037;Parkers Foodservice Ltd;Unit X;Arundel;BN18 0BF;51.1387532;-2.9966585
GB 1040;Vantage Foods Limited;Unit P & Q;Poole;BH12 4NU;50.7516200;-1.9443500
GB 1046;Northern Catering Butchers Ltd;Unit 3;Rotherham;S60 1RU;53.3919527;-1.3774223
GB 1052;Freshasia Foods Ltd;Unit 27;Erith;DA18 4AA;51.4851615;0.1562210
GB 1057;Roofe Catering Butchers Ltd;White Lodge Business Estate;Norwich;NR4 6DG;52.6029263;1.2869570
GB 1060;Ashlyns Catering Limited;High Laver Hall;Ongar;CM5 0DU;51.7575400;0.2113600
GB 1061;Bidfresh Ltd T/A Campbell Bros;2 Tom Cribb Road;London;SE28 0FN;51.4919602;0.0787609
GB 1065;Traymoor Ltd;Kingston;White Roding;CM6 1RP;51.7901400;0.2614600
GB 1067;Swannington Farm to Fork;Woodlands Farm;Norwich;NR9 5NN;53.3846534;-1.3501622
GB 1069;Philip Dennis FoodService Limited (T/A Philip Dennis Foodservice);Unit 4;Barnstaple;EX31 3TD;51.0797092;-4.0707342
GB 1072;Kazon Limited;Unit 1;London;E17 6BH;51.5942273;0.0236869
GB 1073;Clark & Son (Long Melford) Limited;Unit 3 Cordell Works;Long Melford;CO10 9EH;52.0785500;0.7196800
GB 1080;C & P (Meat Sales) Limited;Plot 11;Gloucester;GL4 3RW;51.8477365;-2.1751487
GB 1085;M S Foods Ltd;Camford Way;Luton;LU3 3AN;51.9212753;-0.4799715
GB 1087;Thomas Stratton;The Meat Depot;Ipswich;IP8 4DU;52.0758875;1.0971993
GB 1090;Cleveleys Foods Limited;Moat Farm;Halesworth;IP19 0NY;51.1150400;0.2565256
GB 1092;D T Independent Foods Limited;Unit 4;Basildon;SS14 3JF;51.5765482;0.4047982
GB 1095;Blakemore Meats;Unit 5;Wolverhampton;WV10 7QZ;52.5956339;-2.0908923
GB 1096;M J Birtwistle & Co Ltd;1 Ferrous Way;Manchester;M44 5FS;53.4317279;-2.4288508
GB 1099;Annas Happy Trotters Limited T/A Annas Happy Trotters;Kilpin Hall Farm;Goole;DN14 7TJ;53.7362311;-0.8402307
GB 1100;2 Sisters Food Group Ltd;George Street;Perthshire;PH13 9LU;55.9523846;-3.2034822
GB 1101;Anglo Beef Processors UK T/A ABP Perth;Inveralmond Industrial Estate;Perth;PH1 3XB;56.4192214;-3.4683306
GB 1103;Neerock LTD T/A Woodhead Brothers;Markethill;;AB53 4PA;57.5420600;-2.4587100
GB 1106;Kepak Group Ltd T/A McIntosh Donald;Cookston Road;Aberdeen;AB12 4QB;57.0663628;-2.1323755
GB 1107;James Chapman (Butchers) Ltd;35 Glasgow Road;Lanarkshire;ML2 7PG;55.8037667;-4.0606078
GB 1118;Stornoway Abattoir / Comhairle Nan Eilean Siar;The Abattoir;Stornoway;HS1 2RF;58.2066400;-6.3785000
GB 1125;John M Munro Ltd;West End;Dingwall;IV15 9QF;57.5998517;-4.4427280
GB 1135;Archibald MacLean T/A Gearadhmor;The Slaughterhouse;Isle of Barra;HS9 5XS;56.9845500;-7.5003000
GB 1136;Quality Pork Processors Limited;The Abattoir;Brechin;DD9 7RU;56.7264600;-2.6382600
GB 1139;Jameel Poultry Limited;83 Stromness Street;;G5 8HS;55.8473771;-4.2641748
GB 1142;Nazar Scotland Ltd T/A Nazar Halal Meats;90 Kilbirnie Street;;G5 8JD;55.8465813;-4.2618900
GB 1150;Ali Cetin, Dogan Kaya, Ercan Kaya T/A Turkish Double Doner Kebab Company;84 Glentanar Road;Glasgow;G22 7XS;55.8947315;-4.2583308
GB 1151;Navstar Limited T/A Efes Navstar Ltd;76 Kilbirnie Street;;G5 8JD;55.8469291;-4.2645869
GB 1152;B&M Sausages Ltd;292 - 294 Glentanar Road;;G22 7XS;55.8947315;-4.2583308
GB 1154;Lothian Catering Butchers Limited;3 Adam Square;Livingstone;EH54 9DE;55.8661189;-3.5308358
GB 1160;Millers of Speyside Ltd;Strathspey Industrial Est;Morayshire;PH26 3NB;57.3217500;-3.6225900
GB 1170;Pak Poultry Products Limited;78/80 Strathmore Road;Glasgow;G22 7DW;55.8974225;-4.2594602
GB 1178;Highland Game Limited;Baird Avenue;Dundee;DD2 3TN;56.4830755;-3.0129954
GB 1184;The Ardgay Game Factory Ltd;Southside Estate;Sutherland;IV24 3AP;57.8997971;-4.3480918
GB 1190;Simpson Game Limited;Unit 3 Station Road;Newtonmore;PH20 1AR;57.0604548;-4.1226459
GB 1193;Gordon McWilliam (Aberdeen) Limited;37 St Clement Street;;AB11 5FU;57.1463393;-2.0808589
GB 1202;Hugh Black & Sons Ltd;185 Caledonian Road;;ML2 0HT;55.7709966;-3.9237244
GB 1208;Rehman Poultry Ltd T/A Rehman Poultry;Unit 1;Glasgow;G5 0BH;55.8680459;-4.2598652
GB 1210;Rodgers Butchers (Wholesale) Ltd T/A Rodgers Butchers;11 South Avenue, Unit 7/8;Clydebank Business Park;G81 2NR;55.9063773;-4.4138645
GB 1213;Malcolm Allan Ltd;1 Central Boulevard;Stirlingshire;FK5 4RU;56.0333521;-3.8351267
GB 1214;Fresh Select Limited;Unit 3;Glasgow;G21 1HS;55.8684222;-4.1276012
GB 1217;Browns Food Group T/A The Scottish Gourmet;Station Road;;ML12 6LP;55.6209146;-3.5281827
GB 1218;Scott Meat Limited;Unit 5D;Glasgow;G21 2BN;55.8554543;-4.2578931
GB 1220;Ovens Retail Ltd T/A Mearns T McCaskie;McCaskie Butchers;Wemyss Bay;PA18 6AR;55.8762453;-4.8887173
GB 1223;Countrywide Foods Ltd;Unit A;Rutherglen;G73 1SU;51.7757699;-1.4870197
GB 1224;Frankel Ltd T/A Edgefield Craft Butchers;Edgefield Inustrial Estate;Midlothian;EH20 9TB;55.8837025;-3.1503166
GB 1225;Jackton Estates Limited;O Cathain Farm;Jackton;G74 5AN;55.7548164;-4.2458033
GB 1226;Dennis Thomson (Fresh Meat) LTD T/A Thomsons Foodservice;Unit 2&3 Block 1;Dumfries;DG1 3SJ;55.0924900;-3.5764900
GB 1227;PolMar Meats Ltd;Lomond Coldstore;Paisley;PA3 3AF;55.8635100;-4.4641400
GB 1228;Browns Manufacturing Ltd;Kelloholm Industrial Estate;Kelloholm;DG4 6RB;55.3804500;-3.9924500
GB 1230;Daata Meat & Poultry Ltd;106/108 Salamander Street;;EH6 7LA;55.9729759;-3.1561320
GB 1231;Robertsons Fine Foods Limited;1 Drummond Crescent;Irvine;KA11 5AN;55.5984572;-4.6438132
GB 1234;Wild Jura Ltd T/A Wild Jura;Coille Croft;Isle of Jura;PA60 7XG;56.7040729;-3.7283743
GB 1237;W & J Keith T/A Tullynessle Deer Farm;Broadbog;Alford;AB33 8DD;57.2866600;-2.7081500
GB 1239;Cayley Walton Partners T/A Peelham Farm Produce;Peelham;Berwickshire;TD15 1UG;55.8046900;-2.1031300
GB 1241;313 Food Service Ltd;101 Centre Street;;G5 8BU;55.8525900;-4.2621214
GB 1242;Braes Farming Company Ltd;Inverlochlarig;Lochearnhead;FK19 8PH;56.3317700;-4.5263799
GB 1243;Thos A Shaw T/A Shaws Fine Meats;12 Market Place;;TD2 6SR;55.7194436;-2.7490976
GB 1244;Burnhouse Game Farms Limited;Burnhouse Farm;;FK4 2HH;58.8404674;-3.2215167
GB 1505;Vivers Scotlamb Ltd;Dornocktown;Annan;DG12 6SU;54.9836900;-3.2022400
GB 1508;Michael Malone of Edinburgh Ltd;6 Newmarket Road;;EH14 1RJ;54.8988087;-2.9334406
GB 1515;Creative Foods Europe Ltd T/A Creative Foods Scotland;27 Glenburn Road;East Kilbride;G74 5BA;55.7692770;-4.2153283
GB 1516;James Chapman (Butchers) Ltd T/A Shotts Abattoir;Foundry Road;Motherwell;ML7 5DX;55.8179633;-3.7963727
GB 1517;Wishaw Abattoir Limited;185 Caledonian Road;Lanarkshire;ML2 0HT;55.7709966;-3.9237244
GB 1529;Halls of Scotland Limited;Glenburn Road;;KA9 2NS;55.4992131;-4.5917091
GB 1535;Sandyford Abattoir (Paisley) Ltd T/A Sandyford Abattoir;Sandyford Road;Renfrewshire;PA3 4HP;55.8620995;-4.4132759
GB 1536;John Scott Meat (Paisley) Limited T/A John Scott Meats Ltd;Sandyford Abattoir;Paisley;PA3 4HP;55.8622991;-4.4131798
GB 1541;A K Stoddart Ltd;Heathfield Abattoir;Ayr;KA8 9ST;55.4770781;-4.5993919
GB 1546;John Scott Meat (PMP) Ltd;Sandyford Abattoir;Paisley;PA3 4HP;55.8622991;-4.4131798
GB 1560;Anglo Beef Processors UK T/A ABP Bridge of Allan;Longleys;Stirling;FK9 4NE;56.1521773;-3.9638296
GB 1584;Border Meats Ltd T/A Lockerbie Abattoir;Mains Meadow;Scotland;DG11 2DE;55.1189659;-3.3551379
GB 1585;Mull Slaughterhouse Limited;Callachaly;Argyll;PA72 6JN;56.5165296;-5.9087573
GB 1598;Dunbia (UK) T/A Dunbia Highland Meats;Blakely Road;Ayrshire;KA21 5JQ;55.6341487;-4.7707412
GB 1621;Bidfresh Limited T/A Campbell Brothers;Unit 4;Bonnyrigg, Midlothian;EH19 3LW;53.5337604;-2.5645925
GB 1626;A K Stoddart Ltd;16 Dunnet Way;Broxburn, Edinburgh;EH52 5NN;55.9373077;-3.4519091
GB 1641;Richard Carmichael of Carmichael T/A Carmichael Estate Farm Meats;Warrenhill Farm;Lanarkshire;ML12 6PG;55.6288300;-3.7086500
GB 1647;Kezie Limited;Burnhouse Farm;Berwickshire;TD11 3TT;58.8404674;-3.2215167
GB 1648;Campbells Prime Meat Ltd;The Heatherfield;;EH49 6LQ;55.9782276;-3.6603295
GB 1661;J F Finlay and Company Ltd;185 Caledonian Road;North Lanarkshire;ML2 0HU;55.7709966;-3.9237244
GB 1664;Hugh Black & Sons Ltd;Block 3, Unit 10;Bathgate;EH48 2RX;55.8916600;-3.6561900
GB 1672;W W Wales Limited;Unit 4;Kilmarnock, Ayrshire;KA1 4AY;55.5835206;-4.5066740
GB 1680;Simon Howie Butchers Ltd T/A Simon Howie Foods;Findony Farm;Dunning, Perthshire;PH2 0RA;56.3018300;-3.5843400
GB 1685;WildScot Gamedealer Limited T/A The Scottish Venison Company;Unit 3;Broomiesburn Road, Ellon;AB41 9RD;51.4552063;-0.9732178
GB 1686;John Morrison T/A Lochmaddy Slaughterhouse;The Old Bank House;Isle Of North Uist;HS6 5AE;50.9863297;-0.6104679
GB 1692;William G Young, William G Young (Jnr), John Young, Elizabeth Young T/A The Firm of WG Young, Overton Farm Butchery;Overton Farm;Lanarkshire;ML8 5QF;55.7164450;-3.8891919
GB 1701;Hubertus Game Ltd;Ferry Road;Perthshire;PH16 5DD;56.7021560;-3.7322205
GB 1702;McLays Limited;70 Glentanar Road;Glasgow;G22 7XS;55.8947315;-4.2583308
GB 1704;Burnside Farm Foods;Burnside Farm;Kelso;TD5 8NR;53.8338971;-1.3972518
GB 1715;Anglo Beef Processors UK T/A ABP Penston;Penston Road;Glasgow;G33 4AG;55.8657958;-4.1439599
GB 1724;Scott Brothers (Dundee) Limited;206 Strathmartine Road;;DD3 8DE;56.4770104;-2.9831396
GB 1725;Frank Yorke & Grant Yorke T/A Yorkes of Dundee;30 Strathmartine Road;Angus;DD3 7RJ;56.5030931;-3.0117299
GB 1727;Grants of Speyside;Unit 6;Grantown-on-Spey;PH26 3NB;51.7766984;-1.4819582
GB 1735;Dunlossit Trustees Limited;Avonvogie Abattoir;Isle of Islay;PA42 7DE;55.7221500;-6.2260400
GB 1737;Mrs Joan Houliston & Mrs Melissa Houliston T/A Galloway Foodservice;Unit 2, Lochside Ind Est;Dumfries;DG2 0JE;55.0875100;-3.6420127
GB 1738;Braehead Foods Ltd;Unit 7;Kilmarnock;KA2 0FE;55.5833745;-4.5064625
GB 1740;John Henderson (Meat Specialists) Ltd;Unit 8;Faraday Road;KY6 2RU;56.1804706;-3.1934268
GB 1742;David Killoh Meat Co Ltd;Unit B;Peterhead;AB42 1BN;51.7757807;-1.4870721
GB 1743;Euro Fast Food Distribution Ltd;19 Hawbank Road;East Kilbride;G74  5EG;55.7728212;-4.2132853
GB 1744;We Hae Meat Ltd;Cairnhill Farm;South Ayrshire;KA26  9RE;55.2639100;-4.7806000
GB 1745;Mohammed Parvez T/A Supreme Food Processors;Unit 7 Milton Road;Lanarkshire;G66 1SY;55.7664568;-4.2126000
GB 1750;J Gilmour & Co Limited;The Industrial Building;Macmerry;EH33 2AJ;55.9400200;-2.8904400
GB 1751;Clanmill Ltd T/A Original Doner Kebab;57b Beardmore Way Road;Clydebank;G81 4HT;55.9074981;-4.4339660
GB 1756;SLMG Trading Ltd T/A Shetland Abattoir;Shetland Rural Centre;Lerwick;ZE1 0NA;60.1607204;-1.1822440
GB 1757;Border Meats Ltd;Goods Station Road;;DG11 2DB;55.1197154;-3.3538826
GB 1758;Samsun Trading Ltd T/A Samsun Ltd;1D Lyon Road;Paisley;PA3 3BQ;55.8426944;-4.4941663
GB 2001;DECKERS TRADING LTD;Unit F;Rochdale;OL11 3EX;51.4906573;-0.0383620
GB 2006;TCR Food Services Limited;Unit 71;Birmingham;B24 8TG;52.5297699;-1.8684327
GB 2012;TPB Foods Limted;Unit 12 Tonge Bridge Industrial Estate;Bolton;BL2 6BD;53.5819523;-2.4151742
GB 2014;Hazels Butcher sLtd;1a Corbet Avenue;Norwich;NR7 8HR;52.6495894;1.3192409
GB 2018;The London Meat Company Limited;Unit 5;West Drayton;UB7 8HZ;51.5027268;-0.4704511
GB 2019;HCF Poultry Ltd;Station Yard;Bradford;BD13 5HP;50.7797355;-3.0032500
GB 2020;M I B United Meat Ltd;Units 1 - 3;Enfield;EN3 7RL;51.6825453;-0.0774356
GB 2023;Soanes Poultry Ltd;;Driffield;;54.0050199;-0.4391090
GB 2026;Pinnacle Foods Limited;;Alton;;51.1489036;-0.9757677
GB 2028;James Hall & Co Ltd T/A Spar Distribution Centre;Spar Distribution Centre;Preston;PR2 5QT;53.7925706;-2.6485205
GB 2030;C & G Wholesale Foods Ltd;Unit 3 Waterside Park;Bury;BL0 0AD;53.4084572;-2.8495230
GB 2031;JB Foods (Yorkshire) Limited;Iron Works Business Park;Bradford;BD4 8SQ;53.7860500;-1.7319300
GB 2032;Supreme Halal Poultry UK Ltd;Landor Street;Birmingham;B8 1AE;52.4828701;-1.8651720
GB 2033;Reeves Butchers Ltd;Unit 11 Brickfields;Bracknell;RG12 1NQ;51.2421015;-0.7840182
GB 2035;PMJ Foods UK Ltd.;Norman Collett House;Tonbridge;TN12 6UT;51.1856397;0.3902915
GB 2037;2 Sisters Food Group Ltd;Ram Boulevard;Scunthorpe;DN15 8QW;53.6092051;-0.6648790
GB 2044;Peter Gradon Meat & Poultry Marketing Ltd;Marsh Dene Farm;Halifax;HX3 9NR;53.7172973;-1.8387522
GB 2045;Dovecote Park Ltd;The Abattoir;Pontefract;WF8 3DD;53.6707899;-1.2343200
GB 2056;Linden Foods Burradon;Quarry Cottages;Cramlington;NE23 7NB;51.2785090;0.1783138
GB 2057;County Foods Ltd;Units 1-3;Poole;BH15 3SU;50.7212147;-1.9630289
GB 2058;Honeywell Meats Ltd;Eaves Lane;Preston;PR4 0BH;53.8267978;-2.7599705
GB 2059;Aire Valley Frozen Foods Ltd;Unit 12;Keighley;BD21 4LZ;53.8516113;-1.8799491
GB 2060;Karro Food Limited (T/A Malton Bacon Factory);Hugden Way;Malton;YO17 9HG;54.1324558;-0.7695095
GB 2064;Hussain Meats Ltd;Unit 1;Southall;UB1 3EL;51.4972558;-0.4007510
GB 2066;Thompson (Wholesale Meat) Ltd;Marshall Green Abattoir;Durham;DL14 0AQ;54.6794807;-1.7608038
GB 2067;JAK Food Services Limited;Unit B;Ipswich;IP6 0NX;52.0539329;1.1587108
GB 2077;FOYLE MELTON MOWBRAY;Melton Road;Melton Mowbray;LE14 3PR;52.7084933;-1.0538248
GB 2078;R & P Meats Ltd;Cherry Orton Road;Peterborough;PE2 5EH;52.5485804;-0.2974493
GB 2091;Spenborough Abattoir Ltd;Headlands Road;Liversedge;WF15 6PR;53.7100952;-1.6969022
GB 2093;Cranswick Country Foods Plc;Staithes Road;Hull;HU12 8TB;53.7558453;-0.2060967
GB 2095;Hartshead Meats Ltd;;Ashton-under-Lyne;;53.4865407;-2.0986910
GB 2100;Dunbia Carnaby;;Bridlington;;54.0822420;-0.1908647
GB 2102;N Bramall & Son Ltd;The Abattoir;Sheffield;S36 8YB;53.5207289;-1.5822562
GB 2103;T S Hartley & Sons Ltd;The Butchers Shop;York;YO61 1SN;53.3457358;-1.3554608
GB 2110;Osborne Poultry Ltd;Unit 4;Birmingham;B11 2NT;52.4836573;-1.8985733
GB 2118;Grove Foods Ltd;Unit 14;Southall;UB2 5FD;51.4972558;-0.4007510
GB 2119;Umutet Limited;Unit 4B;London;N17 0EB;51.4762579;-0.1997488
GB 2125;Barbican Supplies Ltd;26-30 Bernard Road;London;N15 4NE;51.5822630;-0.0681258
GB 2138;West Scottish Lamb Limited;The Abattoir;Carlisle;CA3 0EH;54.9233845;-2.9576924
GB 2139;H C Airey & Sons Ltd;The Abattoir;Grange over Sands;LA11 6JE;54.2445544;-2.9274307
GB 2141;ABP YORK;Murton Abattoir;York;YO19 5GH;53.9615000;-1.0098100
GB 2143;W A FOODS;5 Pomona Road;Shanklin;PO37 6PF;50.6270511;-1.1799842
GB 2144;Island Foods Limited;Units 6 & 8;Ryde;PO33 1QT;50.7324476;-1.1533938
GB 2147;J A Mounfield & Son Ltd;White House;Selby;YO8 6LS;53.8180073;-0.9154836
GB 2155;Andrews of Cambridge;Unit 1 The Brickyards Industrial Estate;Cambridge;CB1 3EW;52.2087022;0.1491706
GB 2161;J A Jewitt (Meat) Ltd;Low House;Durham;DL16 7QD;54.6840519;-1.6243659
GB 2166;Block and Cleaver Limited;Unit 4M;Swanley;BR8 8DX;53.8125928;-1.7610437
GB 2168;G & A DENNEY;Johnscales Farm;Lyth;LA8 8DG;54.2758828;-2.8325672
GB 2172;Foyle Gloucester;Forest Vale Industrial Estate;Cinderford;GL14 2PH;51.8260961;-2.5115094
GB 2174;Rapyal Meat & Poultry Ltd;4b Talbot Way;Birmingham;B10 0HJ;52.4637899;-1.8456215
GB 2184;Yorkshire Premier Meat;Unit 56;Pontefract;WF9 3NR;53.6272736;-1.3387409
GB 2189;The Quality Meat Company Limited;6 Chertsey Road;Windlesham;GU20 6ET;51.3649752;-0.6537306
GB 2191;Premium Poultry Products Limited;Fishermans Wharf;Bolton;BL3 6BW;51.1292586;-3.0019107
GB 2198;James White Butchers Ltd;65 Main Street;Driffield;YO25 9QN;53.9946582;-0.4514366
GB 2199;E V SLACK & SONS;;Doncaster;;53.5227681;-1.1335312
GB 2201;RK Livestock;Unit 7 and 8;Bradford;BD8 7DD;53.8052700;-1.7620500
GB 2227;Underwood Meat Company Limited;Unit 4 Corium House;Godalming;GU7 1JX;51.1878081;-0.6028613
GB 2229;Link Foods Ltd;Unit 7 & 8;Wolverhampton;WV2 2QJ;52.5877759;-1.9881299
GB 2241;Woolley Bros (Wholesale Meats) Ltd;Rother Valley Way;Sheffield;S20 3RW;53.3313684;-1.3310249
GB 2246;William White Meats Limited;32-36 Thurrock Commercial Centre;South Ockendon;RM15 4YA;51.4983901;0.2278160
GB 2248;Melton Meat Limited;The Abattoir;Melton Mowbray;LE14 2QN;52.7020399;-0.8226400
GB 2252;R & S (Wholesale Butchers) Ltd;4 Strickland Street;Hull;HU3 4AQ;53.7349920;-0.3585051
GB 2253;Zabihah Ltd;Unit 9;London;NW10 0UF;51.5426456;-0.1302189
GB 2256;HV Graves;24 Gladstone Place;Briston;NR24 2LE;51.5211158;0.2050625
GB 2257;Weddel Swift Distribution Ltd;52-64 English Street;Hull;HU3 2DT;53.7367763;-0.3488198
GB 2261;J. W. Young (Butchers) Ltd;10 Baker Street;Sheffield;S9 3WG;53.3945926;-1.4338224
GB 2263;Handcross Butchers Ltd;Windy Hills;Haywards Heath;RH17 6BN;51.0534673;-0.2001637
GB 2270;Select Poultry and Meat Ltd;27 - 29 Fowler Road;Ilford;IG6 3UT;51.6086316;0.1231880
GB 2274;Miller Food Service;Unit 5;Hull;HU7 0YN;53.7261490;-0.4011337
GB 2277;D W GILLETTE CATERING BUTCHERS;4b Scotts Close;Salisbury;SP5 3RA;50.7003200;-1.4198343
GB 2284;Walter Rose and Son Limited;21/22 Sidmouth Street;Devizes;SN10 1LD;51.3520011;-1.9911121
GB 2285;JOHN PENNY AND SONS;Low Green Farm;Leeds;LS19 6NU;53.8485400;-1.6757200
GB 2289;Lancashire Direct Halal Meat Ltd;Alam Buildings;Blackburn;BB1 3AR;53.7498500;-2.4687400
GB 2291;L Wood & Sons;OCot Farm;Huddersfield;HD3 3FW;53.6399010;-1.9020865
GB 2296;THE EDEN VALLEY MEAT COMPANY LTD;Scarfoot;Penrith;CA11 9PF;54.5341526;-2.9337252
GB 2298;South Downs Venison and Game Ltd;The Old Dairy;Petworth;GU28 0LT;51.7870570;-1.4716949
GB 2301;Perdon Organics Ltd;Honiton Road;Cullompton;EX15 1QQ;50.8561308;-3.3686514
GB 2302;Hadfield Catering Butchers Ltd;Unit 11 Enterprise Park;Sheffield;S9 3JL;53.2992930;-1.0787239
GB 2303;John Hawkes T/A J E Hawkes;Unit 4;Keighley;BD21 4NY;53.8678952;-1.9090600
GB 2307;Taylors Catering Foods Ltd;Unit 12a-14;Bromsgrove;B60 4DT;52.3028400;-2.0880100
GB 2312;Weddel Swift Distribution Ltd;Unit 300 Felnex Close;Leeds;LS9 0SN;53.7878019;-1.4983750
GB 2316;The Original Chicken Co. Ltd.;Fresh Food Distribution Centre;Preston;PR2 9ZB;53.7947744;-2.6886717
GB 2318;Al-Haq Poultry Wholesale Limited;Unit D;Manchester;M24 2FD;53.5014966;-2.6367939
GB 2324;Adam Halal Foods Limited;Blews Street;Birmingham;B6 4EP;52.4910786;-1.8935016
GB 2332;Imran Halal Limited T/A Imran Halal Poultry;Bell Farm;Bovingdon;HP3 0NQ;52.5887849;0.5115806
GB 2336;Cam Catering Butchers Ltd;Unit H9;Dursley;GL11 5DQ;51.7101526;-2.3641662
GB 2343;J & E Medcalf Ltd;The Abattoir;Halifax;HX4 9BJ;53.6750806;-1.8610003
GB 2351;Kurpas Meats Plc;Unit 4;Manchester;M11 2WJ;53.4769833;-2.2263513
GB 2362;Nidderdale Poultry Products Ltd;Sunnyside Farm;Pateley Bridge;HG3 5EY;53.2946958;-0.1113688
GB 2368;J S Quality Meats Limited;Cotton Mill Farm;Uttoxeter;ST14 5AA;52.9082693;-1.8597883
GB 2370;R MANNERS & SONS LTD;Meadowfield;Newcastle Upon Tyne;NE20 9SF;55.0115037;-1.6418412
GB 2371;Cranswick Riverside;William Wright Dock;Hull;HU1 2ET;53.7296800;-0.3637000
GB 2382;Walkers Midshire Foods (Ham);123 Cobden Street;Leicester;LE1 2LB;52.6448374;-1.1184625
GB 2384;Newhouse Game;Unit 1 Stone Farm;Southampton;SO45 1AB;50.8038976;-1.3403486
GB 2388;Dunbia Cumbria;;Ulverston;;54.1904260;-3.0838997
GB 2397;Rowland Agar (Wholesale Butchers) Limited;The Abattoir;Ilkley;LS29 8HX;53.9266300;-1.8180100
GB 2399;Chai Meats Limited;182 Hammerton Street;Bradford;BD3 9RD;53.7880637;-1.7350842
GB 2400;Cranstons Quality Butchers Ltd;Ullswater Road;Penrith;CA11 7EH;54.6566557;-2.7607288
GB 2401;J & D Papworth Ltd;Woodhouse Farm;Fakenham;NR21 0QL;52.4308252;0.2854031
GB 2406;G Bolam (Foods) & Sons Ltd;Salters Lane Industrial Estate;Stockton-on-Tees;TS21 3EE;54.6619063;-1.4482630
GB 2410;Ravendale Foods Ltd;Unit 2;Consett;DH8 7RN;54.8568859;-1.8192672
GB 2414;TOWERS THOMPSON MEXBOROUGH;Cliff Street;Mexborough;S64 9HU;53.4924230;-1.2919178
GB 2415;Clarke and Whitham Ltd;Allen Row;Huddersfield;HD1 4RR;53.6428422;-1.8005682
GB 2425;J Mallinson Ltd;Heys Lane;Halifax;HX2 8UL;53.7537147;-1.9548434
GB 2427;Holden Meats Ltd;C/o Sheffield Cold Store;Sheffield;S9 1FF;54.7023545;-3.2765753
GB 2428;R and M Meats;The Factory;Bingley;BD16 4JH;53.8356887;-1.7951483
GB 2430;Yorkshire Abattoir Services Limited;;Ossett;;53.6780539;-1.5765949
GB 2440;L & A DENT (GAME DEALERS) LIMITED;Ghyll Farm;Leyburn;DL8 4AY;54.5446255;-3.4196978
GB 2443;HDV Food Limited T/A SS Meat Wholesale Carrolla Products Daniels Refrigerated Transport;Hall 2;West Auckland;DL14 9HT;54.6382895;-1.6865793
GB 2444;Pak Poultry Products Limited;12 Millgate;Huddersfield;HD1 4SD;53.6411161;-1.8031192
GB 2446;Fresh Fields Foods Ltd;25 Wharf Street;Halifax;HX6 2LA;53.7094474;-1.9081821
GB 2452;Country Valley Foods Ltd;Gillander House;Billingham;TS23 3TA;54.6074940;-1.2784787
GB 2453;Barkers Yorkshire Butchers Limited;Unit 1;Skipton;BD23 1UD;53.9865432;-2.1003540
GB 2457;Yorkshire Dales Meat Co Ltd;Yorkshire Dales House;Bedale;DL8 1FN;54.3260700;-1.6402400
GB 2458;ABP Doncaster;Lincolnshire Way;Doncaster;DN3 3FF;53.5383202;-1.0313525
GB 2462;Turner & Price Ltd;Wiltshire Road;Hull;HU4 6PD;53.7286171;-0.3879646
GB 2464;Underwood Meat Company Ltd;15 Ashley Business Court;Rotherham;S60 1RU;53.4355600;-1.3556100
GB 2465;ANDREW E SEED;;Harrogate;;53.9921491;-1.5391039
GB 2466;HOLDSWORTH;Rawroyds Road;Halifax;HX4 9ED;53.6762121;-1.8628308
GB 2468;Doric Game Ltd;Springwell Works;Leeds;LS7 2DF;53.8149880;-1.5431576
GB 2469;Ralph Pearson;Unit 1;Bradford;BD4 7EZ;53.7825498;-1.7147818
GB 2470;OX CLOSE FINE FOODS;Ox Close Farm;Wetherby;LS22 5HW;53.9647900;-1.3804800
GB 2471;R & J YORKSHIRES FINEST;Wateredge;Ripon;HG4 3RJ;54.3156364;-2.8686830
GB 2473;Pakeezah Meat Suppliers Ltd;91 Edderthorpe Street;Bradford;BD3 9UD;53.7929241;-1.7381644
GB 2475;FREEMAN CATERING BUTCHERS;353a Dukesway Court;Gateshead;NE11 0BH;54.9290020;-1.6254061
GB 2477;LANGTHORNES BUFFALO PRODUCE;Crawford Grange;Northallerton;DL6 2PD;54.3701251;-1.4396131
GB 2483;R P J MEAT WHOLESALE LTD;Unit 7 Ripley Road Industrial Estate;Bradford;BD4 7EX;53.7802000;-1.7472000
GB 2484;Warren Butterworth Catering Butchers Limited;Unit 4 & 5;Newcastle-upon-tyne;NE15 9HW;55.0386788;-1.7107707
GB 2487;Best Meat (UK) Ltd;4-8 Houghton Road;Sheffield;S25 4NZ;53.3666261;-1.2354762
GB 2488;J W Young (Butchers) Ltd;10 Baker Street;Sheffield;S9 3WG;53.3945926;-1.4338224
GB 2489;Sykes House Farm Ltd;Walton Road;Wetherby;LS23 7DR;53.9236843;-1.3461900
GB 2490;B S Meats;09-Nov;Swinton;M27 8SE;53.5149161;-2.3240759
GB 2491;Country Harvest Frozen Foods Ltd;Sutherland House;Darlington;DL1 2PB;51.4705904;0.0539462
GB 2494;Thompsons Food Service Ltd;Nelsons Yard;Great Yarmouth;NR30 3PR;52.1338904;-0.9914943
GB 2495;Imperial Fast Food Distribution Ltd;Unit 13;London;E11 1HD;51.6120775;-0.4571742
GB 2496;KHT (UK) Ltd;Unit 9;Sutton;SM3 9QR;51.3814265;-0.2029319
GB 2498;S R Cooper Meats Ltd;1 Hornsby Square;Basildon;SS15 6SD;51.5763287;0.4021853
GB 2500;JLP Meat Trading Limited;Unit 3;London;NW2 7LW;51.5923590;-0.1059426
GB 2501;A. J. Leese Turkeys Ltd;Goldhurst Farm;Stoke-on-Trent;ST10 4HY;52.9520300;-1.9562000
GB 2513;Hackney Meat Traders Ltd;Anglesey House;Dagenham;RM8 1QH;53.3270013;-3.8353765
GB 2517;Majestic Meat Ltd;Alliance House;Bradford;BD8 0HR;51.5519562;-0.0859825
GB 2518;Packington Free Range;Blakenhall Park;Burton on Trent;DE13 8AJ;52.7600013;-1.7475199
GB 2523;Herb Fed Ltd;The Shires Farm;York;YO61 3EH;54.0963600;-1.1931200
GB 2524;Robert Hawker Venison Limited;Highland Farm;Cullompton;EX15 3RU;51.8544567;-0.1985310
GB 2525;John Coysten Meats;6 Hemmells;Basildon;SS15 6ED;51.5835852;0.4218098
GB 2535;Stoke Chicken Limited;Unit 5;Stoke-on-Trent;ST3 5XA;53.0454564;-2.1888124
GB 2536;Pickstock Telford Limited;45 Hortonwood Industrial Estate;Telford;TF1 7FA;52.7229807;-2.4725174
GB 2537;Noor Halal Foods Limited;Unit 3;Tipton;DY4 9LG;52.5294472;-2.0502153
GB 2541;Burts Catering Butchers Limited;Unit 25;Bexhill On Sea;TN39 5BF;54.6121831;-5.9274148
GB 2544;Swaledale Butchers Ltd;Unit B;Skipton;BD23 2QR;51.7757807;-1.4870721
GB 2546;Elite Poultry Limited;Unit 2A Maggs Lane;Bristol;BS5 7EW;51.4705041;-2.5426467
GB 2547;Ben Creese Country Butchers Ltd;Units B & C;Gloucester;GL19 3NX;53.0469796;-2.9964057
GB 2548;Turners Game;The Barn;Canterbury;CT3 1UZ;51.2691781;1.1393964
GB 2551;Takbeer Poultry and Products Ltd;Unit 4;Bradford;BD8 0HR;53.8167746;-1.7346765
GB 2552;Asia Halal Meat Supplier Ltd;Unit 2;Birmingham;B12 0UL;52.4840503;-1.8985043
GB 2553;Haq Bahu Meat and Poultry Limited;Unit 1a;Birmingham;B12 0UL;52.4136615;-1.8805287
GB 2554;E & P Catering Butchers Limited;Barlow House;Coventry;CV2 2LD;51.2089750;-0.7963358
GB 2557;Wiltshire Bacon Company;Unit 27 Marsh Farm;Trowbridge;BA14 7PJ;51.0814695;-2.5906688
GB 2558;John Crawshaw Butchers;518-522 Manchester Road;Sheffield;S36 2DW;53.4824169;-1.5932845
GB 2563;Al-Noor Poultry Limited;66 Cheapside;Birmingham;B12 0PG;52.4724785;-1.8864752
GB 2564;Huntsham Heritage Meats Ltd;Huntsham Court Farm;Ross-on-Wye;HR9 6JN;51.8609617;-2.6258036
GB 2566;Bearfields of London;Units 12362627 & 28;London;E11 1HD;51.5685719;-0.0036086
GB 2569;Severn Valley Lamb Limited;Newtown Abattoir;Great Wyrley;WS6 6AY;52.6397000;-2.0091600
GB 2571;Shahzad Halal Butchers;593F Atlas Road;Wembley;HA9 0JH;51.5591408;-0.2692636
GB 2575;P J Poultry Limited;Units 1 & 2 Euro Enterprise Park;Birmingham;B11 1BT;52.4677732;-1.8750509
GB 2576;BFC Distribution Limited;Unit 17 Forest Business Park;London;E10 7FB;51.5722399;-0.0401669
GB 2578;Danish Crown Manchester;57 Stanley Road;Manchester;M45 8GZ;53.4632299;-2.2675700
GB 2581;Metro Chicken & Meat Limited;Unit 25;Enfield;EN3 4LQ;51.6825453;-0.0774356
GB 2584;Steakout Meat Company Limited;102 Anchor Business Park;Croydon;CR0 4YX;51.3723900;-0.1295600
GB 2586;Great Central Meats Limited;11 Festival Drive;Loughborough;LE11 5XJ;52.7821998;-1.2149602
GB 2589;Lakes and Dales Limited;Unit 5 and 6;Poulton-Le-Fylde;FY6 8JF;53.8439150;-2.9695604
GB 2595;Lincolnshire Game Ltd;The Steynings;Boston;PE20 3NQ;52.6133914;-0.2691876
GB 2597;Woodhouse Butchery South East Limited;Unit 2B;Haywards Heath;RH16 1TW;51.0363969;-0.1132520
GB 2600;Downland Produce;B5 Ashville Centre;Melksham;SN12 6ZE;51.3562100;-2.1399400
GB 2605;Taste Tradition Limited;Unit 1;Ripon;HG4 5BF;54.1475042;-1.5160450
GB 2606;Ruby & White Butchers;Unit 5B;Bristol;BS2 0JZ;51.1419543;-2.9895240
GB 2614;Danish Crown Bugle;Ebenezer;St Austell;PL26 8RR;51.5243098;-1.7975224
GB 2615;Le Marche Des Chefs;Unit 4;London;SE8 5QA;51.5114434;-0.0653591
GB 2616;Jolly Foods (Oxon) Limited;11 Ventura Park;Carterton;OX18 1AD;52.6259839;-1.6979155
GB 2619;Subhan Halal Meat;Unit 13/19;London;UB6 7JD;51.5362863;-0.3138114
GB 2622;Buxton Butchers Ltd;Unit 22;Bristol;BS20 0NH;54.6120926;-5.9271859
GB 2624;Bolton Halal Meat & Poultry Limited;Unit 11;Bolton;BL3 4JE;53.5572794;-2.4874368
GB 2628;MCB Butchers Ltd;2 Silver Wing Industrial Estate;Croydon;CR0 4RU;51.3600400;-0.1246500
GB 2633;Cesur Meat Limited;Unit 11A;London;N18 3HT;52.6467441;1.3270116
GB 2634;David Broster Limited;Scarr View Farm;Huddersfield;HD3 3SZ;53.6680188;-1.8426512
GB 2636;Rehman & Sons Meat Wholesale Ltd;Unit 13 and 14;Nelson;BB9 7PH;53.8406200;-2.2157900
GB 2638;Derya Meat Ltd;Unit F11;London;N18 3HU;51.6081200;-0.0375500
GB 2639;H&M Best Meat Ltd;Unit 14;Edmonton;N18 3HU;51.6131011;-0.0481281
GB 2641;Pepperells Meats Ltd;Unit 1;Harleston;IP20 9QN;52.4103900;1.3193397
GB 2645;Todenham Manor Farm;Lower Farm;Todenham;GL56 9PQ;51.4963281;-3.6464324
GB 2646;Goodwood Estate Company Limited (The);Home Farm;Chichester;PO18 0QF;50.8716200;-0.7219400
GB 2650;Manningham Poultry Ltd;Unit 6;Bradford;BD8 7DD;53.7820320;-1.7138380
GB 2653;Iqbal Poultry;Coulman Street;Doncaster;DN8 5JT;53.6172293;-0.9513212
GB 2654;Cootehill Poultry Products Limited;81 Wetherby Road;Derby;DE24 8HL;52.8969106;-1.4500738
GB 2655;Randall Parker Foodservice;1 Lindred Road;Nelson;BB9 5SR;53.8329704;-2.2360530
GB 2656;The Catering Butcher;216 Sutherland Road;Longton;ST3 1JB;52.9844488;-2.1213515
GB 2660;Riley Foods Limited;Dunnockshaw Farm;Burnley;BB11 5PP;53.7467261;-2.2817378
GB 2664;Love Joes;Empire Industrial Estate;Walsall;WS9 8UR;52.6160300;-1.9311300
GB 2666;Yeni Pinar Meat Centre Limited;Unit 7 & 8;Enfield London;EN3 7BJ;51.6842516;-0.0764536
GB 2669;Philip Warren & Son;1c Quarry Crescent;Launceston;PL15 7ED;50.6261405;-4.3745056
GB 2670;Manifold Valley Meats;Wellcroft Farm;Leek;ST13 7TT;53.0849028;-1.8729911
GB 2674;Kashmir Poultry Ltd;;Manchester;;53.4424618;-2.2324547
GB 2675;K.T.M. Meats Limited;Norfolk Road;Gravesend;DA12 2PS;51.4409802;0.3886422
GB 2677;Alis Raw Meat Ltd;Unit 9;Edmonton;N18 1SX;51.6162982;-0.0860491
GB 2679;CJ Butchers;Marsh Lane;Boston;PE21 7SJ;52.9645731;-0.0245905
GB 2682;M & J Pyne (Wholesale Division) Limited;Unit 1 Plot B;Somerset;TA6 6FA;51.1002522;-2.9983286
GB 2683;A and D Meats Limited;Unit 3 Moorfield Industrial Estate;Accrington;BB5 5WG;53.7762200;-2.3709699
GB 2684;Carnivore FMC Limited;23 Somers Road;Rugby;CV22 7DG;52.3729154;-1.2866445
GB 2686;Pinnacle Foods - Ripon;Bondgate Green;Ripon;HG4 1QW;54.1328276;-1.5183906
GB 2687;P.F.D (Carlisle) Limited;Montgomery Way;Carlisle;CA1 2RW;54.8931724;-2.8937654
GB 2690;Simpson & Sons;Windy Bank;Redditch;B96 6HH;53.4271308;-1.6130442
GB 2691;M & K Halal Meat & Poultry Ltd;Unit 13;Enfield;EN3 4SA;51.6825453;-0.0774356
GB 2692;Etchi Ltd;Unit 2;Enfield;EN3 7BJ;51.6518270;-0.0543693
GB 2693;Hopwells Commercial Butchers;Cortonwood Drive;Barnsley;S73 0UF;53.5096156;-1.3858633
GB 2695;M.S. Halal Poultry;Unit 18;Birmingham;B6 7DX;52.5048634;-1.8548963
GB 2698;Al Barakah Meats Ltd;Unit 44;Leicester;LE4 9LJ;52.6713789;-1.1051072
GB 2702;D Parker & Son Ltd;4 Central Avenue;Wallington;SM6 8NX;51.3627500;-0.1283338
GB 2705;Farnsworth Fresh Foods (Whalley) Limited;Cumberland House;Whalley;BB7 9SE;51.4189699;-0.2795201
GB 2707;Meat Direct 2 U Limited;1C Anthony Way;London;N18 3QT;51.6085127;-0.0397653
GB 2709;A & R Meats (NW) Limited;31c Girton Street;Manchester;M7 1UR;53.4932780;-2.2562650
GB 2710;S.Khan Poultry Ltd;26 - 28;Derby;DE23 8YH;53.0430976;-1.4468518
GB 2711;Premium Quality Meats Ltd;15c Bridge Road Industrial Estate;Bristol;BS15 4TA;51.5730266;-0.0139557
GB 2715;Oriental Food Express Limited;Unit 10 Shrophire food enterprise centre;Shrewsbury;SY1 3TG;52.7424860;-2.7292148
GB 2716;Bell Wholesale Limited;18 Randlesdown Road;London;SE6 3BT;51.4325956;-0.0203656
GB 2720;A & F Meats Limited;Corporation Farm;Chelmsford;CM3 6RH;51.6889899;0.6264600
GB 2721;KMC Food Group;Unit 8A;Bilston;WV14 7DW;52.5512913;-2.0505570
GB 2722;Glenfields Foods Limited;Unit 10;Northampton;NN3 6AX;52.2766776;-0.8589331
GB 2726;Prime Halal Poultry UK Ltd;Unit 3;Birmingham;B120UL;52.4806229;-1.8975730
GB 2727;Ewood Foods;Newhouse Road;Accrington;BB5 6NT;53.7654956;-2.3572483
GB 2728;Premium Halal Meat Poultry limited;205 Formans Road;Birmingham;B11 3AX;52.4486096;-1.8512989
GB 2730;Stephens Fresh Foods Limited;Units 10 20 21;Chatham;ME5 8UD;51.3285800;0.5451200
GB 2733;Mamo Meat Ltd;Unit 34/35;London;N17 0YX;51.6062900;-0.0598300
GB 2734;313 National Halal Limited;Premium House 205;Birmingham;B11 3AX;55.0386488;-1.7106696
GB 2736;Shariah Poultry Ltd;Unit 2;Dewsbury;WF13 2EJ;53.6942450;-1.6296588
GB 2738;Caterite Food and Wineservice Limited;Embleton;Cockermouth;CA13 9YA;51.2156562;-0.5337250
GB 2742;Abbis Meat Ltd;Unit 12;London;N18 1SX;51.5114975;-0.0663897
GB 2743;Derman Meat Ltd;Units 3B;Enfield;EN3 7BJ;50.9558844;-0.1377222
GB 2746;Pride of Africa Foods;99 Pritchett Street;Birmingham;B6 4ES;52.4913464;-1.8923282
GB 2749;Round Green Farm Meats Ltd;Round Green Farm;Barnsley;S75 3DR;53.5246308;-1.4981381
GB 2750;Cranswick Country Foods Eye;Cranswick House;Yaxley;IP23 8BW;52.3301100;1.1232200
GB 2753;As-Safwah Foods Ltd;Unit 1-2 Perry Street Trading Estate;Bilston;WV14 8RP;52.5554000;-2.0734200
GB 2754;Cote Kitchen (Butchery);Units 1-6;Hounslow;TW5 9NR;51.4565495;-0.4037692
GB 2755;Field to Fork Game Ltd;Manor House;York;YO62 6SN;53.9436907;-1.0432740
GB 2756;Khanjra International Foods Limited;Greenbank Business Park;Blackburn;BB1 3HU;53.7549014;-2.4496263
GB 2757;Beyran Meat Ltd;Unit A07;Enfield;N18 3HT;51.5080267;-0.0099494
GB 2758;Dukeshill Ham Company;Lodgepark;Telford;TF1 7ET;52.7190084;-2.4646252
GB 2759;B & B Meat Ltd;Unit 4;Enfield;EN3 7BJ;51.6842516;-0.0764536
GB 2760;Northamptonshire Food services Ltd;8a Rothersthorpe Avenue;Northampton;NN4 8JH;52.2262307;-0.9128312
GB 2762;H M Venison Ltd;Round Green Farm;Barnsley;S75 3DR;53.5246308;-1.4981381
GB 2763;Pickstock Foods Ltd;The Abattoir;Hartshorne;DE11 7FN;52.7938490;-1.5043848
GB 2764;Feedex Ltd;Unit 3 Top Deck;Bolton;BL4 0AN;53.5510300;-2.4542200
GB 2765;Philip Warren and Son Ltd;3 Dunheved Court;Lauceston;PL15 7ED;50.6273883;-4.3732429
GB 2771;Eastern Halal Poultry Ltd;Unit 3 Vale Drive;Oldham;OL9 6TP;53.5392932;-2.1254192
GB 2772;Rowler Farms;Rowler Farm;Brackley;NN13 5LN;52.0096599;-1.2031900
GB 2775;Sheikh Halal Limited;19 Gloucester Raod;Luton;LU1 3HX;51.8766366;-0.4080454
GB 2776;Pilgrims Pride Ltd - Bromborough;Riverside Road;Bromborough;CH62 3RL;50.8297914;-0.2695723
GB 2777;Westmorland Limited;Westmorland Place;Penrith;CA10 3SB;54.5830956;-2.4890354
GB 2779;W. Wing Yip PLC;375 Nechells Park Road;Birmingham;B7 5NT;52.4959202;-1.8706681
GB 2780;Maroush Group;5 McNicol Drive;London;NW10 7AJ;51.5340604;-0.2677235
GB 2784;Top Tier Poultry Ltd;Unit 77;Birmingham;B11 1DG;52.5297699;-1.8684327
GB 2787;Bernard Matthew Foods Limited;North Site - Factory 3;Norwich;NR9 5QD;52.7239271;1.1258715
GB 2789;R Owton (Wholesale) Butchers Limited;Unit 17 Chalcroft Distribution Park;Southampton;SO30 2PA;50.9450388;-1.3125183
GB 2791;Bailey and Sons Torbay Limited;Unit 14 Trojan Industrial Estate;Paignton;TQ4 7EP;50.4240177;-3.5891947
GB 2792;Meadow Meats Limited;Manor Farm;Barnsley;S75 3HA;53.5099653;-1.6065725
GB 2793;Bingol Meat Limited;Units 9 - 10;London;N17 8JA;54.4386812;-6.7494428
GB 2795;Goosemoor Foodservice Limited;Marsh Barton Farm;Exeter;EX3 0QH;50.6854579;-3.4487490
GB 2800;BS Meat Trading Ltd;Unit 7;London;N18 1SX;51.5658967;-0.0720811
GB 2801;Pasture Farm Foods Limited;Units 6-8;Colne;BB8 8LE;53.8540443;-2.2007879
GB 2805;Coastal Cuisine Ltd;The Cold store;Lowestoft;NR33 7NF;52.4444489;1.7166250
GB 2806;H P Westwood Limited;203 Station Road;Walsall;WS6 7EH;52.6666449;-2.0222414
GB 2807;Merkez Meat Ltd;Unit 11-12 Frontier Works;London;N17 8JA;51.6079500;-0.0760000
GB 2810;Bernard Matthews Foods (Derby) Limited;Sir Francis Ley Industrial Park;Derby;DE23 8YH;52.9024658;-1.4682383
GB 2811;Direct Table Foods Limited;Saxham Business Park;Bury St Edmunds;IP28 6RX;52.2578128;0.6443480
GB 2813;Deer Box Ltd;Ramsbury Smokehouse;Wiltshire;SN82NN;51.4544865;-1.6549820
GB 2816;Fosse Meadows Ltd;Stud Farm;North Wilworth;LE17 6JD;53.9496369;-0.8870522
GB 2817;The Green Butcher;Unit 2;Twickenham;TW2 6RG;51.4493516;-0.3353140
GB 2818;Freemans of Newent Limited (T/A Avara Foods);Wednesbury One;Wednesbury;WS10 7NZ;52.5544155;-2.0331873
GB 2819;DUA Wholesale Ltd;Unit 41;Peterborough;PE2 6UP;52.5723103;-0.3249738
GB 2820;Artisanbyrobert;Emilys Farm;Hook;RG29 1HT;51.2460400;-0.8889400
GB 2821;Halal Meat Store;Unit 1;Doncaster;DN1 2FA;53.4848508;-1.1028527
GB 2822;Beech Ridge Farm Limited;Beech Ridge Farm;Somerset;TA21 0NP;50.9652200;-3.3896900
GB 2825;Warrendale Wagyu Limited;Quarry House;York;YO42 1XG;54.1393083;-0.7747037
GB 2826;Clarkes Farmers Butchery Ltd;Low Road;Halesworth;IP19 9JH;52.3152862;1.5267388
GB 2827;KB Food Services Limited;Unit B;Northolt;UB5 5QJ;51.7757807;-1.4870721
GB 2828;The Meat Men Limited;Church Farm;Taunton;TA28HR;51.0611888;-3.1110695
GB 2831;IRC Cucina Limited;Unit A;Manchester;M17 1PF;53.5898735;-2.2770639
GB 2835;The Freedown Food Company Limited;Unit 44 London Stone Business Estate;London;SW8 3QR;51.4716857;-0.1516508
GB 2836;Real Meat Store;Unit 9;Wolverhampton;WV10 6RT;52.5926290;-2.1083228
GB 2837;The Blackmore Vale Butchery;Unit 1a Hardings Business Centre;Henstridge;BA8 0TF;50.9882359;-2.3633212
GB 2838;Hetton Management Services;Near North Hazelrigg;Alnwick;NE66 5SB;55.5963855;-1.9195532
GB 2840;Carrick Game;Commerical Building;Milfield;NE71 6JD;55.5981975;-2.1042314
GB 2841;Asko Foods Limited;1 Valley Farm;Royston;SG8 6JP;52.0869934;0.0095591
GB 2844;Chefs Cut Butchery Ltd;Unit 11;Nottingham;NG10 1AU;52.9419849;-1.1714530
GB 2845;Carver & Co Butchery;Unit 3A;Wigan;WN4 8DE;53.4886445;-2.6382186
GB 2851;Dong Fang Foods Ltd;Unit 4;London;E10 7QX;51.5114434;-0.0653591
GB 2853;AJ Food Packers Ltd;7 Mole Street;Birmingham;B11 1XA;52.4602630;-1.8741424
GB 2854;The Aurox Meat Company Ltd;2a - 2b Crompton Way;Fareham;PO15 5SS;50.8723969;-1.2590238
GB 2855;Gece Meat Ltd;Unit 2;Enfield;EN3 7BB;51.6518270;-0.0543693
GB 2857;Roexport;2 Osram Road;Wembley;HA9 7NG;51.5644800;-0.2998300
GB 2859;Finclass Limited;201-203;London;SE1 7LD;51.5830945;-0.3146555
GB 2860;Highlands Quality Limited;Unit 8;London;N9 0BG;51.5933903;-0.1126663
GB 2861;Celeplate;Units 609 - 611;London;NW10 6QN;51.5269905;-0.2597052
GB 2863;Glenn Lewin Butchers Limited;50 The Half Croft;Leicester;LE7 1LD;52.7009000;-1.0827317
GB 2864;Walesby Top Ltd;Walesby Top Farm;Market Rasen;LN8 3XA;53.4189456;-0.2799859
GB 2866;Spicetime;254 Summer Lane;Birmingham;B19 2PX;52.4948034;-1.8983555
GB 2868;Standard Plus Limited;New Road;Dudley;DY2 8SY;52.5023401;-2.0847415
GB 2869;Simply Prime Meat Ltd;Unit 1A;London;N18 1RA;51.5134839;-0.0691291
GB 2871;Meat Giant UK Limited;7 Imperial Way;Croydon;CR0 4RR;51.3559708;-0.1193542
GB 2872;Capital Meats Limited;Unit 11;London;N18 1SX;51.5126331;0.0062047
GB 2873;Korea Foods Company Limited;117 London Road;Mitcham;CR4 2JA;51.4097508;-0.1621290
GB 2874;A & B Catering Butchers;Unit 1;Maidenhead;SL6 3UA;51.4844339;-0.6175301
GB 2875;Meat Fest Ltd;Unit 7;London;N17 8JA;51.5658967;-0.0720811
GB 2876;Curtis Pitts Deer Services Ltd;Langlands Farm;Cullompton;EX15 3NA;50.8977600;-3.2934500
GB 2877;RSS Fast Food Supplies Ltd;Unit 9A;South Croydon;CR2 6PL;51.3267802;-0.1933346
GB 2878;Dipwood Storage & Distribution Limited;Princess House;Consett;DH8 7RN;53.4733005;-2.2367032
GB 2879;Swaran Food Service Ltd;67-69 Stafford Street;Wednesbury;WS10 7JX;52.5496392;-2.0226225
GB 2880;The Links Game Preparation Unit;8 Kings Street;Seahouses;NE68 7XP;53.9621269;-2.0073389
GB 2881;The Village Butchers Limited;Arces Lodge;Chelmsford;CM3 2JP;51.7629580;0.6287487
GB 2883;RR Alden Oxford Limited;Unit 2;Bicester;OX26 4SS;51.8991878;-1.1427453
GB 2884;H&M Meats Limited;120 Norwood High Street;London;SE27 9NH;51.4288358;-0.1008115
GB 2885;Golden Meat & Poultry Ltd;69 Thirsk Place;Derby;DE24 8JJ;52.8943923;-1.4530645
GB 2886;Halal Editions;Unit 1C;Leicester;LE5 5LF;52.6367537;-1.1005920
GB 2887;Oakland Park;Old Kiln Farm;Hermitage;RG18 9XX;51.4491795;-1.3108164
GB 2889;Cesur Meats Limited;Unit E13;London;N18 3HT;51.6085900;-0.0365600
GB 2891;Medina Poultry Products Ltd;Nagyaal Building;Nelson;BB9 9HG;53.8392831;-2.2049185
GB 2892;New Century Foods Limited;14 Ram Boulevard;Scunthorpe;DN15 8QW;53.6092051;-0.6648790
GB 2893;DTC Foods Limited;Bratton Clovelly;Okehampton;EX20 4LB;50.6980099;-4.1651700
GB 2894;Hill Farm Finest Limited;Battlesden Hill Farm;Milton Keynes;MK17 9HW;51.9487499;-0.5970100
GB 2895;Graham Meat Ltd;Unit 14 - 15 Enterprise Row;London;N15 4NA;51.5817473;-0.0689425
GB 2897;Kin of Meat Ltd;33 Broadway;London;W13 9DA;51.5102165;-0.3230950
GB 2898;Severn Valley Foodservice Limited;Unit 1 Severn Ridges;Shrewsbury;SY1 3AS;52.7403800;-2.7294700
GB 2900;Fir Farm;Mill Lane;Cheltenham;GL54 1LH;51.9245646;-1.7475272
GB 2905;Baran Meat Ltd;Unit 10b;London;N17 0EB;52.5209354;-1.9948902
GB 2906;Haye Farm Ltd;Haye Farm;Axminster;EX13 8ST;50.7299099;-3.0242299
GB 2908;Horizon Foods;333-335 Bedworth Road;Coventry;CV6 6BN;52.4554838;-1.4848593
GB 2909;Yorkshire Catering Butchers;Unit 2;Batley;WF17 5BH;53.7460529;-1.6457535
GB 2910;Kalan Meat and Chicken Limited;Unit 16a;London;N17 9SR;51.5959842;-0.0575318
GB 2911;Ridgeway Poultry Products Ltd;Rear of 318-320;Birmingham;B8 1QA;52.8264738;-1.3338714
GB 2912;Hertfordshire Meat Ltd;Unit 1;Hoddesdon;EN11 0BZ;51.7812925;-0.0014701
GB 2914;A 1 Diamond Halal Limited;Unit 3;Bradford;BD4 7UA;53.7822158;-1.7147407
GB 2916;Dunwood Farm Butchery;Dunwood Farm;Stoke on Trent;ST9 9QW;51.0029536;-1.5641252
GB 2920;Chefs Farms Ltd;Chefs Farm Larder;Petworth;GU28 0NX;50.9500300;-0.6924700
GB 2921;DPH Ozolins Limited;City Abattoir;Lincoln;LN3 4NL;53.2324552;-0.5028434
GB 2924;Meat Masters London Ltd;Europa House;Greenford;UB6 7JD;51.4934813;0.0695553
GB 2925;Sam Blunt Bespoke Butchering Ltd;3 Anthony Way;Uffculme;EX153FA;50.9030543;-3.3491950
GB 2926;Dost Meat Ltd;Hoffmans House;London;N18 2PG;51.6180100;-0.0491300
GB 2927;Efes Group Limited;Unit 3;London;N18 1RA;51.5837852;-0.0638297
GB 2928;Ritter-Courivaud Limited;Unit 10;Bicester;OX26 5AH;51.9058152;-1.1294992
GB 2929;KMCR Ltd;Unit 6;Manchester;M13 0AF;53.4770340;-2.2265635
GB 2930;Lidgate Farm Shops Limited;Long Meadow Farm;Fifield;SL6 2PF;51.1911736;1.0355173
GB 2931;SK Foods Limited;Unit 4;Ruislip;HA4 0QP;51.5374308;-0.3925879
GB 2932;Midlands Meat Processors Limited;162 Bishop Street;West Midlands;B5 7EJ;52.4707135;-1.8933834
GB 2933;Daily Fresh;Alder House;Stoke on Trent;ST4 8HX;53.0757063;-2.1093051
GB 2934;S & M Halal Meat and Poultry Limited;224 Briscoe Lane;Manchester;M40 2XG;53.4907679;-2.2001384
GB 2935;Lancashire Game Limited;Banksys Farm;Preston;PR3 2FE;53.8329600;-2.6535600
GB 2936;Oncu Meat Centre Ltd;Unit 4;London;N17 9SR;51.5114434;-0.0653591
GB 2937;SMS Food Group Limited;New Close Lane;Witney;OX29 7GX;51.7716645;-1.4968910
GB 2938;Thatcham Butchers Limited;Unit B;Newbury;RG14 5PX;51.7757807;-1.4870721
GB 2939;B Raj & Sons Wholesale Meat Ltd;4 Strawberry Lane;West Midlands;WV13 3RS;52.5889837;-2.0821966
GB 2940;R.D. Johns Limited;Unit 13A;Andover;SP10 3ZE;51.2321475;-1.5024928
GB 2941;HAS Butchers Ltd;Unit 5;London;N15 4LU;51.5114367;-0.0654869
GB 2942;La Chasse Limited;Tinkers Farm;Gillingham;SP8 5PB;51.0394584;-2.3349995
GB 2943;Midlands Halal Distribution Ltd;Unit 14 Rea Industrial Estate;Birmingham;B74SH;52.4871203;-1.8684639
GB 2944;Lavin Meat Ltd;Unit 3A;Enfield;EN3 7BJ;51.6842516;-0.0764536
GB 2946;MFS Global Ltd;Unit 2-3;Sheffield;S3 8DG;53.3838921;-1.4588056
GB 2947;H G Walter Limited;Unit 2 Origin Business Park;London;NW10 7FW;51.5321061;-0.2790679
GB 2948;Nasons Farm Fresh Limited;Units 97 - 105;Luton;LU4 8PZ;51.8949799;-0.4458000
GB 2949;ACS Meat Ltd;Unit 1;London;N17 8JA;51.5935823;-0.1122616
GB 2950;The Ethical Butcher;Unit 24;Hounslow;TW5 9NR;51.4565495;-0.4037692
GB 2951;Ijaz Halal Poultry Ltd;12 Ripley Road;Bradford;BD4 7EX;53.7813450;-1.7470597
GB 2952;K and D Meats;Unit 8;Basildon;SS14 3FT;51.5812316;0.4398156
GB 2953;Pacific Seafood Limited;Unit 1;Slough;SL1 6BW;51.5176343;-0.6072333
GB 2955;Hongs Food;Unit 2;London;W3 8BL;51.4826718;-0.2005309
GB 2956;Sam Browne Foods Limited;Unit 20;Driffield;YO25 9DJ;53.9959241;-0.4567076
GB 2957;Haji Baba Limited;Hooks Drove;Wisbech;PE13 4HH;52.6321800;0.0127200
GB 2958;Onur Meat Ltd;Unit 4d;London;N17 0EB;53.8123861;-1.7621281
GB 2959;Jones The Butchers Ltd;1 Dulwich Road;London;SE24 0NT;51.4554591;-0.1102642
GB 2960;Edenmoor;Unit 1A;Cullompton;EX151BT;50.8313151;-3.4163177
GB 2961;Al Madina Halal Meat & Poultry Limited;7 Napier Street;Coventry;CV1 5PR;52.4098200;-1.4967933
GB 2962;Medina Abattoir Services Ltd;Brooklands Industrial Estate;Halifax;HX4 9BH;53.6775060;-1.8640162
GB 2963;Rose Halal Meat & Poultry Limited;Rear of 341;Birmingham;B21 9SE;52.8264738;-1.3338714
GB 2964;Enkay Raw Meat Ltd;Unit 20A;London;N17 9SR;52.5202485;-1.9911493
GB 2965;Atlas Doner Co Ltd;Unit D1 Hastingwood Trading Estate;London;N183HT;51.6085900;-0.0365600
GB 2966;TreestoneUK Limited;The Ware House;New Malden;KT3 3PX;51.4015600;-0.2564200
GB 2967;T & S Enterprises (London) Limited;15 – 16 Finchley Road;London;NW11 0AL;51.5893446;-0.1996969
GB 2968;Charles Saunders Limited;Great Western Business Park;Bristol;BS375NG;51.5469572;-2.4370586
GB 2969;The Newt In Somerset;Avalan Farm;Galhampton;BA227AE;51.0755700;-2.5130100
GB 2970;Mahadrin Meats;Unit 15H;London;EN3 4SA;51.6465684;-0.0499313
GB 2971;PHP Distribution Ltd;Unit 3 Rucom House;Birmingham;B112DX;52.4580411;-1.8287006
GB 2972;Marion Meats;Heanor Road;Heanor;DE75 7JT;53.0210199;-1.3649604
GB 2973;EMC Meat Ltd;7 Stacey Avenue;London;N18 3PP;51.6164732;-0.0477183
GB 2974;Chefs Cut Butchery Ltd;Unit 9 Sheet Stores Industrial Estate;Nottingham;NG10 1AU;52.8843026;-1.2775671
GB 2976;Fast Track Food Ltd;Hollies Farm;Wolverhampton;WV10 7LU;52.9456990;-1.3704419
GB 3003;Faccenda Foods (Lincs) Ltd (T/A Avara Foods);Sandbraes Processing Plant;Caistor;LN7 6SH;53.4986153;-0.3305036
GB 3005;MOY PARK (ASHBOURNE);;Ashbourne;;53.0173327;-1.7342725
GB 3007;Faccenda Foods Limited (T/A Avara Foods);Willow Road;Brackley;NN13 7EX;52.0263392;-1.1374457
GB 3008;Noble Foods Limited;Corringham Road;Gainsborough;DN21 1QH;53.4053143;-0.7461125
GB 3011;Moy Park Limited;Main Street;Sleaford;NG34 9SL;53.0384400;-0.3416000
GB 4014;Freemans of Newent Limited (T/A Avara Foods);Grandstand Road;Hereford;HR4 9PB;52.0672312;-2.7325676
GB 4015;Shafa Farm Limited;Farmgate;Hatton;CV35 7HZ;52.4388791;-1.4424378
GB 4017;Highbury Poultry Farm Produce Ltd;Manor House Lane;Whitchurch;SY13 2HJ;52.9140683;-2.6577623
GB 4026;Faccenda Foods Limited (T/A Avara Foods);Holly Bank Farm;Scropton;DE65 5PS;52.9594717;-1.5063742
GB 4051;Central Food Services;Leamore Lane;Walsall;WS2 7DQ;52.6080554;-2.0150020
GB 4053;Midland Bacon Company;Leamore Lane;Walsall;WS2 7DQ;52.6080554;-2.0150020
GB 4067;Cumberland Meat Packers Ltd;Units 1-5 The Meat Factory;Coventry;CV2 2LD;52.4426800;-1.4589300
GB 4068;Westlands Poultry;102 Freemens Common Road;Leicester;LE2 7SQ;52.6190943;-1.1325174
GB 4071;DUNBIA PRESTON;The Abattoir;Preston;PR5 6AJ;53.7165119;-2.6530449
GB 4073;ABP ELLESMERE;The Abattoir;Ellesmere;SY12 9BL;52.8540400;-2.8977800
GB 4102;A H GRIFFITHS;22 High Street;Craven Arms;SY7 0LB;52.3612225;-2.8768253
GB 4109;ABP SHREWSBURY;Battlefield Road;Shrewsbury;SY1 4AH;52.7421717;-2.7201551
GB 4112;BLACKLIDGES;;Wigan;;53.5462150;-2.6319112
GB 4126;WEDDEL SWIFT DISTRIBUTION LTD;Riverside Industrial Estate;Market Harborough;LE16 7PT;52.0434593;1.1565182
GB 4133;Farmers Fresh Ltd;The Abattoir;Kenilworth;CV8 1NN;52.3277500;-1.6079400
GB 4138;C E PARTRIDGE & SON LTD;Washingstocks Farm;Bromsgrove;B61 0BN;52.3570620;-2.0639790
GB 4152;Beesons Limited;Bradeley Abbattoir;Crewe;CW1 5QF;53.1021900;-2.4059600
GB 4163;Arthur J Granby & Sons (Liverpool) Ltd;8 Summers Road;Liverpool;L3 4BL;53.3839429;-2.9798630
GB 4168;R B Elliott & Son Ltd;Stud Farm;Chesterfield;S44 5UN;53.3597187;-2.5580809
GB 4182;ABP Kingswinford;;Kingswinford;;52.4967692;-2.1661721
GB 4183;TTS MEATS;The Abattoir;Macclesfield;SK10 2NH;53.2707800;-2.1199200
GB 4195;W Barton & Sons Limited;144 Heysham Road;Southport;PR9 7ED;53.6497850;-2.9701014
GB 4197;N TN AND EM BASKEYFIELD;Mitchells Wood Slaughterhouse;Newcastle-under-lyme;ST5 7AJ;53.0559400;-2.2540900
GB 4202;H G BEARD BUTCHERS;8 Bramhall Lane South;Stockport;SK7 1AF;53.3588491;-2.1648806
GB 4225;C Brumpton Butchers Ltd;3 Plumtree Road;Nottingham;NG12 3HT;52.9111108;-1.0436708
GB 4227;Manchester Abattoir Ltd;The Abattoir 2 Higher Bury Str;Stockport;SK4 1BJ;53.4124399;-2.1728200
GB 4241;Cleaver Meats Ltd;Wisgreaves Road;Alvaston;DE24 8RQ;52.9003377;-1.4387630
GB 4242;Peter Coates (Alrewas) Limited;100 Main Street;Burton-on-Trent;DE13 7AE;52.7922240;-1.6233335
GB 4246;NEIL POWELL CATERING;Unit 1;Hereford;HR2 0UA;52.0599026;-2.7288501
GB 4256;H.P. Westwood Limited;15 Eastgate Street;Burntwood;WS7 1JL;52.6866575;-1.9400166
GB 4261;Edge and Son;61 New Chester Road;Wirral;CH62 1AB;53.3616113;-2.9978972
GB 4265;Fairfax Meadow Europe Limited;6 Newmarket Drive;Derby;DE24 8SW;52.9018032;-1.4500222
GB 4270;Forrester (Sales) Ltd;Mill Lane;Nr Fordsham;WA6 8HY;53.2698780;-2.6702878
GB 4276;A J GREEN & SONS;Ravenscliffe House Farm;Stoke-on-Trent;ST6 4QH;53.0690100;-2.2372100
GB 4294;E & T Jackson & Sons;Tabley Brook Farm;Knutsford;WA16 0JA;53.3072800;-2.4320600
GB 4295;W JAMES;894 Leek New Road;Stoke on Trent;ST2 7HL;53.0593827;-2.1371169
GB 4308;Liverpool Meat and Fish Market;Stanley Meat Market;Liverpool;L13 3AS;53.4156400;-2.9260100
GB 4308-0014;Matthew Gurrell Ltd;Stalls M5 M12 M14-M16;Liverpool;L13 3AS;53.4156400;-2.9260100
GB 4308-0027;T. & K. Meats Limited;Stall M27;Liverpool;L13 3AS;52.8632331;-2.7130203
GB 4308-0036;Bexleys Limited;Units 36 37 and 29;Liverpool;L13 3AS;53.4156400;-2.9260100
GB 4308-0038;Merseyside Chicken Ltd;Liverpool Meat and Fish Market;Liverpool;L13 3AS;53.4156400;-2.9260100
GB 4308-0039;Adam Halal Butchery Liverpool Ltd;Liverpool Meat and Fish Market;Liverpool;L13 3AS;53.4156400;-2.9260100
GB 4308-0058;F.D. Hughes Limited;Stalls M58 M59  M71 & M72;Liverpool;L13 3AS;53.4156400;-2.9260100
GB 4308.0056;South American Wholesale Meat Ltd;M56-M57;Liverpool;L13 3AS;53.4702244;-2.8965799
GB 4313;Mainstream International Foods Ltd;St. Peters Buildings;Alfreton;DE55 6LQ;53.1345554;-1.3810474
GB 4319;ROBIN MAYCOCK BUTCHERS;Leashaw Road;Matlock;DE4 5AT;53.0965785;-1.5080386
GB 4322;J W Mettrick & Son Ltd;84 Victoria Street;Glossop;SK13 8HZ;53.4415780;-1.9505320
GB 4326;C. S. Morphet and Sons Limited;Tan House Farm;Widnes;WA8 5PP;53.4283178;-2.6430119
GB 4327;Joseph Morris Butchers Limited;Walcote Road;Lutterworth;LE17 6EG;52.4331653;-1.1167625
GB 4330;WH & TR NEWTON;;Crewe;;53.0996153;-2.4414627
GB 4331;W Nixon & Sons Ltd;;Cheadle;;53.3936441;-2.2122068
GB 4333;University of Nottingham;School of Veterinary Medicine and Science;Loughborough;LE12 5RD;52.8308027;-1.2519410
GB 4349;Perrys of Eccleshall Limited;19 Stafford Street;Eccleshall;ST21 6BL;52.8592610;-2.2514854
GB 4356;R and J Wholesale Meat Company Limited;14 Midland Avenue;Nottingham;NG4 2LE;52.9471320;-1.1765363
GB 4357;F Redfern;Haslin Slaughterhouse;Buxton;SK17 9HT;53.2340100;-1.8996400
GB 4359;BFS;Crewe Road;Crewe;CW25AD;53.0792269;-2.4344922
GB 4367;T G SARGEANT AND SONS;Roycroft Farm;Uttoxeter;ST14 5BG;52.8965598;-1.9095153
GB 4373;Staffordshire Meat Packers Ltd;New House Farm Werrington Road;Stoke-on-Trent;ST2 9DL;53.0229113;-2.1266010
GB 4379;Higginshaw Abattoir Ltd;The Abattoir;Oldham;OL2 6HQ;53.5580400;-2.1045900
GB 4380;A E Taylor & Son;1 Grantham Road;Nottingham;NG13 0DF;52.9419132;-0.7998128
GB 4381;WILLIAM TAYLOR & SON (PIG SALESMEN) LIMITED;;Preston;;53.7593363;-2.6992717
GB 4390;Westgate Frozen Foods Ltd;Unit 39a;Galgate;LA2 0PR;53.9952596;-2.7866690
GB 4392;Robert G Tuckey Ltd;Wellington House Abattoir;Birmingham;B46 2LG;52.5186900;-1.6348300
GB 4394;Weddel Swift Distribution Limited;Hickman Avenue;Wolverhampton;WV1 2UA;52.5781073;-2.1000960
GB 4396;Weddel Swift Distribution Limited;Knutsford Way;Chester;CH1 4NS;53.1940176;-2.9178628
GB 4398;Weddel Swift Distribution Ltd;Unit 5 Gorrels Way;Rochdale;OL11 2NR;53.5984872;-2.1661660
GB 4420;W & G Yates (Yieldfields) Limited;Yieldfields Hall Farm;Walsall;WS3 3PJ;52.6321682;-2.0055864
GB 4451;Corvedale Fresh Limited;Euro House;Craven Arms;SY7 9PA;51.6336818;-0.1755606
GB 4465;Owen Taylor and Sons Ltd;27 Main Road;Alfreton;DE55 1LA;53.0771578;-1.3729401
GB 4471;WOODHEAD BROS;The Abattoir;Colne;BB8 8LH;53.8482900;-2.1980500
GB 4481;BELLS FISHMONGERS LIMITED;16 Westmoor Road;Carlisle;CA3 0HD;54.9219806;-2.9556236
GB 4486;DUNBIA SAWLEY;Castill Laithe Abattoir;Clitheroe;BB7 4LH;53.9211312;-2.3071829
GB 4514;S&D Halal Meat & Poultry Limited;Unit 8 Benson Ind Estate;Birmingham;B18 5TS;52.4972558;-1.9298910
GB 4529;Underwood Meat Company Limited;Park Road;Chesterfield;S42 5UW;53.2287931;-1.4324423
GB 4535;2 Sisters Food Group - Site B;Unit 12 & 3;West Bromwich;B70 0SU;52.5209159;-1.9930808
GB 4539;HASHAMS HALAL POULTRY;74 Charles Road;Birmingham;B10 9EJ;52.4703195;-1.8520510
GB 4557;LEICESTERSHIRE FARM FRESH TURKEYS;;Leicester;;52.6362000;-1.1331969
GB 4559;TAJ & CO;100 Hamstead Road;Birmingham;B19 1DG;52.5396616;-1.9505383
GB 4561;Direct Poultry Supply (Inskip) Limited;Bankfield;Preston;PR4 0TT;53.5429997;-2.7653839
GB 4562;AHMED JEEWA & SONS;132 Wednesbury Road;Walsall;WS1 4JJ;52.5750417;-1.9917630
GB 4578;Althams Butchers;Northgate;Morecambe;LA3 3AY;54.0619950;-2.8415511
GB 4582;The Fresh Chicken Company Limited;Liverpool Old Road;Preston;PR4 5HY;53.6634071;-2.8268753
GB 4599;DOVECOTE POULTRY PRODUCTS;2 The Haymarket;Wolverhampton;WV8 1XE;51.4589789;-2.5910145
GB 4633;Faccenda Foods Limited (T/A Avara Foods);Unit 20 Navigation Drive;Brierley Hill;DY5 1UT;52.4895843;-2.1015014
GB 4637;Halal Poultry and Meat Products Ltd;187 Wattville Road;Warley;B66 2NU;52.5021915;-1.9581423
GB 4649;M Najib and Sons Ltd;Church Broughton Road;Foston;DE65 5PW;52.8784953;-1.6835320
GB 4650;Matthews Meats Limited;Units 2-4 and 6-9 Lingard Industrial Estate;Rochdale;OL16 5QN;53.6125300;-2.1499300
GB 4667;Faccenda Foods Limited (T/A Avara Foods);Hortonwood 60;Telford;TF1 7GL;52.7229628;-2.4627576
GB 4669;Salisbury Poultry (Midlands) Ltd;Salisbury House;Bilston;WV14 7HT;53.4851201;-2.2573056
GB 4674;Superchick Poultry Ltd;Unit 7;Leicester;LE5 3BD;52.6114209;-1.1389754
GB 4703;KNK Poultry Products Ltd;318;Birmingham;B8 1QA;52.5384884;-1.8268276
GB 4707;Wootton Organic Wholesale Ltd.;Wootton Estate;Oakamoor;ST10 3BZ;53.0071700;-1.8939000
GB 4715;Ettingshall Poultry;Units 8 9 11 & 12;Wolverhampton;WV2 2RQ;52.5666695;-2.1004110
GB 4723;Willo Game Ltd;Mid Shires Food Park;Bishops Castle;SY9 5EA;52.5244055;-2.9303447
GB 4725;2 Sisters Food Group Limited;;Wolverhampton;;52.5847651;-2.1275670
GB 4729;Salisbury Poultry (Midlands) Ltd;Units 14-18;Bilston;WV14 8RP;53.5501507;-2.0888057
GB 4730;T M Atkinson & Sons Ltd;Back Thompson Street;Burnley;BB12 7AP;53.7976100;-2.3129200
GB 4744;Adlington Limited;Pheasant Oak Farm;Coventry;CV7 7GX;52.3814074;-1.6313601
GB 4759;James Connolly Wholesale Limited;Church Farm;Northampton;NN6 0AE;52.4145531;-0.8594871
GB 4761;L.D.A. Meats Limited;Lynden Business Park;Ledbury;HR8 2DJ;52.0361989;-2.4357367
GB 4764;Smithfield Murray Ltd;Kings Park 300;Manchester;M17 1PD;53.4602368;-2.3188430
GB 4765;Kosher Poultry Limited;35 - 51 Collingham Street;Manchester;M8 8RQ;53.4963696;-2.2331676
GB 4766;A & R Meats Ltd;Unit 5;Birmingham;B33 0TD;52.4511401;-1.7775468
GB 4767;E H Booth & Co Ltd;Fresh Food Depot;Preston;PR2 5PY;53.7893588;-2.6469343
GB 4770;Medina Pure Halal UK Ltd;160-162 Birmingham Road;Oldbury;B69 4EH;52.5024370;-2.0028322
GB 4771;3 Bros Halal Poultry Ltd;;Halesowen;;52.4492074;-2.0514646
GB 4773;Bowland Foods Limited;Unit 16;Preston;PR2 5BB;53.7985463;-2.6349736
GB 4777;Preston  Wholesale Meats Ltd;Unit 3 Hillthorpe Farm;Near Preston;PR4 4TB;53.7060469;-2.7859531
GB 4778;AB & S WHOLESALE MEATS;Units 13-14 Shield Drive;Manchester;M28 2QB;53.5130941;-2.3595240
GB 4782;Parker Fine Foods;Winkadale House;Leicester;LE4 1JX;52.6736405;-1.1517033
GB 4787;Farmers Boy Ltd;Wharton Road;Winsford;CW7 3BB;53.2053820;-2.5059782
GB 4790;Mikes Poultry Ltd;Units 12 & 13;Tipton;DY4 9LG;50.3721982;-4.1384471
GB 4792;TMC (Midlands) Limited;275 Harrington Street;Derby;DE23 8NX;52.9019841;-1.4733890
GB 4793;2 Sisters Food Group Ltd;Site D;West Bromwich;B70 0EB;52.5331100;-2.0191200
GB 4794;Lake District Farmers Ltd;Unit 6;Ulverston;LA12 7TW;54.1844079;-3.1176510
GB 4798;Theos Food Co Limited;Unit 45;Aldridge;WS9 8UY;52.6052587;-1.9200271
GB 4800;Gafoor Pure Halal Ltd;Fletcher Road;Preston;PR1 5AJ;53.7650027;-2.6863248
GB 4804;Halal World;Units 6 & 7 Century Park;Birmingham;B9 4NZ;52.4777449;-1.8634286
GB 4806;Ashik Chicken Kebabs Limited;Unit 1;Wolverhampton;WV14 7DX;52.5723748;-2.0506581
GB 4812;DEER N DEXTER;;Penrith;;54.6861365;-2.7569152
GB 4816;ALI HALAL MEATS;Claycourt Building;Rochdale;OL16 5RS;53.6084500;-2.1456400
GB 4822;Lakes Speciality Foods Ltd;4/5 Bankside Barn;Kendal;LA8 9NH;54.3744900;-2.8184000
GB 4826;States of Jersey Abattoir;La Collette;St Helier;JE2 3NX;54.7023545;-3.2765753
GB 4827;Walkers Midshire Foods (Sausage);72-88 Cobden Street;Leicester;LE1 2LB;52.6433433;-1.1159030
GB 4828;Mega Chicken Ltd;Unit 2 Rock Valley;Mansfield;NG18 2HA;53.1452282;-1.1919628
GB 4833;M J BIRTWISTLE & CO LIMITED;20 Shield Drive;Manchester;M28 2QB;53.5130941;-2.3595240
GB 4834;Brendan Anderton Butchers Ltd;The Old Barn Higher College Farm;Preston;PR3 2YY;53.8284200;-2.5847500
GB 4837;Cartmel Valley Game Suppliers Limited;High Bankside;Nr Grange-Over-Sands;LA11 7NR;54.1903000;-2.9635300
GB 4842;Furness Fish & Game Ltd;Moor Lane;Grange-over-Sands;LA11 7LS;51.3664779;-0.3014481
GB 4843;Choice Meats Catering Ltd;Unit 20 Cocker Avenue;Blackpool;FY6 8JU;53.8421312;-2.9721913
GB 4844;Midland Foods Ltd;Units 4 & 6;Bromsgrove;B60 4FG;52.3229706;-2.0588400
GB 4847;Halal Services Company Limited;The Abattoir;Lancaster;LA1 3JQ;54.0414525;-2.7801187
GB 4856;Jamie Ward;Berghill Farm;Oswestry;SY11 4PD;52.8692200;-2.9558100
GB 4857;Country Food Services Ltd;Block B;Manchester;M17 1SF;53.4750299;-2.3345400
GB 4858;McTurk Catering Supplies Limited;134 Holcombe Street;Derby;DE23 8JB;52.9039625;-1.4715426
GB 4859;SAVIN HILL;The Butchery;Kendal;LA8 8DJ;51.2760040;1.3398057
GB 4863;Pennys Meats Ltd;192 Whalley Road;Accrington;BB5 5HE;53.7690173;-2.3778372
GB 4864;Cornvale Foods Ltd;Station Yard;Carnforth;LA6 2QY;51.4493353;-0.3311840
GB 4865;J & L Wood and Son Ltd;Units 10/11 Failsworth Industrial Estate;Manchester;M35 0BN;53.5047799;-2.1765300
GB 4868;Sessions Meat Supplies Limited;;Kidderminster;;52.3880787;-2.2478582
GB 4869;Ashfold Quality Meats Limited;Ashfold Farm;Rochdale;OL16 3TS;53.6142066;-2.0899142
GB 4873;Udale Speciality Foods Ltd;Schola Green Lane;Morecambe;LA4 5QT;54.0698265;-2.8601317
GB 4875;Central Food Service Ltd;Unit 3 Unicorn Industrial Estate;Stoke-on-trent;ST6 4RB;53.0452538;-2.2125225
GB 4876;E.K.A Roberts & Sons Ltd;Woolston Farm;Oswestry;SY10 8HY;51.1925609;-3.0926787
GB 4877;Hogans Butchers Ltd;Units 13 B & C;Liverpool;L36 6AD;53.5501507;-2.0888057
GB 4878;Plumgarths of Kendal Ltd;Unit 3 Boundary Bank;Kendal;LA9 5RR;54.3257181;-2.7632239
GB 4885;S & H Catering Ltd;Unit 10;Sutton In Ashfield;NG17 5GS;51.5287771;-0.2759762
GB 5002;Jack Brand Limited;;Ipswich;;52.0579324;1.1528095
GB 5003;Diaper Poultry Limited;Haughley New Street;Stowmarket;IP14 3JN;52.2194965;0.9438941
GB 5004;Gressingham Foods;;Diss;;52.3769148;1.1088804
GB 5008;Shazan Foods Limited;Magdalen Street;Eye;IP23 7AJ;52.3201340;1.1437737
GB 5011;2 Sisters Food Group Ltd;The Factory;Bungay;NR35 1NT;52.4547110;1.4378538
GB 5023;Leonard Ames (Ampthill) Ltd;Doolittle Mill;Ampthill;MK45 2NX;52.0165781;-0.5048940
GB 5028;A D Harvey;;Norwich;;52.6285576;1.2923954
GB 5041;K Poultry Limited;3 Smeed Road;Bow;E3 2NR;51.5393482;-0.0242344
GB 5049;Bernard Matthews Foods Limited;Scalesbrook Lane;Halesworth;IP19 8NJ;52.3573073;1.5294997
GB 5067;IHP LImited;Bell Farm;Bovingdon;HP3 0NQ;52.5887849;0.5115806
GB 5077;Pilgrims Pride Linton;Cambridge Road;Linton;CB21 4JD;52.0982891;0.2674633
GB 5088;Delenco Meats;Corporation Farm;Chelmsford;CM3 6RH;51.6889899;0.6264600
GB 5091;Pilgrim’s Pride Ltd T/A Dalehead Foods Spalding;Fulney Lane;Spalding;PE12 6EP;52.7958744;-0.1272903
GB 5094;P J STEVENS FAMILY BUTCHER;Church View;Boston;PE22 0LE;52.9742660;0.0490865
GB 5102;London Central Markets;Central Markets;London;EC1A 9PQ;51.5195500;-0.1006600
GB 5102-0034;Smithfield Beef Company Ltd;Shop 34;London;EC1A 9PS;51.5191299;-0.1019900
GB 5102/0001;Allens & Co (Poultry/Beef);Stalls 1 & 3;London;EC1A 9PQ;51.2027344;-1.4440021
GB 5102/0002;P J Martinelli Limited;Units 2 & 4;London;EC1A 9PQ;51.5176525;-0.0964018
GB 5102/0003;Peter Thompson;Stalls 5 & 7;London;EC1A 9PQ;51.2027344;-1.4440021
GB 5102/0006;William Warman & Guttridge Limited;Unit 6;London;EC1A 9PQ;51.5426271;-0.1305737
GB 5102/0008;William Warman & Guttridge Limited;Units 8 & 10;London;EC1A 9PQ;51.3640970;1.1068236
GB 5102/0009;Reeve & Co. Ltd;Units 9 & 11;London;EC1A 9PQ;55.8682814;-3.9763562
GB 5102/0012;William Warman & Guttridge Limited;Unit 12;London;EC1A 9PQ;51.5114975;-0.0663897
GB 5102/0013;Rhonda Meats Ltd;Units 13 - 15;London;EC1A 9PQ;54.1949389;-1.4019196
GB 5102/0014;Vixelli Limited;Unit 14;London;EC1A 9PQ;51.4766826;-0.1993821
GB 5102/0016;Alford & Ford Ltd.;Unit 16;London;EC1A 9PQ;51.5176525;-0.0964018
GB 5102/0018;James Burden Limited;Unit 18;London;EC1A 9PQ;51.4763296;-0.2000733
GB 5102/0020;James Burden Limited;Stall 20;London;EC1A 9PQ;50.9838658;-0.4712482
GB 5102/0021;Absalom and Tribe Limited;Unit 21;London;EC1A 9PQ;51.6555679;-0.2032173
GB 5102/0022;George Abrahams Limited;Unit 22;London;EC1A 9PQ;51.4723408;-0.0811894
GB 5102/0023;G. Lawrence Wholesale Meat Co. Limited;Unit 23;London;EC1A 9PQ;51.5167453;-0.1415002
GB 5102/0024;James Burden Limited;Unit 24;London;EC1A 9PS;51.5167453;-0.1415002
GB 5102/0025;P J Martinelli Limited;Unit 25;London;EC1A 9PS;51.4292125;-0.1654090
GB 5102/0026;David Andrade & Sons Limited;Unit 26;London;EC1A 9PS;51.5322352;-0.1261361
GB 5102/0027;Edward Price & Partners Ltd;Unit 27;London;EC1A 9PS;51.5805937;-0.0322753
GB 5102/0028;Peter Tocher;Unit 28;London;EC1A 9PS;51.5722399;-0.0401669
GB 5102/0029;James Burden Limited;Unit 29;London;EC1A 9PS;51.5176525;-0.0964018
GB 5102/0030;Longcroft & Old Limited;Unit 30;London;EC1A 9PS;51.6553362;-0.2023646
GB 5102/0031;Channel Meats Ltd;Unit 31;London;EC1A 9PS;51.4741134;-0.0571988
GB 5102/0032;P W & J K Killby Ltd;Unit 32;London;EC1A 9PS;51.5176525;-0.0964018
GB 5102/0035;Icefront Limited;Unit 35;London;EC1A 9PS;51.5176525;-0.0964018
GB 5102/0036;G & E Meats Limited;Unit 36;London;EC1A 9PS;51.5057400;-0.2599231
GB 5102/0037;Central Meat (Smithfield) Limited;Unit 37 & 39;London;EC1A 9PS;51.5563503;-0.2835588
GB 5102/0038;Tom Hixson & Co Limited;Unit 38;London;EC1A 9PS;51.4614600;-0.1021652
GB 5102/0040;James Burden Limited;Unit 40;London;EC1A 9PS;51.3530849;-0.0936766
GB 5102/0041;James Burden Limited;Unit 41;London;EC1A 9PS;51.5176525;-0.0964018
GB 5102/0042;J F Edwards (Smithfield) Ltd;Unit 42;London;EC1A 9PS;51.5567473;-0.2829462
GB 5102/0043;Denton Bros Limited;Unit 43;London;EC1A 9PS;51.5176525;-0.0964018
GB 5102/0045;B J Meats (Smithfield) Ltd;Unit 45;London;EC1A 9PS;51.5567473;-0.2829462
GB 5102/0047;Abbijoe Limited;Unit 47;London;EC1A 9PS;51.5176525;-0.0964018
GB 5105;Rayleigh Cold Store Limited;40 Stadium Way;Benfleet;SS7 3NZ;51.5754828;0.5977587
GB 5106;Dunbia Cardington;Meadow Lane;Bedford;MK44 3SB;52.1294828;-0.4128041
GB 5116;Dovecote Park (Skellingthorpe) Ltd;Ferry Lane;Lincoln;LN6 5TX;51.5623117;-0.7059621
GB 5130;Evans & Sons;Walnut Tree Farm;Bedford;MK43 0LT;52.0799638;-0.5585379
GB 5144;C A LEECH & SONS;1 Station Road;Royston;SG8 6DX;53.6017246;-1.4577349
GB 5154;H J HELLETT & SONS;7-9  London Road;Huntingdon;PE28 0HL;52.2967222;-0.3873920
GB 5203;H DAWSON & SONS;Sibsey Lane;Boston;PE21 6HB;52.9769444;-0.0226133
GB 5204;L Brown & Son Wholesale Butchers Ltd;City Abattoir;Lincoln;LN3 4NL;53.2324552;-0.5028434
GB 5207;H G Blake (Costessey) Ltd;Bull Farm Abattoir;Norwich;NR10 4DU;52.7019579;1.2035659
GB 5213;Cranswick Country Foods PLC;Brandon Road;Thetford;IP25 6LW;52.4127191;0.7422444
GB 5217;J W Sargeant;The Causeway;Kings Lynn;PE34 3PP;52.6369664;0.3769376
GB 5218;Arthur J Howell & Son;53 Staithe Street;Wells Next The Sea;NR23 1AN;52.9558111;0.8520926
GB 5224;Weddel Swift Distribution Ltd;Concorde Road;Norwich;NR6 6BE;52.6588915;1.2870882
GB 5226;Papworth Farms;Unit 7;North Walsham;NR28 0TZ;52.8266462;1.3825452
GB 5260;Bramfield Meats Ltd;Low Road;Halesworth;IP19 9JH;52.3152862;1.5267388
GB 5268;Master Meat;3/5 Cawley Hatch;Harlow;CM19 5AN;51.7670193;0.0671849
GB 5269;C HUMPHREYS & SONS;Blixes Farm;Chelmsford;CM3 2BH;51.8312182;0.5436536
GB 5280;Fowler Bros (Latchingdon) Ltd;Brook Farm Abattoir;Burnham-on-Crouch;CM0 8NA;51.6394071;0.8290409
GB 5284;John Scott Meats Paisley Ltd;The Cutting Plant Hemels;Basildon;SS15 6DN;51.5829300;0.4227700
GB 5312;Bradmill Meat Ltd;57/61 Adrian Road;Watford;WD5 0AG;51.7044002;-0.4174629
GB 5319;Romford Halal Meats Ltd;The Abattoir;Upminster;RM14 1TH;51.5748348;0.2781196
GB 5345;Larchwood Farm Ltd;Hubbards Farm;Braintree;CM7 5BA;51.9192500;0.4953000
GB 5350;South East Poultry;Unit 9 - 10 Victory Close;Wickford;SS11 8YW;51.4861294;0.2966853
GB 5388;Kelly Turkey Farms Limited;Little Claydons Farm;Chelmsford;CM2 7TB;51.6887200;0.5284000
GB 5392;C J Byford & Son;Bonds Farm;Little Clacton;CO16 9QE;51.8261928;1.1729238
GB 5416;Hilton Foods UK Limited;2-8 The Interchange;Huntingdon;PE29 6YE;52.3481755;-0.1892597
GB 5430;Ben Rigby Game Ltd;Atherstone Lodge;Maldon;CM9 6NL;51.6766099;0.6891600
GB 5431;Lane Farm Country Foods Limited;;Woodbridge;;52.0941323;1.3199383
GB 5443;Direct Meats (Knights Farm) Ltd T/A Blackwell & Co;Knights Farm;Colchester;CO6 2EE;50.9618488;-3.1240797
GB 5450;Traditional Norfolk Poultry Ltd;Oak Tree Business Park;Attleborough;NR17 1DS;52.4990800;0.9266500
GB 5461;C H & E I Bambridge & Sons Ltd;Wayland Croft;Thetford;IP25 6RB;53.8528784;-1.5783555
GB 5464;Banham Poultry (2018) Ltd;Station Road;Attleborough;NR17 2AT;52.5138511;1.0223633
GB 5478;Vatan Catering Limited;37-43 Mill Mead Industrial Centre;London;N17 9QU;51.5933777;-0.0562117
GB 5488;Kosher Deli (UK) Limited;Unit 8;Luton;LU1 1TR;51.8676634;-0.4454626
GB 5499;Wicks Manor;Wicks Manor;Maldon;CM9 8JU;51.7713300;0.7533800
GB 5500;Peterborough Game Company Ltd;Unit 5-7;Bourne;PE10 9LQ;52.7554473;-0.3699960
GB 5501;Eastern Meat Supplies Limited;44;Huntingdon;PE27 3LF;52.2153935;0.1083178
GB 5503;The Rare Breed Meat Company Limited;Herons Farm;Colchester;CO6 1TQ;51.8949799;0.6886500
GB 5511;Robert Ashcroft Game;High Hill Farm;Maldon;CM9 8ES;52.5220485;0.2492627
GB 5513;Woodhead Bros. Spalding;Brunel Road;Spalding;PE11 3YY;52.8051244;-0.1422120
GB 5517;UK Poultry Limited;Unit 2a;Ipswich;IP1 5NP;52.0649994;1.2782523
GB 5518;Grasmere Farm Ltd;127 Station Road;Peterborough;PE6 8RQ;52.6618782;-0.2627563
GB 5519;C & K Meats Ltd;Mid Suffolk Business Park;Eye;IP23 7HE;52.3347500;1.1317000
GB 5522;British Premium Meats Limited;32 Hyde Way;Welwyn Garden City;AL7 3UQ;51.6263862;-0.0701354
GB 5523;Romford Catering Supplies;7 Bridge Close;Romford;RM7 0AU;51.5724472;0.1814296
GB 5527;H L Hunsull Butchers;11 Court Parade;Wembley;HA0 3HU;51.4019366;-0.3438468
GB 5528;Marbec Meats Limited;Apsley Business Centre;London;NW2 7LZ;51.5672659;-0.2373889
GB 5529;Middlesex Meat Company Limited;Atlas Road;Wembley;HA9 0TZ;51.5591408;-0.2692636
GB 5530;Frank Godfrey Limited;Unit 12;London;N4 3JG;51.5114975;-0.0663897
GB 6057;Pilgrims UK Lamb Ltd.;Tilley Down;Andover;SP11 9BB;51.2426069;-1.5590999
GB 6107;T. Allman Butchers Limited;;Edenbridge;;51.1958271;0.0639341
GB 6116;Forge Farm Meats Ltd;;Southborough;;51.1642824;0.2633735
GB 6118;Blakes Meats Limited;Unit 2;Brighton;BN1 7GW;50.9768352;-0.1985882
GB 6128;Ken Ballard Ltd;West End;Tonbridge;TN12 9HZ;51.1745216;0.4905439
GB 6130;S W Doughty;The Street;Sittingbourne;ME9 0BH;51.5429123;-0.0078182
GB 6141;Weddel Swift Distribution Limited;Cow Lane;Canterbury;CT1 3RR;51.2724712;1.0658232
GB 6156;Berkshire Meat Traders Limited;Unit D2;Reading;RG30 6AZ;51.5063890;-1.0151301
GB 6204;D H Game Ltd;Rooksgrove Farm;Warnford;SO32 3LJ;51.0099200;-1.1601800
GB 6206;Gilberts Kosher Foods Limited;Kestrel House;Milton Keynes;MK1 1LS;51.4851578;-0.1271961
GB 6213;Arun Meat & Livestock Company Ltd;Unit 3 Portsmouth Wholesale Meat;Portsmouth;PO3 5HT;50.8298532;-1.0621044
GB 6214;Pinnacle Foods Ltd;;Gosport;;50.7952074;-1.1210853
GB 6219;Concept Foods Ltd;Units 5 & 8;Portsmouth;PO3 5HT;53.4791902;-2.5518224
GB 6222;Weddel Swift Distribution Limited;Unit 1 Portsmouth Wholesale Meat;Portsmouth;PO3 5JZ;50.8301600;-1.0636400
GB 6223;Towers Thompson Ltd;Unit 7;Portsmouth;PO3 5HT;50.8393161;-1.0690108
GB 6238;ABP GUILDFORD;The Abattoir;Guildford;GU1 1RP;51.2611974;-0.5711147
GB 6240;Cherryfield (Croydon) Ltd;1 Rutherford Way;Crawley;RH10 9PB;51.1387719;-0.1658645
GB 6304;R P Meats Wholesale Ltd;Unit 5 Brighton Meat Market;Brighton;BN1 7GW;50.8391100;-0.1304300
GB 6326;J R Farm Meats Ltd;Ratling Court Farm;Canterbury;CT3 3HN;51.2384100;1.2073200
GB 6337;Field Farm Fresh Limited;Field Farm;Abingdon;OX13 5QW;51.6587245;-1.3713899
GB 6338;Winterton Bros Limited;Wilton Farm;Little Marlow;SL7 3RR;51.5861243;-0.7420884
GB 6342;Down Land Traditional Meats Ltd;Morley Farm;Henfield;BN5 9BB;50.9445870;-0.2432719
GB 6343;Berkshire Meat Traders Ltd;3 Gresham Way;Reading;RG30 6AW;51.4674692;-1.0215573
GB 6344;Vicars Game Limited;The Old Dairy;Newbury;RG8 8SJ;51.0044852;-0.1455540
GB 6358;Billfields of London Limited;Units 55-83;London;N7 9BN;51.3640970;1.1068236
GB 6360;Medstead Meats Ltd;Trinity Farm;Hampshire;GU34 5NN;52.2233363;0.0911689
GB 6362;PAK HALAL POULTRY;Unit 21 Heston Industrial Mall;Hounslow;TW5 0LD;51.4843900;-0.3750299
GB 6368;Chanctonbury Game Limited;Woodmans Farm;Pulborough;RH20 3AU;51.1317524;-0.1183734
GB 6372;Man Foods LImited;3 Dorma Trading Estate;London;E10 7QX;51.5685137;-0.0393949
GB 6374;Kartal Meats Ltd;Unit 4;London;N18 1SW;51.5425927;-0.1300413
GB 6381;Butcher & Edmonds Limited;Railway Arch 200;London;SE1 7LD;51.4968914;-0.1147249
GB 6383;Sultan Et Limited;Unit 51;London;N17 9QU;51.5235251;-0.0764491
GB 6386;Lea Valley Meat Ltd;Miller House;Waltham Abbey;EN9 1AE;51.5262067;-0.2065339
GB 6388;Woburn Country Foods Limited;The Old Grain Store;Bedford;MK45 3RA;50.9470085;-0.0921928
GB 6389;CMB Foods Ltd;11 The Felbridge Centre;East Grinstead;RH19 1XP;51.1377509;-0.0413525
GB 6395;HIGHLAND CROWN LTD;5 Omni Business Centre;Alton;GU34 2QD;51.1490300;-0.9611000
GB 6397;Dibs Distribution Ltd;1432b Clock Tower Road;Isleworth;TW7 6DT;51.4684329;-0.3337939
GB 6398;FENNS OF PICCADILLY;Unit 3 & 4 Roslin Square;London;W3 8DH;51.5008153;-0.2748455
GB 6399;Salvatori Food Services Ltd;Unit 10;Canterbury;CT1 3RB;51.2688384;1.0632762
GB 6400;IMS of Smithfield Ltd;Unit 2;Waltham Cross;EN8 7UD;51.6898793;-0.0336279
GB 6402;Wells Farm Supplies Ltd;Unit 4;Tunbridge Wells;TN3 9JA;51.0731628;0.2561374
GB 6403;Walton Meats Limited;3 New Parade;Ashford;TW15 2UF;51.5123612;-0.4728751
GB 6406;Godden Butchers;Unit 1;Chesham;HP5 3ET;51.7272227;-0.5983885
GB 7006;The Food Technology Centre;Coleg Menai Ffordd Penmynydd;Anglesey;LL77 7HY;53.2566739;-4.2964367
GB 7009;2 Sisters Food Group Limited T/A 2 Sisters Sandycroft;Glendale Avenue;Deeside;CH5 2QP;53.1992240;-3.0041752
GB 7013;Faccenda Foods Limited (T/A Avara Foods);Hardwicke Roundabout;Abergavenny;NP7 9YR;54.7023545;-3.2765753
GB 7015;Dunbia (UK);Teifi Park Slaughterhouse;Llanybydder;SA40 9QE;52.0798300;-4.1465000
GB 7020;Llechwedd Meats;Parc Bryn Cefni;Llangefni;LL77 7JA;53.2510464;-4.3064722
GB 7023;Cig Cynfal Cyf;Cae Iago;Blaenau Ffestiniog;LL41 4PY;52.9485600;-3.9123300
GB 7028;Celtica Foods Limited;Heol Y Plas;Llanelli;SA14 6SX;51.7590350;-4.1168743
GB 7036;M K (Wales) Ltd T/A (Maddock Kembery Meats);The Abattoir;Maesteg;CF34 0NW;51.6055700;-3.6450700
GB 7040;Weeks Wholesale Meat Company Ltd;Unit 9D Pennine Close;Cardiff;CF14 5DN;51.5223289;-3.1955564
GB 7044;I & B Jones Ltd;The Quarry;Pontypridd;CF37 4BW;51.6002964;-3.3259427
GB 7046;William Arthur James (T/A WA James Butchers);Raglan Abattoir;Raglan;NP15 2EB;51.7646468;-2.8550202
GB 7047;Maelor Foods Limited;Pickhill Lane;Wrexham;LL13 0UE;53.0245426;-2.9003370
GB 7051;Mid Glamorgan Provisions Ltd;George Street;Bridgend;CF31 3TS;51.5011175;-3.5562529
GB 7062;Farmers Pantry Ltd;Rosedew Farm;Vale of Glamorgan;CF61 1PZ;51.3987347;-3.4820251
GB 7072;WJ George (Butchers) Ltd;Cross House;Brecon;LD3 0PD;51.9954165;-3.2335389
GB 7084;Cig Oen Caron Cyf;The Abattoir;Tregaron;SY25 6NH;52.2157900;-3.9230600
GB 7085;Direct Meat Supplies Ltd;Unit 39 LEC Units;Llanelli;SA15 2EA;51.6710800;-4.1427200
GB 7099;Conwy Valley Meats Limited;Cae Pys;Llanrwst;LL26 0DG;51.6483834;-3.9490819
GB 7103;David Thomas James Thomas Stephen Thomas & Simeon Thomas (T/A D & J Thomas);Beech Avenue;Wrexham;LL14 1AF;53.0105169;-3.0572474
GB 7105;Cyril Jones and Stephen Jones T/A Jones Brothers;Stansty Lodge;Wrexham;LL11 4YF;53.0608300;-3.0135700
GB 7115;Gwyn Jones & Robert Jones (T/A Stanley Jones);Onnen Fawr Farm;Wrexham;LL14 1UJ;53.0162000;-3.0807000
GB 7135;Pilgrims UK Lamb Ltd.;Dolwen;Llanidloes;SY18 6LX;52.6970968;-3.1532480
GB 7147;John B Evans & Robert W Evans (T/A GR Evans & Co);The Abattoir;Corwen;LL21 9BU;52.9948602;-3.3805537
GB 7161;Capestone Organic Poultry Limited;Capeston Farm;Haverfordwest;SA62 3DY;51.7451700;-5.0946800
GB 7164;Usk Vale Poultry Ltd;;Pontypool;;51.7016878;-3.0405374
GB 7176;Kepak Food Group Limited;Pengarnddu Industrial Estate;Merthyr Tydfil;CF48 2TA;51.7668539;-3.3410515
GB 7181;R G B Webster & Sons Ltd;Unit 6;Kinmel Bay;LL18 5JA;51.7766984;-1.4819582
GB 7182;Andrew David Havard;The Abattoir;Caerphilly;CF83 1NF;51.5580570;-3.2478967
GB 7185;Dalziel Ltd;2 Afon Ebbw Road;Newport;NP10 9HZ;51.5967388;-3.0792522
GB 7191;Welsh Farm Organics & Graig Farm Organics;;Newtown;;52.5135785;-3.3143710
GB 7195;Dunbia Cross Hands;;Llanelli;;51.6797331;-4.1620223
GB 7200;Weddel Swift Distribution Ltd;Abergarw Trading Estate;Bridgend;CF32 9LW;51.5532600;-3.5703400
GB 7208;S.R Davis Limited;Unit 5c;Barry;CF63 2XA;51.4173724;-3.2358689
GB 7211;Lord Robert Newborough t/a Rhug Organic;Rhug Estate Office;Corwen;LL21 0EH;52.9824600;-3.4098400
GB 7212;Douglas Willis Ltd T/A Croesllan Catering;5 Grange Industrial Estate;Cwmbran;NP44 8HQ;50.8318398;-0.2405501
GB 7220;Abduls Poultry Ltd;25 Tudor Lane;Cardiff;CF11 6AZ;51.4762720;-3.1868272
GB 7222;Howels Butchers Limited;11 Cae Folland;Swansea;SA4 3YJ;51.6419886;-4.1069952
GB 7223;Euro Foods (UK) Limited;Food & Technology Park;Torfaen;NP44 3GA;51.6333900;-3.0115100
GB 7224;Iman Casing & Foods UK Limited;Former Abattoir;Powys;LD1 6EF;52.2761801;-3.4050212
GB 7226;Euro Farm Wales;Unit 7-8;Haverfordwest;SA62 4BS;51.9231284;-4.9843404
GB 7228;CKs Supermarket Limited;Enbankment Road;Llanelli;SA15 2BT;51.6677784;-4.1521951
GB 7230;Lloyd West Ltd;Cilshafe Isaf;Pembrokeshire;SA65 9SR;51.9945400;-4.9492700
GB 8003;Severn Poultry;Unit D1/2 Phoenix Trading Estate;Stroud;GL5 2BX;51.7261420;-2.2030801
GB 8004;M C Kelly Limited;Elston Farm;Crediton;EX17 5PB;50.8108700;-3.7266400
GB 8005;2 Sisters Food Group Ltd;Willand;Cullompton;EX15 2PJ;50.8630553;-3.3929585
GB 8013;Creedy Carver Limited;Merrifield Farm;Crediton;EX17 4AF;50.8068600;-3.6324900
GB 8019;OTTER VALLEY POULTRY LIMITED;Spurtham Farm;Honiton;EX14 9QD;50.8536200;-3.1459700
GB 8037;University of Bristol;The Abattoir;Bristol;BS40 5DU;51.3439011;-2.7789205
GB 8046;Dunbia  Treburley;Treburley Road;Launceston;PL15 9PU;50.5742199;-4.3340800
GB 8061;Pilgrims Pride Ltd - Westerleigh;Oakleigh Green Farm;Bristol;BS37 8QZ;51.5093868;-2.4481733
GB 8068;COMBE MARTIN MEATS;The Abattoir;Ilfracombe;EX34 0NS;51.1915900;-4.0216700
GB 8070;P J Hayman Abattoir Ltd;Grand View Abattoir;Ottery St. Mary;EX11 1PQ;50.7559104;-3.2537589
GB 8071;Dunbia West Devon;;Okehampton;;50.7376667;-4.0003160
GB 8072;P J King & Sons;Court Farm;Gloucester;GL4 0UG;51.8193100;-2.2409700
GB 8073;Kepak Group Limited;Unit 9;Bodmin;PL31 2QB;50.4763132;-4.7018653
GB 8101;EAST HILL PRIDE;Higher Rill Farm;Ottery St Mary;EX11 1QQ;50.7429100;-3.2497800
GB 8113;Dunbia Jaspers;Botathan Abattoir;Launceston;PL15 7JL;50.6107600;-4.4210600
GB 8115;R J TREVARTHEN WHOLESALE BUTCHERS;Roskrow Abattoir;Penryn;TR10 9AP;50.1802700;-5.1334400
GB 8118;M Yates and Sons Limited;Quarry Park Road;Newquay;TR7 2NP;50.4125710;-5.0728347
GB 8119;Alec Jarrett Limited;High Street;Bristol;BS30 9TN;51.4438832;-2.4641919
GB 8145;J Broomhall Ltd;Alkerton Place;Gloucester;GL10 3AA;51.7460251;-2.3277162
GB 8160;Collicutt Meats Ltd;Unit 2 Church Road;Gloucester;GL53 0QJ;51.8766175;-2.2135716
GB 8165;Universal Traders Gloucester Ltd;The Flatt;Gloucester;GL2 8JX;51.8362333;-2.3574293
GB 8181;M & J Meats Ltd;The Acorn Business Centre;Taunton;TA2 6BD;51.0256939;-3.1279891
GB 8191;C SNELL WHOLESALE;Breeches Farm;Chard;TA20 2NY;50.8360200;-2.9616500
GB 8193;STRAP ORCHARD ABATTOIR;Hawker Bridge;Wincanton;BA9 9EE;51.0510173;-2.4154610
GB 8201;F Drury & Sons Limited;The Abattoir;Swindon;SN4 7PF;51.5241836;-1.9487890
GB 8207;ABP STURMINSTER;Manston Road;Sturminster Newton;DT10 1HA;50.9350691;-2.2897277
GB 8216;ABP Yetminster;Chetnole Road;Sherborne;DT9 6HQ;50.8848399;-2.5784700
GB 8231;Stillmans (Somerset) Ltd;Staplegrove Mills;Taunton;TA2 6PX;51.0340741;-3.1349971
GB 8241;T & H Lobb Limited;Penvercoe Farm;Bodmin;PL30 5LY;50.4669100;-4.7998000
GB 8249;H F Stiles & Son Ltd;Sloperton Farm;Chippenham;SN15 2ED;51.3925800;-2.0567600
GB 8285;ABP LANGPORT;Muchelney Road;Langport;TA10 9HG;51.3901764;-0.1831926
GB 8297;Hampshire Game Ltd;Pollards Farm;Andover;SP11 9JE;50.9486583;-0.1049228
GB 8301;Gages Farm Ltd;;Ashburton;;50.5267352;-3.7559850
GB 8308;J V Richards (Rietfontein) Ltd;;Truro;;50.2633173;-5.0518107
GB 8333;POCOCKS POULTRY;The Gables;Melksham;SN12 8QR;55.0132074;-1.6785056
GB 8342;The Cornish Farmhouse Bacon Co Ltd;West Balsdon Farm;Holsworthy;EX22 6LE;50.7574300;-4.4443500
GB 8343;KITTOWS BUTCHERS;The Abattoir;Par;PL24 2RL;50.3625000;-4.7119900
GB 8349;STILLMANS (SOMERSET) LTD;;Taunton;;51.0147895;-3.1029086
GB 8354;C and S Meats Limited;White House Lane;Sherbourne;DT9 6HX;50.8842050;-2.5125155
GB 8355;John Sheppard Butchers Limited;Units 5 & 6;Bristol;BS2 9XS;52.3107658;-0.3772949
GB 8357;J AND J FARMERS ABATTOIR;Haydon Farm;Holsworthy;EX22 6RL;51.5953646;-1.8208443
GB 8364;COMPLETE MEATS;Unit C;Axminster;EX13 5HU;51.4872858;-0.1162600
GB 8373;RIVERFORD ORGANIC FARMERS LIMITED;;Buckfastleigh;;50.4794758;-3.7775431
GB 8374;Creed Foodservice Limited;Media Centre;Staverton;GL51 6TQ;53.8478993;-1.6475036
GB 8375;Scorse Foods Ltd;Water-ma-trout Industrial Estate;Helston;TR13 0LW;50.1132100;-5.2697200
GB 8380;Brian Etherington Meat Company;Wheal Rose;Redruth;TR16 5DF;50.0851073;-5.3081893
GB 8381;Ivan Clarke Catering Butchers Ltd;Unit 4c;Ilfracombe;EX34 8PL;51.1621303;-4.1230743
GB 8383;Weddel Swift Distribution Ltd;Unit 29;Exeter;EX5 1EW;50.6400659;-3.4111281
GB 8386;R D Johns Ltd;Unit 29;Newton Abbot;TQ12 4SG;50.5333597;-3.6157170
GB 8392;Wiltshire Game Ltd;Unit 2;Salisbury;SP3 6JT;51.0706060;-1.8175380
GB 8393;Pilgrims Pride Corsham;Leafield Industrial Estate;Corsham;SN13 9RS;51.4212070;-2.1999069
GB AA 004;R W Henderson Limited;South Esplanade East;;AB11 9PB;57.1390797;-2.0864274
GB AA 011;John Ross Jr (Aberdeen) Ltd;68-84 Sinclair Road;;AB11 9PP;57.1382966;-2.0858274
GB AA 013;Lunar Freezing and Cold Storage Limited;Craigshaw Street;Aberdeen;AB12 3AE;57.1223517;-2.0954073
GB AA 015;J Charles Seafoods Limited;c/o Nolan Seafoods Limited;Aberdeen;AB12 3BE;57.1218457;-2.0903945
GB AA 029;Colin Fraser Ltd;15 Raik Road;;AB11 5QL;57.1410710;-2.0954096
GB AA 036;Nor-Sea Foods Limited;c/o Nolan Seafoods Limited;Aberdeen;AB12 3BE;57.1218457;-2.0903945
GB AA 038;Joseph Robertson (Aberdeen) Ltd;45-47 Sinclair Road;;AB11 9BG;57.1384214;-2.0792452
GB AA 050;Frasers Fishmerchants Ltd;26 Russell Road;;AB11 5RB;57.1398314;-2.0950917
GB AA 054;Topsail Fish Products;1 Russell Road;;AB11 5RB;57.1398314;-2.0950917
GB AA 069;Mara Fish Company;18 Cabels Lane;;AB11 9AD;57.1377327;-2.0908956
GB AA 072;GXO Logistics;Minto Avenue;Aberdeen;AB12 3JZ;57.1183699;-2.0752164
GB AA 081;Granite City Fish;44 Poynernook Road;;AB11 5QX;57.1402512;-2.0961179
GB AA 082;Pearson Fish Limited;7 Cabels Lane;Torry;AB11 9AD;57.1377327;-2.0908956
GB AA 084;D H Clark;17 Crombie Road;Aberdeen;AB11 9QQ;57.1374251;-2.0871603
GB AA 087;AGD Duff & Partners Ltd;Broadfold Road;Aberdeen;AB23 8EE;57.1856629;-2.0951846
GB AA 091;Highland Fish Products;31 Sinclair Road;Aberdeen;AB11 9DL;57.1384214;-2.0792452
GB AA 107;Nolan Seafood (UK) Ltd;Craigshaw Drive;Aberdeen;AB12 3AN;57.1218241;-2.0942418
GB AA 108;Piper Seafoods Ltd;South Esplanade West;Aberdeen;AB11 9AA;57.1372118;-2.0927831
GB AA 117;Skateraw Fisheries;Old Ford Road;;AB11 5RL;57.1392497;-2.0960621
GB AA 140;Couper Seafoods Ltd;18 South Esplanade West;;AB11 9AA;57.1372118;-2.0927831
GB AA 143;J S Fish Ltd;4 Russell Road;;AB11 5RB;57.1398314;-2.0950917
GB AA 201;Quality Food Products of Aberdeen Ltd;Craigshaw Drive;Aberdeen;AB12 3BE;57.1218241;-2.0942418
GB AA 204;Thains;341 George Street;;AB25 1EE;57.1526579;-2.1046460
GB AA 213;J Law Ltd;66 Sinclair Road;Aberdeen;AB11 9PT;57.1382966;-2.0858274
GB AA 216;D & G Nolan Limited;Craigshaw Drive;Aberdeen;AB12 3AN;57.1218241;-2.0942418
GB AA 220;DFDS Logistics Scotland Aberdeen;Unit 8 Peterseat Drive;Aberdeen;AB12 3HT;57.1229901;-2.0684728
GB AA 222;Malmaison Aberdeen;49-53 Queens Road;;AB15 4YP;56.8435800;-2.2839362
GB AB 001 P;Strathmore Foods Ltd;Carseview Road;;DD8 3NG;56.6529884;-2.8818570
GB AB 003 P;James Ewart Ltd;14-16 High Street;;DD5 4AE;56.4816200;-2.8179554
GB AB 008 FE;Lossie Seafoods Ltd;Sir William Smith Road;Arbroath;DD11 3RD;56.5720671;-2.6094684
GB AB 015;Alex Spink & Sons Ltd;24 Seagate;;DD11 1BJ;56.5568846;-2.5785239
GB AB 017 FE;D Spink and Sons Ltd;53 High Street;;DD11 1AN;56.5575983;-2.5806159
GB AB 025;G and A Spink;Site 6;Arbroath;DD11 3RD;52.5254946;-2.0289968
GB AB 026 / UK-7-095;J S Baird and Sons;Scotston Farm;Dundee;DD3 0QT;56.5380300;-3.0823200
GB AB 035;M and M Spink Ltd;10 Marketgate;;DD11 1AY;56.5563694;-2.5823171
GB AB 037;Aurora Fishing;11 East Grimsby;;DD11 1NX;56.5568006;-2.5840156
GB AC 004;Youngs Seafoods Ltd;60/64 Port Street;;DG12 6BW;54.9841720;-3.2692606
GB AC 006;Arla Foods UK PLC;Lockerbie;;DG11 1LW;51.3960214;-0.5269683
GB AD 002;Loch Fyne Oysters Limited;Ardkinglas Estate;Argyll;PA26 8BH;56.2457200;-4.9447700
GB AD 0024 D;Isle of Colonsay Oysters;The Strand;Argyll;PA61 7YR;51.5134265;-0.1132218
GB AD 004 M;Inverloch Cheese Company;Isle ot Kintyre Ltd;Campbeltown;PA28 6BL;55.4237500;-5.6048000
GB AD 006 FE;PDK Shellfish Ltd;2 South Pier;Argyll;PA34 4LS;53.2874005;-2.8916558
GB AD 014 M;Isle of Mull Cheeses;Sgiob-Ruadh Farm;Isle of Mull;PA75 6QD;56.6197240;-6.0885143
GB AD 018 D;Inverlussa Shellfish Co Ltd;Inverlussa;Isle of Mull;PA65 6AY;56.2613335;-3.7790246
GB AD 040 DPC;Islay Oysters;Buil-an-Uilts;Isle of Islay;PA44 7PW;55.8260600;-6.3201500
GB AD 042;Bakkafrost Scotland Limited;Ardkinglas;Argyll;PA26 8BH;56.2457200;-4.9447700
GB AD 047;MacMillan Foods;The Old Smokehouse;Campbeltown;PA28 6LU;51.7618504;-0.5730105
GB AD 058 FE;Murray Smoked Products;Ford;Argyll;PA31 8RH;51.7446510;0.5071780
GB AD 059;Easdale Seafoods Limited;Balvicar;Argyll;PA34 4TF;56.2917300;-5.6095800
GB AD 060 FE;Scottish Seafarms Limited;South Shian;By Oban;PA37 1SB;56.5203100;-5.4036200
GB AD 062;Inverawe Smokehouses;Taynuilt;Argyll and Bute;PA35 1HU;51.0333655;-0.8724645
GB AD 063 FE;The Tobermory Fish Company Ltd;Unit 7, Baliscate;Isle of Mull;PA75 6QA;56.6160600;-6.0706300
GB AD 069 D;Isle of Mull Oysters Ltd;Penmore;Isle of Mull;PA75 6QS;51.3571990;-0.4532582
GB AD 089;Caledonian Oyster Co Ltd;Rubha Garbh;Oban;PA37 1SE;56.5139300;-5.3547700
GB AD 093;Islay Crab Exports Limited;The Shellfish Factory;Isle of Islay;PA42 7AS;55.6858922;-6.2380553
GB AD 095 DFE;Prentice Seafoods;Battery Point;Tarbert;PA29 6TW;51.0724641;1.1237726
GB AD 103 FE;Alba Seafoods;Smokehouse;By Oban;PA34 4XT;51.5424127;-0.0995678
GB AD 600;Argyll Bakeries Limited;Unit 9;Campbeltown;PA28 6SY;55.8611448;-5.4217913
GB AD 604;Ballimore Oysters;Store 70 (Oyster Shed);Argyll;PA21 2DH;56.0058900;-5.3190200
GB AD 611;The Argyll Smokery;Unit 6 Highland Avenue;Dunoon;PA23 8PB;55.9768757;-4.9353911
GB AD 615;Firm of Neil McGeachy;16 Longrow South;Argyll;PA28 6AH;55.4244937;-5.6057541
GB AD 623;Girl Norma Shellfish;Barranrioch;Oban;PA34 4QB;56.4184252;-5.4144382
GB AD 625;Gigha Oysters;Gallochoile;Argyll;PA41 7AD;55.6668813;-5.7498897
GB AD 627;Isle of Bute Smokehouse;37 Watergate;Isle of Bute;PA20 9AD;50.8627931;0.4674063
GB AD 629;MacMillan Foods;Units 1 & 2 Mull of Kintyre Industrial Estate;The Roading;PA28 6TP;55.4284700;-5.6118499
GB AD 631;Skipness Smokehouse produced by Creelers;Skipness;Argyll;PA29 6XT;52.6355384;-1.6690721
GB AD 633;C and J Shellfish Limited;Unit 3 Tarbert Industrial Estate;Argyll;PA29 6TA;55.8598100;-5.4204700
GB AD 635;Range Quest Oysters;Pairc Dhubh;Isle of Mull;PA73 6LY;56.4826000;-6.1284400
GB AD 637;Wee Isle Dairy Limited;Tarbert Farm;Argyll;PA41 7AA;55.6762455;-5.7395763
GB AD 639;Bakkafrost Scotland Limited;Ardyne Harvest Station;Loch Striven;PA23 7UJ;55.8807600;-5.0250000
GB AD 645;Argyll and Bute Cheeses;North Park Cottage;Ardishair;PA30 8EU;56.0188000;-5.4480631
GB AD 646;J and C Prentice Shellfish Limited;Churchill Quarry;Tarbert;PA29 6SX;55.8632870;-5.4155274
GB AD 647;Bidfood Scotland (Oban);Glengallen Road;Argyll;PA34 4HG;56.3967860;-5.4860889
GB AD 648;Western Scottish Cheese Company Limited;10-16 Kirk Street;Argyll;PA28 6BL;55.4236343;-5.6045371
GB AD 650;Sound of Luing Bivalves Seafarm;South of Toberonochy;By Oban;PA34 4TZ;56.2138618;-5.6581222
GB AD 651;Highland Biltong;Ard-Na-Slaite;Cairndow;PA25 8AZ;56.2190965;-5.0377129
GB AD 652;Colonsay Smokery;Scalasaig Steading;Argll and Bute;PA61 7YT;56.0702366;-6.1897294
GB AD 655;East Loch Shellfish Limited;Fish Market;Tarbert;PA29 6UD;51.0801449;1.1864319
GB AD 656;J & C Prentice Shellfish Limited;Tarbert Fish Market;Tarbert;PA29 6UD;55.8634455;-5.4133479
GB AD 659;Stewart Shellfish Ltd;Unit 1;Lochgilphead;PA31 8RR;51.7767415;-1.4870678
GB AD 660;Ardfern Black Pudding;Barfad Farm;Lochgilphead;PA31 8QN;56.1813181;-5.5356554
GB AD 661;Tiny Fish Limited;Unit 7 Tarbert Industrial Estate;Argyll;PA29 6SX;55.8632870;-5.4155274
GB AD 662;Cathedral City / Sheese;Bute Island Foods Ltd;Townhead;PA20 9JH;55.8286963;-5.0573526
GB AE 004;A & D Baxter;16/17 Eden Street;Wigton;CA7 4AD;54.8683265;-3.3882835
GB AE 005;Gilcrux Springs Trout Farm;Rydal Mount;Carlisle;CA7 2QD;54.4487461;-2.9824029
GB AE 006;Grants Oak Smoked Ltd;Site 14;Maryport;CA15 8NF;54.7062488;-3.5001403
GB AE 021;Solway Browm Shrimps;Unit 30;Wigton;CA7 4AE;54.8713205;-3.3847921
GB AE 032;Farmhouse Cuisine Ltd;Harbour View;Maryport;CA15 8NT;54.5475196;-3.5951765
GB AE 034;Highland Farms Ltd;18 Solway Trading Estate;Maryport;CA15 8NF;54.7062488;-3.5001403
GB AE 035;Torpenhow Cheese Company;Three Hills Barn;Wigton;CA71JZ;54.7495600;-3.2260500
GB AE 036;Snif-Snax UK PRD Ltd;17 Solway Trading Estate;Maryport;CA15 8NF;54.7062488;-3.5001403
GB AE 101;First Milk Cheese Company Limited;The Lake District Creamery;Wigton;CA7 2AR;54.7586536;-3.3297724
GB AE 102;Thornby Moor Dairy;Crofton Hall;Carlisle;CA5 6QB;54.8400100;-3.0860800
GB AE 103;Three Hills Gelato;Parkhouse Farm;Torpenhow;CA7 1JZ;51.8784467;-0.8350749
GB AE 203;Caterite Food  & Wines Services Ltd;Embleton;Cockermouth;CA13 9YA;51.2156562;-0.5337250
GB AE 206;The Pie Mill;Unit 16 Blencathra Business Centre;Keswick;CA12 4TR;54.6133415;-3.0460048
GB AE 214;Shaw Meats Limited;Aspatria Business Park;Carlisle;CA7 3DP;54.7716500;-3.3130500
GB AE 501;Bewleys Sausage;Station Building;Millom;LA18 5AA;54.2113347;-3.2703053
GB AF 001;Alan Woodard Limited;506 Wallisdown Road;Bournemouth;BH118PT;50.7523518;-1.9282423
GB AF 002;Lion Catering Ltd;1 Morris Road;Poole;BH17 0GG;50.7420661;-1.9749237
GB AF 004;Universal Foodservice;6 Allens Lane;Poole;BH165BN;50.7295092;-2.0184498
GB AF 005;Poole Seafood;18 Whitecliff Road;Poole;BH14 8DU;50.7170374;-1.9577199
GB AF 007;Renowned Catering Ltd;19 Ringwood Road;Poole;BH14 0RE;50.7260796;-1.9652933
GB AF 010;Country Fare;Magna House;Bournemouth;BH11 9FE;50.7834163;-1.9561074
GB AF 015;Honest Meals;872 Christchurch Road;Bournemouth;BH7 6DJ;50.7301222;-1.8273631
GB AF 016;Holdsworth Foods;Unit 2;Christchurch;BH23 3PE;50.7282723;-1.8205871
GB AF 017;Holdsworth Foods;Unit 12;Christchurch;BH23 3PE;50.7435590;-1.7423460
GB AF 022;Voyage Cuisine;Biz Spare Ltd;Poole;BH12 5AG;50.7483715;-1.9221543
GB AF 023;Forerunner Personal Catering Ltd;Uni1;Bournemouth;BH6 5HQ;50.7345953;-1.8103441
GB AF 024;Star Cuisine;39 Penn Hill Avenue;Poole;BH14 9LU;50.7225759;-1.9335093
GB AG 007;Pilgrims Food Masters UK Limited;Windmill Centre;Southall;UB2 4NJ;51.5033000;-0.3550300
GB AG 014;Imagefarm Ltd (T/A Wilsons of Sloane Street);175 Brent Crescent;London;NW10 7XR;51.5349358;-0.2902469
GB AG 016;Bombay Halwa Ltd;Unit G Bridge Road Industrial Estate;Southall;UB2 4BD;51.5040900;-0.3716900
GB AG 019;Orexis Fresh Foods;54B Minerva Road;London;NW10 6HJ;51.5292284;-0.2638535
GB AG 024;Bakkavor Meals London;303-306 Elveden Place;London;NW10 7SY;51.5368936;-0.2827879
GB AG 025;Raj Foods;56B Minerva Road;London;NW10 7SY;51.5292284;-0.2638535
GB AG 028;Poonams;86 Western Road;Southall;UB2 5DZ;51.4999949;-0.3899198
GB AG 043;Rama Foods;Alpha Beta Business Centre;Park Royal;NW10 6HJ;51.5293493;-0.2647167
GB AG 051;Hypergood Ltd  T/A Royal Gourmet;Unit 2 Matrix Park;Park Royal;NW10 7PH;51.6508020;-3.9247558
GB AG 053;Freshway-Nijjar Dairies Ltd;16 Eastman Road;Acton;W3 7YG;51.5059082;-0.2605223
GB AG 061;9 Cuisines;Unit 5 & 6;Park Royal;W3 6UU;51.5222655;-0.2627872
GB AG 069;Dina Foods Ltd;24-26 Gorst Road;Park Royal;NW10 6LE;51.5270577;-0.2630657
GB AG 070;Pineglade Ltd T/A Good Earth;16 Trading Estate Road;Park Royal;NW10 7LU;51.5263633;-0.2684062
GB AG 082;Treats and Snax Ltd;7 Greenock Road;Acton;W3 8DU;51.4985737;-0.2726895
GB AG 087;Rubys Food Products Ltd;4 Walmgate Road;Perivale;UB6 7NB;51.5392208;-0.3169208
GB AG 091;Canapes Direct Ltd;Unit 12-14;Perivale;UB6 7JZ;52.8565749;-2.7246538
GB AG 107;Pure Foods of London Ltd;Units 21-22 Fleetway Industrial Park;Perivale;UB6 7LD;51.5357600;-0.3157499
GB AG 108;Thomas Foods;Unit A 19;Park Royal;NW10 6HJ;51.7757699;-1.4870197
GB AG 118;Yi Tong;Unit B4;Park Royal;NW10 6HJ;51.5279466;-0.2675914
GB AG 122;Wagamama  Limited;35-41 Brunel Road;London;W3 7XR;51.5198639;-0.2531556
GB AG 129;Hongs Dumplings;Units 1B & 2;Acton;W3 8BL;51.4997416;-0.2731967
GB AG 130;Taiko Foods (UK) Ltd;34-48 Brunel Road;Acton;W3 7XR;51.5198639;-0.2531556
GB AG 133;Noon Products Limited;Noon Plant (Plant 2);Southall;UB2 4SB;51.5075900;-0.3608700
GB AG 149;True World Foods (UK) Ltd;Unit 10b & Ground Floor 10C;Southall;UB2 5FB;51.5019866;-0.3990240
GB AG 155;Borough Broth;Units 6 & 8;Greenford;UB6 8PW;51.5392698;-0.3444795
GB AG 157;Haldiram Overseas Limited;Unit 9c;Southall;UB2 5FB;51.4972558;-0.4007510
GB AG 159;Han Dian;Units 107-112 Dephna Kitchens;London;NW10 7PR;51.5280800;-0.2728000
GB AG 163;Riya Foods;34 Silicone Business Centre;Perivale;UB6 7JZ;51.5353141;-0.3101510
GB AG 164;The Felix Project;11 Acton Park Estate;Acton;W3 7QE;51.5057400;-0.2599231
GB AG 174;Disotto Foods;Units A B & C;London;NW10 7JW;51.5264343;-0.2670145
GB AG 178;Wholegood;20-21 Fairway Drive;London;UB6 8PW;51.5439771;-0.3581350
GB AG 180;City Harvest;Unit 8;Ealing;W3 7QE;51.5131939;-0.3019473
GB AG 181;Savour Bespoke Foods Ltd;Unit B9;Royal Park;NW10 6HJ;51.8123632;-2.2709267
GB AG 184;Caviar De Beluga Ltd;Unit 685;Park Royal;NW10 7PR;51.5280800;-0.2728000
GB AG 191;Langham Foods Limited;Unit B9;London;NW10 6HJ;51.8123632;-2.2709267
GB AG 194;Dishoom Prep Kitchen;Unit 406 - 413;Ealing;NW10 6QN;51.5269905;-0.2597052
GB AG 196;Empire Bespoke Foods Limited;45 Rowdell Road;Northolt;UB5 6AG;51.5427743;-0.3657187
GB AG 199;Damasgate Wholesale;Unit 6 & 7;Greenford;UB6 8UJ;51.5331519;-0.3565425
GB AG 200;United Cater Ltd;Unit 14;London;UB6 7LD;51.4766826;-0.1993821
GB AG 202;Safi Group;First Floor Unit 7;Park Royal;NW10 7PA;51.5275100;-0.2719100
GB AG 203;Apres At Home Ltd;Unit 203;London;NW10 7PQ;52.5023608;-1.9975942
GB AG 204;Shree Sweets Limited;Unit 17C;Southall;UB2 5DP;51.4972558;-0.4007510
GB AG 205;Hosanna London;Unit 5;Acton;W3 0RU;51.5000896;-0.2744105
GB AG 206;Kanada-Ya;5 Segro Park Fairway Drive;Ealing;UB6 8PW;51.5441000;-0.3561000
GB AG 207;Jaffa Falafel Ltd;Unit 7;Park Royal;NW10 7PA;51.5292301;-0.2730222
GB AG 208;Empire Foods;20 Balfour Business Centre;Southall;UB2 5BD;51.5029765;-0.3923447
GB AG 209;Kohyo;Unit 404;London;W3 6RT;51.4226294;-2.5686548
GB AG 210;Al Gali;Warehouse 1;London;NW10 6HJ;51.5076342;-0.0238687
GB AG 214;Azuma Foods UK Ltd;Unit 605 & 722;London;W3 6RT;51.5213375;-0.2625988
GB AG 216;Good Eating Company Ltd;Unit 304 and 306;London;W3 6RT;51.5213375;-0.2625988
GB AG 218;Pasta Evangelist;95 Victoria Road;London;NW10 6DJ;51.5258507;-0.2551888
GB AG 222;Greek Bazaar;Unit 10D;Southall;UB2 5FB;51.4972558;-0.4007510
GB AG 223;Nishihara Shokai UK;;Acton;;51.5081402;-0.2732607
GB AG 224;Cibo London;Unit 1A;Park Royal;NW10 6EX;51.5275339;-0.2673931
GB AG 225;Argentine Meat;35 Kennedy Road;London;W7 1JL;51.5251108;-0.3393470
GB AG 226;Jingco Foods;Unit R01 Acton Business Centre;Park Royal;NW10 6TD;51.5254669;-0.2583455
GB AG 227;Balaji Foods;Unit 11;Southall;UB1 2FJ;51.4972558;-0.4007510
GB AG 230;Taiko Foods;5 - 10 Telford Way;Acton;W3 7XS;51.5206059;-0.2534884
GB AG 231;Stocked;Units 101 - 106;Park Royal;NW10 7PR;51.5280800;-0.2728000
GB AG 232;OKane Direct;2 Phoenix Trading Estate;Perivale;UB6 7DZ;51.5398000;-0.3069400
GB AG 233;Magaza Wholesale;Unit 1;Park Royal;NW10 6JZ;51.5297278;-0.2706210
GB AG 234;Amigo Food Group;Unit 3;Park Royal;NW10 6HJ;51.5230482;-0.2619878
GB AG 235;Manjar;C602;Park Royal;NW10 7PR;51.5276308;-0.2726687
GB AG 237;Armin Plus;Unit 3;Perivale;UB6 7JD;51.5323298;-0.3243858
GB AG 239;I-tem;Unit 6;London;NW10 7LP;51.4764128;-0.1994318
GB AG 241;First Yield Foods;Unit B;Park Royal;NW10 6HJ;51.5149178;-0.3013254
GB AG 242;Flat Iron Chips;Units 101 - 106 & 201 - 203;Park Royal;NW10 7PQ;51.5285500;-0.2728700
GB AH 014;G R Bunning & Co.;Jubilee Hall Farm;Thetford;IP25 7SH;52.6043494;0.9262645
GB AH 020;Hillfields Limited;4 Maurice Gaymer Road;Attleborough;NR17 2QZ;52.5115832;1.0210839
GB AH 025;Norfolk Farmhouse Ice Cream;Pound Farm;North Tuddenham;NR20 3DA;51.1164195;-0.5601526
GB AH 029;P J Southgate Ltd;Lyng Farm;Attleborough;NR17 1AW;52.5151800;0.9788500
GB AH 030;AG & TG Saunders;Clay Pit Farm;Necton;PE37 8JA;52.6488122;0.7935805
GB AH 034;2 Sisters Food Group Ltd;Caxton Way;Thetford;IP24 3RY;52.4081398;0.7277178
GB AH 035;P. Ewin Farms Ltd;Rookery Farm;Attleborough;NR17 1LB;52.9251927;-0.9799611
GB AH 036;Anglia Free Range Eggs Ltd;Maurice Gaymer Road;Attleborough;NR17 2QZ;52.5115832;1.0210839
GB AH 037;StoreLogs Ltd;Stephenson Way;Thetford;IP24 3RE;52.4048569;0.7318341
GB AH 040;Burwell Hatchery Ltd;Watercress Lane;Dereham;NR20 3RJ;52.6662563;1.0178958
GB AH 042;Barnies;102 New Green Business Park;Thetford;IP25 6JU;52.5714024;0.8552633
GB AH 044;Gitas Mastas;65 Admirals Way;Norfolk;IP24 2TG;52.4243554;0.7652381
GB AH 046;E.J. and M E Wood;Trench Farm Chicken Hut;Norwich;NR16 2DW;52.4227200;1.0265899
GB AH 048;Pilgrims Food Masters UK Limited;Rookery Farm;Attleborough;NR17 1LY;52.9251927;-0.9799611
GB AH 049;Greenheath Storage Limited;Gate 4;Thetford;IP24 3RY;52.4088967;0.7221441
GB AH 050;Coastal Health;Unit 4;Besthorpe;NR17 2LD;52.5180038;1.0468035
GB AH 052;Hope Seafood Limited;Primrose Farm;Thetford;IP25 7TG;53.9620511;-1.1467683
GB AH 053;Norfolk and Better Limited;Manor Farm;Thetford;IP256SS;52.5866864;0.8772695
GB AH 054;SAM Meats Ltd;Unit 9;Watton;IP25 6BS;52.5624305;0.8290329
GB AH 055;Davis &Son (Davies and)Ltd;Moor Farm;Foxley;NR204PQ;52.9606033;-1.2550505
GB AI 010;Culina Logistics Ltd - Nottingham;Sherwood Park;Annesley;NG15 0DR;54.6581432;-5.6259649
GB AI 714;Belwood Foods Limited;Unit 13 Hunt Close;Kirkby in Ashfield;NG17 7ER;53.1092354;-1.2366620
GB AK 001;L Robson & Sons Ltd;8 Haven Hill;Northumberland;NE66 3TR;55.4725211;-1.5931930
GB AK 007;Trotters Family Bakery;North Sunderland Trading Estate;Northumberland;NE68 7UP;55.5784070;-1.6667668
GB AK 100;R. Ord and Hens;Chatton Park Farm;Alnwick;NE66 5RA;55.5520909;-1.8932970
GB AK 103;Northumberland Cheese Company;Green Lane;Northumberland;NE13 6BZ;55.0996633;-1.7065253
GB AK 104;Doddington Dairy Cheese;North Doddington Farm;Northumberland;NE71 6AN;55.5860508;-2.0007962
GB AK 105;Doddington Dairy Ice Cream;North Doddington Farm;Northumberland;NE71 6AN;55.5860508;-2.0007962
GB AK 112;Lindisfarne Oysters Ltd;West House;Northumberland;NE70 7EN;55.5558932;-1.6353261
GB AK 121;Northumberland Eggs;Kearsley Farm Cottage;Matfen;NE20 0TA;55.0721700;-1.9576100
GB AK 122;J T Goodfellow & Son;Lynup Hill Bungalow;Matfen;NE20 0SU;55.0760500;-1.9434500
GB AK 124;A & S Macdonald;Bowershield;Hexham;NE47 7BN;54.9823600;-2.3100400
GB AK 127;Douglas Flannigan Shellfish;Windmill Way West;Berwick-Upon-Tweed;TD151UN;55.7862291;-2.0165023
GB AK 130;Bainbridge Farms;Longwitton;Northumberland;NE614JY;55.2120200;-1.9318500
GB AK 132;Coquet Island Shellfish Ltdr;Coquet Enterprise Park;Amble;NE65 0PE;55.3273192;-1.5825994
GB AK 133;Low Staples Farm;Low Staples;Northumberland;NE470HA;54.9150000;-2.1069200
GB AK 141;Flannigan Seafoods Ltd;Unit 3 A&B;Berwick-Upon-Tweed;TD151TA;55.9322385;-3.0747213
GB AM 012;Tims Dairy Ltd;Mopes Farm;Chalfont St Peter;SL9 0QH;51.6019651;-0.5352719
GB AM 019;St Joseph’s Catholic Primary School;Priory Road;Chalfont St Peter;SL98SB;51.5999241;-0.5636524
GB AM 021;The Original Biltong Company;Unit F & Unit H;Chesham;HP5 2PY;51.7758997;-1.4869796
GB AM 022;M.F. Penfold Limited;Highclere Farm;Seer Green;HP92QZ;51.6270712;-0.5914734
GB AN 008;Rookery Farm (Langmeads);Hoe Lane;Bognor Regis;PO22 8NT;50.8152259;-0.8457826
GB AN 011;G D Poston;Lintels;Arundel;BN18 0JB;50.8156200;-0.6119599
GB AN 012;Browns Seafoods;Riverside Industrial Estate;Littlehampton;BN17 5DF;52.0434593;1.1565182
GB AN 013;Devilish Desserts;Unit 6 Block J;Littlehampton;BN16 3HQ;50.8191000;-0.5092400
GB AN 015;Nanny Sues Best Eggs;South Lodge Cottage;Worthing;BN14 0RE;57.1601328;-2.2249129
GB AN 016;Turners Pies Ltd;Unit D1;Littlehampton;BN17 5DF;50.8140217;-0.5371526
GB AN 019;Express Foodservice;Unit E;Rustington;BN16 3HQ;51.7759320;-1.4871421
GB AN 021;Mopani Trading Ltd;Unit D1;Arundel;BN18 0HY;50.8575887;-0.5942371
GB AN 022;Acorn Food Services Ltd;Unit 26;Climping;BN17 5RE;50.8063878;-0.5845695
GB AN 026;Coastal Catering UK Ltd;Unit B3;Littlehampton;BN17 5DF;50.8140217;-0.5371526
GB AN 027;The Fab Food Bakery Co Ltd;Unit 2;Bognor Regis;PO22 9RU;50.7994083;-0.6646968
GB AN 028;Pamporovo Mini Market;Unit 5;Bognor Regis;PO22 9QT;53.0454564;-2.1888124
GB AO 004;Powters Ltd;Wellington Street;Newmarket;CB8 0HT;52.2443783;0.4043764
GB AO 008;CPF (UK);Fordham Road;Newmarket;CB8 7LG;52.2676071;0.3935059
GB AO 011;Turners (Soham) Ltd;Fordham Road;Newmarket;CB8 7NR;52.2636132;0.3975595
GB AO 021;Cambridge Commodities Ltd;203 Lancaster Way Business Park;Ely;CB6 3NX;52.3867917;0.2281259
GB AO 023;Gourmet Brownie Ltd;The Ark Church;Isleham;CB67 5QP;54.7023545;-3.2765753
GB AQ 005;Valerio Ltd;Olympia House;Bedford;MK41 7PB;51.5562363;-0.1118958
GB AQ 011;Bird Brothers;Sunny Farm;Swineshead;MK44 2SU;52.2821300;-0.4351200
GB AQ 017;A.G. Murdoch & Sons (Poultry);Duck Lane Farm;Cardington;MK44 3SX;52.1167500;-0.4140000
GB AQ 019;Bevistan Dairy;Valley View Farmhouse;Bedford;MK43 7LH;52.1828396;-0.6173211
GB AQ 020;A Good Egg;Top Camp;Clapham;MK41 6AA;52.1729394;-0.4849948
GB AQ 023;Riverside Dairy Ltd;Turvey Road;Bedford;MK43 7LH;52.1832661;-0.6191915
GB AQ 024;Greensand Ridge Cheese Company;17 Northill Road;Cople;MK44 3TU;52.1136478;-0.3717096
GB AQ 025;Central Pharma (Contract Packing) Limited;Caxton Road;Bedford;MK41 0XZ;52.1471708;-0.4154888
GB AQ 026;Holdsworth Foods;Unit 35;Wilstead;MK45 3PD;52.0980313;-0.4661980
GB AQ 029;F. Harris and Sons at Bens Biltong;113 Castle Road;Bedford;MK40 3QX;52.1369192;-0.4543725
GB AQ 031;Smokehouse Deli Ltd;Unit 16;Bedford;MK44 1FD;52.1871212;-0.5086334
GB AQ 034;A. B. Fruits Ltd;Unit 22  Murdock Road;Bedford;MK417PD;52.1540109;-0.4750194
GB AR 001;Monteum Ltd;Fishermans Wharf;Shoreham;BN43 6RN;51.1292696;-3.0017471
GB AR 008;Higgidy;60 Dolphin Road;Shoreham;BN43 6PD;50.8336957;-0.2646750
GB AR 009;Little Tums Catering;Little Tums Unit D1;Shoreham-By-Sea;BN43 6QB;50.8336821;-0.2575592
GB AR 010;Bidfood;32 Chartwell Road;Lancing;BN15 8TU;50.8238648;-0.3317237
GB AR 012;The Lewes Pastry Company Ltd;28 Queens Parade;Lancing;BN15 9BA;50.8450418;-0.1937968
GB AS 103;Korker Sausages Ltd;Branns Drive;Cranbrook;TN17 4LN;51.0527797;0.6296958
GB AS 104;Ardo UK Ltd;Ashford Road;Ashford;TN27 0DF;51.2087215;0.7941955
GB AS 105;Cheesemakers of Canterbury;South Hill Farm;Ashford;TN25 5HL;50.9495928;-3.0521291
GB AS 110;Moons Green Charcuterie Ltd;Owley Green Farm;Tenterden;TN30 7HL;51.0234681;0.7117445
GB AS 112;Plurenden Partnership;Plurenden Manor Farm;Ashford;TN26 3JW;51.1031300;0.7550599
GB AS 113;Shilas Kitchen Ltd;Unit 15 Travis House Business Centre;Ashford;TN24 0YY;51.1288800;0.9028900
GB AS 114;Goat Nutrition Ltd;Units B and C;Ashford;TN27 8QL;51.1386899;0.6680100
GB AS 116;Supplement Factory Ltd;Axiom Units 7 & 8;Sevington;TN24 0AA;52.5838743;-0.2681538
GB AS 119;Premier Foods Ashford;Kennington Road;Ashford;TN24 0LU;51.1434229;0.9075983
GB AS 121;Simply Ice Cream Ltd;Ouseley Dairy;Ashford;TN25 5NP;51.1425125;0.9286444
GB AS 122;Arena Health Ltd;Unit 7;Ashford;TN23 1ED;51.1589209;0.8623358
GB AT 007;Butlers Fine Foods;Unit 11 Innage Park;Atherstone;CV9 2QX;52.5823427;-1.5530191
GB AT 017;D & R Meats;Unit 10b;Arley;CV7 8HN;52.4932270;-1.5730963
GB AT 020;Lineage Hams Hall;Unit 7;Coleshill;B46 1AL;52.5141589;-1.6809756
GB AT 021;DB Wholesale Meats;Arley Depot;Coventry;CV7 8FG;52.5064218;-1.5900051
GB AT 024;LA Food Distribution Ltd;Langley Brook Farm;Tamworth;B78 2BP;52.5732600;-1.7639900
GB AT 025;Whitacre Gold Butter Ltd;Newton Meadow;Coleshill;B46 2EA;52.5316700;-1.6681000
GB AT 026;Greencore Direct To Store – Tamworth;Core 3 Core 42 Business Park;Tamworth;B78 1TX;52.5978852;-1.6229699
GB AT 4080;Lineage Coleshill;Gorsey Lane;Coleshill;B46 1JU;52.5151818;-1.7138092
GB AU 001;Pilgrim’s Food Masters UK Limited;Godley Hill Road;Hyde;SK14 3BR;53.4520279;-2.0519725
GB AU 010;TC Meats Ltd;Unit 9;Manchester;M34 3RB;53.4771035;-2.2268741
GB AU 013;Consort Cooked Meats;1 Wharf Street;Dukinfield;SK16 4JF;53.4821502;-2.0928037
GB AU 015;A & T Natural Casings;Unit 3;Ashton-under-Lyne;OL6 8NS;53.4674655;-2.1046705
GB AU 018;The Protein Partners;Unit 11;Hyde;SK14 4NL;53.4550951;-2.0960187
GB AU 019;Graviss UK PVT Ltd;Unit E2;Aston under Lyme;OL7 0TL;51.9986237;-2.1322161
GB AU 020;B & A Susca Ltd;Unit 3;Hyde;SK14 4TG;53.4770200;-2.0784414
GB AU 021;Aytac Foods Distribution Limited;Unit 1;Ashton under Lyne;OL6 6UX;53.4677354;-2.1049491
GB Authorisation 030RA;Scottish Leather Group Operations Ltd (Bridge of Weir Site);Baltic Works;;PA11 3RH;55.8497443;-4.5641213
GB Authorisation 031RA;Scottish Leather Group Operations Ltd (Paisley Site);Baltic Works;;PA11 3RH;55.8497443;-4.5641213
GB AV 017;The Duffield Dairy;Burley Meadows Farm;Belper;DE56 4FQ;52.9729873;-1.4841414
GB AV 018;H & S Food Service Limited;26 - 28 Heanor Road;Ripley;DE5 9SH;53.0381735;-1.3758361
GB AV 021;Castle Farm Eggs;Hands Road;Heanor;DE75 7HB;53.0124394;-1.3451187
GB AV 022;Featherfield Poultry Farm;Plaistow Green;Crich;DE4 5GX;53.0967888;-1.4806095
GB AV 024;Bidfood Foodservice;Nottingham Depot;Langle Mill;NG16 4HY;52.9460109;-1.1393941
GB AV 025;J C Coombes & Son;Croft House Farm;Nether Heage;DE56 2JU;53.7367599;-2.1315181
GB AV 028;Heage Eggs & Poultry;Flat 2;Heage;DE56 2AB;53.0465189;-1.4274009
GB AV 029;Griffith Foods;Cotes Park Estate;Somercotes;DE55 4NN;53.0880724;-1.3678558
GB AV 030;Owen Taylor and Sons Ltd;Owen Taylor Industrial Park;Riddings;DE55 4AT;53.0691004;-1.3714573
GB AV 031;Wakebridge Manor Creamery;Wakebridge Manor Farm;Nr Matlock;DE4 5HD;53.0950364;-1.4938972
GB AV 032;Gourmegg;5 Ray Street;Heanor;DE75 7GE;53.0137747;-1.3551337
GB AX 004;Hayfields Dairy Limited;Hayfields Farm;Crewe;CW3 0EX;52.9696300;-2.5327400
GB AX 005;Snugburys Ice Cream;Park Farm;Nantwich;CW5 6BU;53.0857470;-2.5609743
GB AX 007;Dairygold Ingredients Ltd;Lancaster Fields;Crewe;CW1 6FW;53.0891028;-2.4193753
GB AX 009;Ornua Ingredients Europe (UK) Ltd;Spinneyfields Farm;Nantwich;CW5 6DN;53.1027493;-2.5121457
GB AX 011;Dairy Solutions;Quakers Coppice;Crewe;CW1 6FA;53.0876750;-2.4158277
GB AX 015;J S Bailey Limited;Calveley Mill;Taporley;CW6 9JW;53.1225213;-2.6081324
GB AX 017;Vac-Pak (Crewe);Beam Heath Way;Nantwich;CW5 6PQ;53.0767428;-2.5160538
GB AX 022;Joseph Heler Ltd;Laurels Farm;Nantwich;CW5 7PE;51.4679474;-2.2841528
GB AX 026;Reaseheath Food Centre;Reaseheath College;Nantwich;CW5 6DF;53.0846539;-2.5279739
GB AX 028;Wrights Food Group;Weston Road;Crewe;CW1 6XQ;53.0851921;-2.4253180
GB AX 033;G S Davies & Son;Quakers Coppice;Crewe;CW1 6FA;53.0876750;-2.4158277
GB AX 034;Boughey Distribution;Nantwich Road;Nantwich;CW5 6RS;53.0896596;-2.4338922
GB AX 036;David Williams Cheese;51 Lancaster Fields;Crewe;CW1 6FF;53.0891028;-2.4193753
GB AX 037;Chatwins;4 Market Street;Nantwich;CW5 5DJ;53.0679921;-2.5203597
GB AX 038;EWH Moore Partnership;The Grange;Crewe;CW3 9DB;51.5293960;-3.0682800
GB AX 040;Robert Aspden;Buttertons Lane Farm;Crewe;CW1 5UT;53.0872000;-2.3650699
GB AX 053;Abbey Leys Farm;;Knutsford;;53.3033492;-2.3705745
GB AX 055;Quality Cuts Ltd;25 High Street;Sandbach;CW11 1AH;53.1437283;-2.3627629
GB AX 061;Alternative Meats;Home Farm;Combermere;SY13 4AL;52.9926839;-2.5958207
GB AX 062;Sapling House Farm;Ullard Hall Lane;Knutsford;WA16 9GE;53.2738818;-2.3879233
GB AX 063;Fayrefield Foods Ltd;Fayrefield House;Crewe;CW2 8UY;50.8721236;-2.9745926
GB AX 065;Burts Cheese Limited;The Orchards Farm;Holmes Chapel;CW4 8DS;53.2153900;-2.3438200
GB AX 066;Great North Pie Company;Dean Way Trading Estate;Wilmslow;SK9 3HW;53.3438100;-2.2165499
GB AX 070;L.V. & D.F. Dakin & Partners;Manor Farm;Nr. Tarporley;CW69TH;53.1049600;-2.6812200
GB AX 073;Bidlea Dairy;The Orchards Farm;Holmes Chapel;CW48DS;53.2153900;-2.3438200
GB AX 074;Harrys Milkshake and Munchies Limited;Brown Moss Barn;Nantwich;CW57PP;53.0040500;-2.4477699
GB AX 075;The Estate Dairy Ltd;Unit 1;Malpas;SY14 8HA;53.0049216;-2.7370085
GB AX 077;S A H & T Southworth;Greenoaks Farm;Knutsford;WA167LY;53.3295699;-2.3013600
GB AX 078;Halton Farms Ltd;Chance Hall Farm;Nr Congleton;CW124TL;53.1329600;-2.2600100
GB AX 081;Hill Farm Real Food Hill Farm;Back Lane;Alpraham;CW6 9LL;53.1422902;-2.6191688
GB AX 082;Unette Nutrition Limited;Avro House Unit 1A and 1B Spitfire Road;Nantwich;CW5 6HT;53.1118800;-2.5912000
GB AX 084;C & J Jackson & Sons;Green Farm;Bradwell;CW10 0LB;53.1672600;-2.3991100
GB AX 086;Grocers Brokers Limited;Childs Lane;Brownlow;CW12 4TG;53.1460304;-2.2503742
GB AX 088;DW Cheese;Unit 9;Crewe;CW1 6UA;53.0962793;-2.4048532
GB AX 089;My Choice;Supermarket Hightown;Crewe;CW1 3BX;53.0971199;-2.4495300
GB AX 090;Brupac Drinks and Machine Co Ltd;Unit 7;Crewe;CW2 8UY;53.0777153;-2.4720621
GB AX 092;AYK Meats Ltd;Unit 7;Crewe;CW1 6NG;53.0948748;-2.4114819
GB AX 093;Sachet Factory Limited;Unit 2-5;Congleton;CW12 1TW;53.1858553;-2.2138217
GB AX O72;The Weston Biltong Company Ltd;Weston;Cheshire;CW25LT;53.0669600;-2.4078800
GB AY 017;Oxford Cheese Company Ltd;Unit 15 Wornal Park;Aylesbury;HP18 9PH;51.7812932;-1.0821608
GB AY 021;Natco Foods Limited;Unit 2 Swan Business Park;Buckingham;MK18 1TB;51.4560706;0.2083069
GB AY 023;Arla Foods Limited;Samian Way;Aylesbury;HP22 5WJ;51.8151280;-0.7286316
GB AY 027;Kinsale Agriculture;Kinsale Farm;Aylesbury;HP17 8UT;51.7899900;-0.8969000
GB AY 028;JC Meats Ltd.;Unit 9;Hogshaw;MK18 3LA;51.9083128;-0.9036120
GB AY 029;Mursley Free-Range Egg Supplies Ltd;Stoke Lodge;Milton Keynes;MK17 9BU;51.4856017;-2.6366705
GB AY 036;Bloom Valley Ltd;Valley Farm;Buckinghamshire;OX270BL;51.9140500;-1.0250500
GB AY 037;Rani Foods;Hall Farm;Lillingstone Lovell;MK185BL;52.0533300;-0.9619200
GB AY 039;McCormick (UK) Limited;Pegasus Way;Haddenham;HP17 8LB;51.7722886;-0.9432229
GB AY 042;The Biltong Shop;107 White Lion Road;Amersham;HP7 9JR;51.6712072;-0.5839666
GB AY 043;Ghee Appetit Ltd;Unit B-4;Great Horwood;MK17 0NY;51.7757807;-1.4870721
GB AY 044;Monty Pieman;3 Hillcrest Rise;Buckingham;MK18 1SL;51.9866241;-0.9811162
GB AY 046;Bragenham Farm;Bragenham Farm;Bragenham;LU7 0EE;51.9482118;-0.6920716
GB AY 047;Northman Nutrition Limited;Unit 1;Long Marston;HP23 4QR;51.8447507;-0.6778745
GB AY 048;Instant Delights Ltd;29 Pembroke Road;Aylesbury;HP20 1DB;51.8184531;-0.7997406
GB AY 049;Bray Cured;Taplow Common Road;Burnham;SL1 8FL;51.5470772;-0.6744525
GB AY 050;Sufan Limited;Unit 6;Leighton Buzzard;LU7 0GR;51.7896411;-0.5044283
GB AY 051;The Buckinghamshire Cheese Company;North Hill Farm;Winslow;MK18 3LF;51.6655662;-0.5107114
GB BB 002;Braehead (SFO Enterprises) Ltd;West Shore Industrial Estate;Aberdeenshire;AB43 9LG;57.6950278;-2.0240665
GB BB 003;Nor-Sea Foods Ltd;Bath Street;;AB43 9DX;51.3808306;-2.3608088
GB BB 004;G & J Jack Seafoods Ltd;Harbour Road;;AB43 9TD;51.3938429;-3.2832491
GB BB 005;Duthie & Summers;25 Denmark Street;Aberdeenshire;AB43 9EY;57.6957537;-2.0087824
GB BB 006;MJ French Fish Export t/a Jack Taylor;Anderson Road;Fraserburgh;AB43 9LG;52.5308461;-1.8489702
GB BB 008;International Fish Canners Ltd;Bath Street;Aberdeenshire;AB43 9DY;57.6962039;-2.0035515
GB BB 009;Seafood Ecosse (Fraserburgh) Ltd;46-50 Shore Street;;AB43 9BT;57.6941985;-2.0036823
GB BB 010;Seafood Sourcing Ltd;Harbour Road;;AB43 9TD;51.3938429;-3.2832491
GB BB 011;Youngs Seafood;Watermill Road;Aberdeenshire;AB43 9HA;57.6912005;-2.0277750
GB BB 012;Nordic Shellfish;Units 5-7;Fraserburgh;AB43 9TA;52.6905306;-1.1305832
GB BB 016;Noble Brothers (Fraserburgh) Ltd;North Lane;;AB43 9DL;57.6943017;-2.0078179
GB BB 023;A Thompson Jnr;Unit 8;Fraserburgh;AB43 9TA;55.9020389;-4.8664982
GB BB 025;Enterfoods;8 Reclaimed Ground;Fraserburgh;AB43 9TD;57.6892400;-2.0003700
GB BB 027;Whitelink Seafoods Ltd;Maxwell Place;;AB43 9SX;57.6929199;-2.0252457
GB BB 028;Lunar Freezing and Cold Storage Co Ltd;46 Shore Street;;AB43 9BT;57.6941985;-2.0036823
GB BB 030;Fraserburgh Freezing & Cold Storage;South Harbour Road;;AB43 9TA;57.6887274;-2.0023848
GB BB 044;Denholm Seafoods Ltd;East Quay;;AB42 1JF;51.1320548;-3.0007803
GB BB 047;The Old Smoke House;17 Ellis Street;Aberdeenshire;AB42 1JR;57.5067105;-1.7766708
GB BB 048;R & J Seafish Ltd;31 North Street;Aberdeenshire;AB42 1NJ;57.5080410;-1.7754069
GB BB 050;Wyvis Fishing Co Ltd per MFV Marigold (INS 241);c/o Denholm Fish Selling;Mallaig;PH41 4PY;57.0057617;-5.8289533
GB BB 051;Ken Cassells Ltd;Wilson Street;;AB42 1UD;57.5108658;-1.7801699
GB BB 052;Thistle Seafoods Ltd;The Harbour;Peterhead;AB42 3AU;57.4864687;-1.8045677
GB BB 054;J H Milne (Peterhead) Ltd;3 Keith Street;;AB42 1BP;57.5027137;-1.7700502
GB BB 055;McConnell Seafoods Ltd;Unit 9;Peterhead;AB42 1TZ;57.4866991;-1.8032878
GB BB 058;M Geddes Ltd;Units 1 & 2;Peterhead;AB42 1TZ;57.4866991;-1.8032878
GB BB 062;Lunar Freezing and Cold Storage Company Ltd;East Quay;Peterhead;AB42 1JF;51.1320548;-3.0007803
GB BB 064;Ashgrove Fish;11 Albert Street;;AB42 1ZW;57.5073567;-1.7720295
GB BB 065;MFV Nereus;c/o Nereus Fishing Ltd;Buckie;AB56 1UQ;57.6793400;-2.9576300
GB BB 067;Caley Cold Store Ltd;2 Blackhouse Circle;Peterhead;AB42 1BN;57.5135118;-1.8085541
GB BB 068;Garfish;Unit 1;Peterhead;AB42 1BN;57.5161120;-1.8230315
GB BB 069;Wilsea Ltd;Unit 11;Peterhead;AB42 1ZW;57.4866991;-1.8032878
GB BB 077;Ugie Salmon Fishing Company;Golf Road;;AB42 1LS;57.5160068;-1.7984015
GB BB 084;GT Seafoods (Peterhead) Ltd;Castle Street;;AB42 1EN;57.5031238;-1.7715066
GB BB 086;Seafood Ecosse Ltd;Dales Industrial Estate;Aberdeenshire;AB42 3JF;57.4904089;-1.8128245
GB BB 087;Laeso Fish Limited;Damhead Circle;Peterhead;AB42 3GX;57.4909448;-1.8043405
GB BB 092;Lunar Filleting;Ring Road;Peterhead;AB42 3JL;57.4866034;-1.8040528
GB BB 093;Macduff Shellfish (Scotland) Limited;Station Road;Aberdeenshire;AB42 4LU;57.5569900;-2.0408800
GB BB 096;Lunar Freezing and Cold Storage Co Ltd;Damhead Way;Peterhead;AB42 3GY;57.4905028;-1.8063691
GB BB 097;Northbay Pelagic Limited;Kirk Square;Aberdeenshire;AB42 1JF;57.5050043;-1.7843710
GB BB 100;S & B Seafoods;Unit 2;Peterhead;AB42 6ZW;52.6355160;-1.6667992
GB BB 103;George Downie (A FIRM);40 Low Shore;Banff;AB45 2NN;57.6775563;-2.5826559
GB BB 105;Inshore Fish Supply;Bankhead;Aberdeenshire;AB44 1RD;57.5044653;-4.4990333
GB BB 107;Messrs J Smith;Fish House;Sandend;AB45 2QG;57.6783400;-2.6979000
GB BB 116;AM Shellfish Ltd;Craigmyle Park;Aberdeenshire;AB51 0QU;55.6041878;-2.8982010
GB BB 126;Murray McBay and Co.;Fore Street;Aberdeenshire;DD10 0EU;56.7946595;-2.3338943
GB BB 129;Gourline Fish Merchants;West Quay;Montrose;DD10 0PQ;50.3477867;-4.2168138
GB BB 152;Fraserburgh Fish Market;Harbour Road;;AB43 9BR;51.3938429;-3.2832491
GB BB 155;Peterhead Fish Market;Greenhill Road;;AB42 1ZY;55.8269687;-4.2144057
GB BB 157;Fishbox Ltd;5-8 Volum Street;;AB42 1TZ;57.5077018;-1.7731023
GB BB 158;MFV Moray Endeavour BCK17;Per Denholm Fish-selling;Buckie;AB56 1UT;57.6783500;-2.9609899
GB BB 160;MFV Revival (FR316);Revival Fishing Ltd per;141 Shore Street;AB43 9BP;57.6915797;-2.0040125
GB BB 161;MacNeil Shellfish Ltd;6 Union Road;Aberdeenshire;AB51 5QU;57.2859653;-2.4052110
GB BB 162;GT Seafoods Limited;7-10 Albert Street;Aberdeenshire;AB42 1ZW;57.5073567;-1.7720295
GB BB 163;Ocean Vision (BF190);Heritage House;Fraserburgh;AB43 9BP;52.6326308;-1.1391528
GB BB 164;MFV Vision V (BF191);Westward Fishing Company;Fraserburgh;AB43 9BP;57.6915797;-2.0040125
GB BB 166;TSH Quality Meat Limited;29 South High Street;Aberdeenshire;AB45 2NT;57.6821785;-2.6919648
GB BB 167;MFV Andromeda (BF437);Andromeda Fishing Ltd;Peterhead;AB45 2NT;57.6823200;-2.6920500
GB BB 168;Lily Anna (BF371);Sanmar fishing co. Ltd & Sanders Fishing co Ltd;Maxwell place industrial estate;AB43 9SX;57.6932200;-2.0261500
GB BB 169;Amity Fish Co. Ltd;5A Seagate;Aberdeenshire;AB42 1JP;57.5057489;-1.7749741
GB BB 170;Denholm Seafoods Ltd;Keith Street;Aberdeenshire;AB42 1BP;57.5027137;-1.7700502
GB BB 171;Wark Farm Pies;Wark Farm;Alford;AB33 8LL;57.1747700;-2.8006600
GB BB 172;MFV Forever Faithful (PD289);5-8 Bridge Street;Aberdeenshire;AB42 1DH;57.5043453;-1.7729940
GB BB 173;Messrs J. Smith Ltd;Harbour Head;Portsoy;AB45 2RX;57.6759803;-2.9786586
GB BB 174;MFV Kopala (INS64);Heritage House;Fraserburgh;AB43 9BP;52.6326308;-1.1391528
GB BB 175;SCT Seashell Limited;Building 2, Unit 1;Inverurie;AB51 5JL;51.7767415;-1.4870678
GB BB 176;Pie Aroma Ltd;54 High Street;;AB43 6SR;57.5855181;-2.0888078
GB BB 177;Accord BCK262;Findlater Fishing LLP;Peterhead;AB42 1DB;57.5044625;-1.7761366
GB BB 200;Strachans Ltd;54 Windmill Street;Aberdeenshire;AB42 1UE;57.5089716;-1.7825661
GB BB 202;Donald Russell Ltd;Carnie Road;;AB51 0QH;57.2278697;-2.3414758
GB BB 203;Lunar Cold Store;Sandhaven Road;Aberdeenshire;AB43 9HA;55.8230820;-4.3610479
GB BB 310;Mackies Ltd T/A Mackies of Scotland;Westertown;Inverurie;AB51 8US;57.2167844;-3.0463888
GB BB 316;James Rizza & Sons Ltd;31 Steven Road;Aberdeenshire;AB54 8SX;57.4449245;-2.7980867
GB BB 318;Macphie of Glenbervie;Glenbervie;Aberdeenshire;AB39 3YG;56.0319627;-3.8401723
GB BB 320;Cambus OMay Cheese Company Ltd;The Creamery;Ballater;AB55 5SD;54.1757953;-6.3419183
GB BB 321;Rora Dairy;Middleton of Rora;Aberdeenshire;AB42 4US;57.5379000;-1.9024200
GB BB 322;Cheese Bothy;Fern View;Aberdeenshire;AB31 6NQ;53.3914620;-2.3009759
GB BB 323;Forest Farm Dairy Ltd;Glasgoforest;Aberdeenshire;AB21 0SH;57.2048773;-2.3178595
GB BB 507;Bert Fowlie Family Butcher;28 High Street;Aberdeenshire;AB43 6SR;57.5855181;-2.0888078
GB BD 005;FMA Coldstore;Harbour Road;Scottish Borders;TD14 4JA;55.8713972;-2.0880084
GB BD 009;Farne Salmon & Trout Ltd;Industrial Estate;Scottish Borders;TD11 3HS;55.7711337;-2.3376255
GB BD 038;Eyemouth Freezers Ltd;Toll Bridge Road;Berwickshire;TD14 5GN;55.8681722;-2.0980483
GB BD 041;Over Langshaw Farmhouse Ice Cream;Overlangshaw;Scottish Borders;TD1 2PE;55.6514527;-2.7574012
GB BD 045;Hardiesmill Place Farm;Hardiesmill Place;Scottish Borders;TD3 6LQ;55.6573800;-2.5332100
GB BD 046;Ross Dougal Fish Merchants;Units 1 and 2;Acredale Industrial Estate;TD14 5LQ;53.9250458;-1.8230243
GB BD 049;West Coast Salmon Products;Unit 10, 1 Industrial Estate;Duns;TD11 3HS;55.7711337;-2.3376255
GB BD 055;D. R. Collin & Son;Acredale Industrial Estate;Scottish Borders;TD14 5LQ;55.8710243;-2.1020246
GB BD 057;D. R. Collin & Son;Harbour Road;Scottish Borders;TD14 5HZ;55.8713972;-2.0880084
GB BD 058;D. R. Collin & Son;Industrial Estate;Scottish Borders;TD14 5AN;55.8697130;-2.0984704
GB BD 059 / UK-7-184;Sandystones;Sandystones Farmhouse;Jedburgh;TD8 6UP;55.5272500;-2.6478900
GB BD 061;D. R. Collin & Son;Unit 1;Eyemouth;TD14 5AN;54.9293226;-1.4031253
GB BD 062;Jarvis Pickle;Unit 1;Eyemouth;TD14 5LQ;54.9293226;-1.4031253
GB BD 064;Shaws Fine Meat;12 Market Place;;TD2 6SR;55.7194436;-2.7490976
GB BD 065;A & J Webster Eggs;Unit 2 Workshop;Earlston;TD4 6AZ;54.0195885;-2.8927241
GB BD 066;Glenrath Egg Products;Whim Poultry Farm;West Linton;EH46 7BD;55.7603472;-3.2663902
GB BD 067;Millennium Packing Station;Millennium Poultry Farm;Peebles;EH45 8FF;55.7637800;-3.2111700
GB BD 070;Over Langshaw Farm;Over Langshaw;Scottish Borders;TD1 2PE;55.6514527;-2.7574012
GB BD 072;Town ORule Organic Chickens;Town-O-Rule Farmhouse;Hawick;TD9 8JB;55.4125600;-2.6521200
GB BD 073;Messrs N Roberts;Ednam West Mains Farmhouse;Ednam, Kelso;TD5 7QL;55.6273000;-2.4193300
GB BF 012;James Carlile;Fowrass Farm;Laithes;CA11 0AN;54.7006800;-2.8567900
GB BG 008;Brighton & Newhaven Fish Sales;South Quay;Brighton;BN41 1WF;51.6570831;-1.2831839
GB BG 011;The Cheese Man;1 Basin Road South;Portslade;BN41 1WF;50.8270260;-0.2063566
GB BG 019;AB Sports Nutrition (also trading as Reflex Nutrition);Sea View Way;Brighton;BN2 6NT;50.8395607;-0.0739802
GB BG 020;R P Meats (Wholesale) Ltd;Units 6 & 8;Brighton;BN1 7GW;50.8311016;-0.1201063
GB BG 021;Tai Yun Fung Meats Supply;Unit 1;Brighton;BN1 7GW;50.8500862;-0.1146499
GB BG 022;MCB Seafoods;Sinon House;Brighton;BN2 4JE;50.8373925;-0.0991503
GB BG 024;Sun Harvest;Unit 8.1;Brighton;BN24JE;50.8381636;-0.0994875
GB BG 025;Fish Galore Ltd;6 & 8 Kings Mews;Hove;BN3 2PA;50.8271147;-0.1697929
GB BG 026;Curing Rebels Ltd;Unit 13 Hove Enterprise Centre;Brighton;BN41 1UY;50.8286979;-0.2064627
GB BI 002;WS Scott & Co Ltd;Unit 77 & 79 Birmingham Wholesale Market;Birmingham;B6 7EU;52.5160415;-1.8868998
GB BI 004;Fish Co Midlands Ltd;2 Birch Road;Birmingham;B6 7DD;52.5157438;-1.8789501
GB BI 009;Caterfish;Units 72 & 74 Birmingham Wholesale Market;Birmingham;B67EU;52.5160415;-1.8868998
GB BI 011;Salmon Incorporated Ltd;Unit 76 Birmingham Wholesale Market.;Birmingham;B6 7EU;52.5160415;-1.8868998
GB BI 020;J Vickerstaff & Co Ltd;Unit 73 & 75 Birmingham Wholesale Market;Birmingham;B6 7EU;52.5160415;-1.8868998
GB BI 032;Kamal & Sons UK Limited;2 Vine Street;Birmingham;B6 5TS;52.5017513;-1.8748548
GB BI 037;Sea Quality;14 Kingsbury Road;Birmingham;B24 8QQ;52.5129564;-1.8505412
GB BI 055;OK Food Products;;Birmingham;;52.4948994;-1.8518439
GB BI 066;Maharani Food & Drinks Limited;109-111 Herbert Road;Birmingham;B10 0PR;52.4712727;-1.8666442
GB BI 068;Tofu King (UK) Ltd;72 Cheston Road;Birmingham;B7 5EH;52.4984555;-1.8753853
GB BI 100;Tasty Bake;135 Ludlow Road;Birmingham;B8 3BT;52.4861270;-1.8430551
GB BI 102;Molls Bacon Ltd;The Formans Trading Estate;Birmingham;B11 3TA;52.4491761;-1.8569789
GB BI 106;Cleone Foods;50 Icknield Street;Birmingham;B18 5AY;52.5709191;-1.8759339
GB BI 107;Spicetime;257 Summer Lane;Birmingham;B19 2PX;52.4948034;-1.8983555
GB BI 112;Tasty Chicken Products;Unit 11;Birmingham;B7 4RA;52.4921663;-1.8668532
GB BI 115;Golden Delight;26 Clayton Road;Birmingham;B8 1JE;52.4928019;-1.8589912
GB BI 122;Classic Cuisine (Midlands) Ltd;Unit 2;Birmingham;B9 4JT;52.4840503;-1.8985043
GB BI 122;Classic Cuisine (Midlands) Ltd;Unit 9;Birmingham;B7 4LY;52.4910488;-1.8659808
GB BI 131;King Fry Meat Products;Units 2 & 4;Birmingham;B10 0HR;52.5297699;-1.8684327
GB BI 134;A W Lashford & Sons Ltd;Unit 28;Birmingham;B30 3HZ;52.3887177;-1.9584989
GB BI 136;Sarah Hamilton Fine Foods;Fenky James;Birmingham;B18 5HB;52.4954357;-1.9243552
GB BI 142;Fakir Halal Donners;Unit 2;Birmingham;B9 5BU;52.4919034;-1.8659402
GB BI 153;Birmingham Egg;Unit 69 & 71 Birmingham Wholesale Market;Birmingham;B6 7EU;52.5160415;-1.8868998
GB BI 154;Allens Poultry;Unit 70 Birmingham Wholesale Market;Birmingham;B6 7EU;52.5160415;-1.8868998
GB BI 157;Tom Carr;Unit 67 Birmingham Wholesale Market;Birmingham;B6 7EU;52.5160415;-1.8868998
GB BI 164;K Authentic Foods;238 Washwood Heath Road;Birmingham;B8 1RH;52.4949047;-1.8544884
GB BI 168;Serious Food Distribution Ltd;Gravelly Park Industrial Estate;Birmingham;B24 8TQ;52.5043134;-1.8513487
GB BI 170;Khyber Doner Kebabs;Unit 4D;Birmingham;B9 4SJ;52.5297699;-1.8684327
GB BI 171;Keyani & Sons Ltd;Cobham Business Park;Birmingham;B9 4UP;52.4802909;-1.8550894
GB BI 173;MiMis;375 Tyburn Road;Birmingham;B24 8HD;52.5086686;-1.8404991
GB BI 174;Creating Taste Ltd;Unit 10;Birmingham;B18 7RJ;52.4909112;-1.8660019
GB BI 180;Beijing Food Produce;Unit 25;Birmingham;B11 2RJ;52.5297699;-1.8684327
GB BI 183;Zak Kebab;Unit 8;Birmingham;B9 4NZ;52.4911581;-1.8659652
GB BI 185;Tasty Pastry Trade Ltd;38 - 40 Great Western Industrial Estate;Birmingham;B18 4QF;52.4975920;-1.9364640
GB BI 186;Aryana Frozen Foods Ltd;Unit 42;Birmingham;B12 0HU;52.5299365;-1.8712962
GB BI 191;Kingfisher Midlands;Unit E;Birmingham;B42 1DU;52.4863693;-1.9074341
GB BI 195;Saffron International Catering Ltd t/a Eastern Spice;Eastern Spice;Birmingham;B5 5RX;53.2723163;-2.5457194
GB BI 199;Peters Meat;;Birmingham;;52.4948994;-1.8518439
GB BI 200;The Food Factory;Unit 7 Mount Street Business Centre;Birmingham;B75RD;52.4977899;-1.8645555
GB BI 201;Mirza & Sons;Unit 1;Birmingham;B19 3NP;52.4843318;-1.8988406
GB BI 202;Ali Brothers Ltd;Unit 7;Birmingham;B12 0DF;52.4912668;-1.8659497
GB BI 206;Zakos Kebabs;Unit 2;Birmingham;B6 4EX;52.4840503;-1.8985043
GB BI 208;Manor Farm Eggs;Manor House Farm;Sutton Coldfield;B76 9QW;53.8181858;-0.6155304
GB BI 210;Barretts Sausages Ltd;Unit 1;Birmingham;B33 0JL;52.4920506;-1.8659192
GB BI 216;Delight Foods UK Limited;Grosvenor Road;Birmingham;B67LZ;52.5039858;-1.8727571
GB BI 217;Meadow Dairies Limited;Unit Y Sapcote Trading Estate;Birmingham;B67BN;52.5166062;-1.8763968
GB BI 219;Top Oriental Limited;Unit 14 Great Western Industrial Estate;Birmingham;B184QF;52.4975920;-1.9364640
GB BI 220;Delish Food Products;24 Little Ann Street;Birmingham;B5 5QF;52.4769287;-1.8840806
GB BI 222;Gojra Spices;183 Witton Road;Birmingham;B6 6JR;52.5086688;-1.8909605
GB BI 225;Ghanim International UK Ltd;Unit 1 Pennine Way;Birmingham;B8 1JW;52.4944453;-1.8606799
GB BI 226;KTI Frozen Foods Ltd;Units 17-19 Northside Business Centre;Birmingham;B18 4NR;52.4923896;-1.9400593
GB BI 227;Asia Combo Food Limited;66-72 Lower Essex Street;Birmingham;B56SN;52.4716178;-1.8954045
GB BI 228;UK Halal Foods Ltd;Unit 9;Birmingham;B11 2BA;52.4910488;-1.8659808
GB BI 229;Manor Lodge Dairy Products Limited;Unit 62 Birmingham Wholesale Market;Birmingham;B67EU;52.5160415;-1.8868998
GB BI 233;Kiswa Foods Ltd;Unit 10;Birmingham;B11 2BA;52.4560015;-1.8216438
GB BI 238;Trishaz Treats;Unit 48;Birmingham;B184QF;52.5098817;-1.9621109
GB BI 239;PFDS Birmingham Ltd;232A PErcy Road;Birmingham;B113LG;52.4480694;-1.8586787
GB BI 240;Love Patties;Unit 5;Birmingham;B210PD;52.4804711;-1.8973375
GB BI 241;Damascena Distribution Ltd;32-33 Coventry Street;Birmingham;B5 5NH;52.4768387;-1.8878745
GB BI 243;RWM and Sons;Unit 3;Birmingham;B187RJ;52.4917986;-1.8659551
GB BI 244;Shahi Foods;Cold Storage Freezer;Birmingham;B113AX;52.4482785;-1.8541423
GB BI 246;T. Quality Limited;Unit 16;Birmingham;B75ET;52.4915529;-1.8671823
GB BI 247;Days Inn Supermarket;Wrottesley Street;Birmingham;B5 4RT;52.4753720;-1.8970772
GB BI 249;Ilco Ltd;Unit 15;Birmingham;B8 1BZ;52.4917418;-1.8670687
GB BI 250;HNW UK LTd;LWJ Estates;Birmingham;B11 2BA;52.4601103;-1.8403226
GB BI 251;Marion Trading Ltd;Units 4-9;Birmingham;B8 1DL;53.5501507;-2.0888057
GB BI 252;East End Wholesale Stores;5 Upper Thomas Street;Birmingham;B6 5AD;52.4996612;-1.8852897
GB BI 253;Original Foods;Unit 18;Birmingham;B8 1BZ;52.5048634;-1.8548963
GB BI 256;Oyetty Ready Meals;Arena House;Birmingham;B19 3ST;51.5338101;-0.0255866
GB BI 257;Yaqood and Sons;Unit 2;Birmingham;B12 0UL;52.4840503;-1.8985043
GB BI 258;Pearl Foods;Unit 33;Birmingham;B66 2EP;52.5098817;-1.9621109
GB BI 259;Tasty Bake Ltd (Coldstore);5 Holland Road West;Birmingham;B6 4DW;52.4970917;-1.8838368
GB BI 262;Khyber Foods Ltd;Unit C;Birmingham;B9 4SJ;51.7759849;-1.4873944
GB BI 265;Food Division;78b-80 Wharfdale Road;Birmingham;B11 2DE;52.4540932;-1.8360606
GB BI 266;Leading Fresh Limited;228a 228b;Birmingham;B5 6LG;52.5299365;-1.8712962
GB BI 267;Amaan Frozen Foods;34 Bickford Road;Birmingham;B6 7EE;52.5108155;-1.8766906
GB BI 268;The Grain Bakery;15 Proctor Street;Birmingham;B7 4EB;52.4905803;-1.8816434
GB BI 269;Sing Wo Wholesale;32-48 Charles Henry Street;Birmingham;B12 0SH;52.4709195;-1.8888591
GB BI 270;M S Foods Walsall Ltd;Unit 68T;Birmingham;B6 7BN;52.5166062;-1.8763968
GB BI 271;New Harvest Wholesale Ltd;7 Cheston Road;Birmingham;B7 5EA;52.4984555;-1.8753853
GB BI 272;Pride of Africa;Arena House;Birmingham;B19 3ST;51.5338101;-0.0255866
GB BI 274;W. Wing Yip Plc;375 Nechells Park Road;Birmingham;B7 5NT;52.4959202;-1.8706681
GB BI 275;On the Rocks;205 Formans Road;Birmingham;B11 3AX;52.4486096;-1.8512989
GB BI 276;Caspian Foods Cash & Carry Ltd;Unit 4;Birmingham;B11 1JT;52.4836573;-1.8985733
GB BI 278;Rosa Chicken Ltd;Unit 2;Birmingham;B12 8SY;52.4919034;-1.8659402
GB BI 280;FareShare Midlands;Metro Triangle;Nechells;B7 5QT;52.5030437;-1.8599684
GB BI 281;Mubarak Foods;14-15 Park Street;Birmingham;B6 5SH;52.5012873;-1.8767572
GB BI 282;RYK Halal Ltd;Unit 4b;Birmingham;B10 0HJ;52.4213151;-1.9228102
GB BI 284;Primal Jerky Ltd;Unit D2;Birmingham;B7 4NT;52.5299365;-1.8712962
GB BI 285;EggCo Ltd;79 Chester Street;Birmingham;B6 4AE;52.4963066;-1.8817511
GB BI 286;Dairyfresh Ltd;79 - 81 Chester Street;Birmingham;B6 4AE;52.4963066;-1.8817511
GB BI 287;Akram Food Supplies Limited;Unit 16;Birmingham;B9 4PP;52.4915529;-1.8671823
GB BI 288;Dragon Star Enterprises Limited;88a MacDonald Street;Birmingham;B56TN;52.4704533;-1.8930629
GB BI 289;Tiny Tasters Catering Ltd;Express Business Centre;Birmingham;B6 4NG;51.5134115;0.1746536
GB BI 290;Nutrifresh;Unit 10;Birmingham;B210PD;52.5208403;-1.8866907
GB BI 291;Nehrain UK Trading Ltd;Unit 2;Birmingham;B100HJ;52.4919034;-1.8659402
GB BI 292;Mazza Of Asia Ltd;59-61 Summer Lane;Birmingham;B19 3TH;52.4903570;-1.8988079
GB BI 293;Flora Catering;69 South Road;Birmingham;B11 1EX;52.4665735;-1.8707922
GB BI 294;Gyros City Wholesalers;Units 12 to 13;Birmingham;B42 1DD;52.5285286;-1.9240854
GB BI 296;Pride of Africa;99 - 103 Pritchett Street;Birmingham;B6 4ES;52.4913464;-1.8923282
GB BI 297;JMCO Foods;67 - 69 Lozells Road;Birmingham;B19 2TS;52.5026830;-1.9033516
GB BI 298;Midland Meat & Poultry Limited;Sampson Road North;Birmingham;B11 1BT;52.4684338;-1.8750557
GB BI 299;Madina Frozen Food Ltd;218D Heathfield Road;Birmingham;B19 1JQ;52.5079493;-1.9062765
GB BI 300;Rightway Foods Ltd;Unit F;Birmingham;B9 4SJ;51.7758997;-1.4869796
GB BI 301;No.1 Distribution Ltd;22-26 Holyhead Road;Birmingham;B21 0LT;52.5052330;-1.9446276
GB BI 302;Kibis Good Food;Kitchen 2;Birmingham;B6 4NG;53.5812703;-1.6369998
GB BI 303;Norooz Trading Ltd;59-61 Summer Lane;Birmingham;B19 3TH;52.4903570;-1.8988079
GB BI 304;Huamei Bakery;149 Sherlock Street;Birmingham;B5 6NE;52.4711558;-1.8942598
GB BI 306;Giro Food Ltd;Welcome House;Birmingham;B9 4EP;53.6434226;-1.8135875
GB BI 307;Ocean Fresh;158 Woodthorpe Road;Birmingham;B14 6EQ;52.4191973;-1.9004784
GB BI 308;Bangla Station Wholesale Limited;207-209 Lozells Road;Birmingham;B19 1RJ;52.5026678;-1.9167951
GB BI 309;Heart of Country Meats;Unit 66;Birmingham;B6 7EU;52.5299365;-1.8712962
GB BI 311;Johnstans Butchers;74-76 High Street;Birmingham;B147JZ;52.4335239;-1.8924884
GB BI 312;HQ High Quality Food Products;Kitchen 3;Birmingham;B6 4NG;54.0679587;-2.7784459
GB BI 313;Millat Halal Poultry Ltd;120 Manor Farm Road;Birmingham;B11 2HX;52.4536417;-1.8520895
GB BJ 008;Lane House Farm;Nelson Road;Burnley;BB10 3QE;53.8168859;-2.1985652
GB BJ 021;A & O Seafoods;1-7 Canning Street;Burnley;BB12 0AE;53.7937289;-2.2464686
GB BJ 022;Tayyabah Bakery Ltd;Maden Fold;Burnley;BB12 6JJ;53.7918033;-2.2774826
GB BJ 023;Birchall Foodservice;GC Birchall Ltd;Burnley;BB12 7BF;53.7882800;-2.3014600
GB BL 002;Daniels Crab Processor;16 The Street;Felthorpe;NR10 4DG;52.7160456;1.2066752
GB BL 006;A J Shellfish;12 Sir Williams Lane;Norwich;NR11 6AW;52.7957964;1.2593657
GB BL 007;T.C. Fines and Sons Sausage Manufacturers;10-12 Norwich Road;Norwich;NR12 7EE;52.6410417;1.2356045
GB BL 009;Nortons Dairy;Church Road;Norwich;NR12 7NN;52.6276404;1.4039689
GB BL 016;Fielding Cottage Limited;Fieldings;Norwich;NR9 5DJ;51.6440279;-3.0419822
GB BL 017;Pairpoints Eggs;Church View Farm;Norwich;NR13 4FA;52.6233634;1.5023400
GB BL 027;Ice Fresh;Ice Freash House;Aylsham;NR11 6RR;52.8010606;1.2607175
GB BL 028;Kiki Limited;Unit 4;Aylsham;NR11 6SZ;52.8089317;1.2735213
GB BL 029;Farmyard Frozen Limited;Unit 8 Broadland Food Innovation Centre;Honingham;NR9 5FX;52.6507300;1.1313600
GB BL 030;Dyvine Ltd;12 Alston Road;Norwich;NR6 5DS;52.6512992;1.2560259
GB BL 031;The Cheese Truckle;Unit 15 Shepherds Business Park;Norwich;NR9 5SG;52.7181565;1.1259103
GB BL 032;Prepking Limited;Unit 2;Norwich;NR9 5FX;52.6657529;1.1836070
GB BL 033;Pastry Cutters;80 Hellesdon Park Road;Norwich;NR6 5DR;52.6528421;1.2573338
GB BL 034;Urcnac Limited;Angel Storage;Norwich;NR13 5EL;52.6479343;1.4021555
GB BM 002;J B Trading Limited;Crockenhill Road;Bromley;BR8 8EP;51.3852184;0.1414746
GB BM 007;Air Culinaire Worldwide UK Limited;The Landing Hotel;Bromley;TN16 3BN;51.3236152;0.0341417
GB BM 009;Pots for Tots;Unit 1 Kangley Business Centre;London;SE26 5AQ;51.4233361;-0.0363738
GB BM 010;Dulwich Pantry;Unit 12;Beckenham;BR3 1LB;51.4090668;-0.0416253
GB BM 011;Bespoke by Smith & Brock;Unit 1 Kangley Business Centre;London;SE26 5AQ;51.4233361;-0.0363738
GB BN 003;Pulford Farm Dairy;Bent Farm;Darwen;BB33PE;53.7117976;-2.4458535
GB BN 011;Hampsons Farm;Cranberry Lane;Darwen;BB3 2HZ;53.6781097;-2.4381241
GB BN 017;Bedfords of Blackburn Ltd;Cunliffe Road;Blackburn;BB1 5SU;53.7685032;-2.4541186
GB BN 024;Jasat Halal Pies;Unit 303-304;Blackburn;BB1 5PF;53.7585200;-2.4591200
GB BN 026;Lancashire Edible Oils;Stansfeld Street;Blackburn;BB2 2NG;53.7392081;-2.4952927
GB BN 033;Pasture Ltd t/a Khans Quality Foods;George Street West;Blackburn;BB2 1PQ;53.7448089;-2.4951609
GB BN 048;Mastercook Foods Ltd;Unit 3;Blackburn;BB1 7LD;53.7399726;-2.4781713
GB BN 049;Holdens Edgworth Ltd;5 Blackburn Road;Bolton;BL7 0BA;53.6474115;-2.3929790
GB BN 055;Azalea Foods Ltd;140 Mosley Street;Blackburn;BB2 3RX;53.7357859;-2.4857916
GB BN 057;Mighty Fresh;Audley Hall Farm;Blackburn;BB1 1RE;53.7426700;-2.4678399
GB BN 061;The Moorings Bakery Ltd;Unit 6;Blackburn;BB2 2QG;53.7399798;-2.4786826
GB BN 064;Farid Foods Limited;Unit 4;Blackburn;BB1 3BD;53.7565772;-2.4427476
GB BN 065;My Grab n Go Ltd;Unit 2;Blackburn;BB1 3EE;53.7367109;-2.4886754
GB BN 069;AQSA Mini Pizzas;6 Manitoba Close;Blackburn;BB2 7DR;53.7631155;-2.5069055
GB BN 070;Roses Curries;12 Beardwood Drive;Blackburn;BB27AH;53.7565920;-2.5117678
GB BN 072;Hopewell Farm;Unit 3;Lower Darwen;BB3 0PR;53.7399726;-2.4781713
GB BO 001;Tayto Group Ltd;Great Bank Road;Bolton;BL5 3XU;53.5571417;-2.5329565
GB BO 006;David Wood Baking Ltd;Unit 14;Bolton;BL4 8NB;53.5432378;-2.3870328
GB BO 012;Deardens Farm;Manchester Road;Bolton;BL5 1AT;53.5481143;-2.4770739
GB BO 026;Greenhalghs Craft Bakery Ltd;Crescent Road;Bolton;BL6 4BU;53.5822801;-2.5225519
GB BO 032;Carrs Pasties Ltd;458 Manchester Road;Bolton;BL3 2NU;53.5645760;-2.4133316
GB BO 033;Sultan Meat Products Limited;Cranfield Road;Bolton;BL6 4SB;53.5791292;-2.5296186
GB BO 038;Divan Meat Products Ltd;Lever House;Bolton;BL3 6NY;53.5812925;-2.4673877
GB BO 042;Nasip Meats Ltd;Unit 26/27/Lyon Rd Ind Est;Bolton;BL4 8NB;53.5363485;-2.3895479
GB BO 043;AMKO Foods;Unit 2;Bolton;BL1 8AH;53.5769607;-2.4256521
GB BO 048;Tasty Quality Foods;Unit 8 & 9;Bolton;BL3 4JE;53.5572794;-2.4874368
GB BO 049;TD Shellfish;;Bolton;;53.5782863;-2.4300367
GB BO 050;JDM Quality Foods Ltd;Crown Lane;Bolton;BL6 5HY;53.5957770;-2.5612390
GB BO 057;Happy Belly Ltd;Turner Bridge;Bolton;BL1 2TU;53.5856242;-2.4050415
GB BO 058;Kinza Foods Limited;Unit 17;Bolton;BL3 2ND;53.5565809;-2.4011332
GB BO 059;Fatimas Indian Deli;Unit B Clyde Mill;Bolton;BL1 3PA;53.5906499;-2.4361700
GB BO 061;Halal Kitchen Limited;Unit 12 and 8;Bolton;BL3 3NY;53.5641848;-2.4459520
GB BO 063;Golden Tropical;Unit 1E;Bolton;BL3 6JF;51.4945590;-0.0786705
GB BO 064;Albion Cooked Meats Limited;Unit 1 Rear of 2 Chorley Road;Bolton;BL5 3PR;53.5612775;-2.5262383
GB BO 065;B&B Foods Limited;Unit 9 Locke Industrial Estate;Horwich;BL6 7PN;53.5979600;-2.5485200
GB BO 066;Caterchoice Cash and Carry;Unit 10 Wadsworth Industrial Estate;Bolton;BL3 6SR;53.5668300;-2.4369200
GB BO 068;Rivington Cooked Meats Ltd;Unit 1 Fowler Industrial Estate;Bolton;BL6 5LU;53.5912900;-2.5408900
GB BO 069;The Original Pasha Foods Limited;Unit 5 Fowler Industrial Estate;Bolton;BL6 5LU;53.5912900;-2.5408900
GB BO 070;Fazila Foods Limited;;Bolton;;53.5782863;-2.4300367
GB BO 071;Fine Fresh Foods Ltd;Unit 57 Evans Business Centre;Bolton;BL3 2NZ;52.5109414;-2.0230989
GB BO 072;Chenab Foods Limited;Unit 1 Moses Gate Workshops;Bolton;BL3 2QG;53.5569599;-2.4009700
GB BO 073;ADZ Food Distribution Limited;Unit 3 Cambrian Business Park;Bolton;BL3 6JF;53.5687500;-2.4389500
GB BO 077;Medina Catering Ltd;143 High Street;Bolton;BL3 6SR;53.5663297;-2.4357379
GB BO 078;Xpress Frozen Food Ltd;St Pauls Mill;Bolton;BL3 6SX;53.5652100;-2.4440200
GB BO 079;R & D Ashworth;Sibberings Barn;Bolton;BL6 5LR;53.5903972;-2.5835791
GB BO 080;Umar Quality Foods Ltd;Unit 2;Bolton;BL3 3NH;53.5769607;-2.4256521
GB BO 081;Taste of Hausaland;;Bolton;;53.5782863;-2.4300367
GB BO 082;Sanson Foods Limited;Fishermans Wharf;Bolton;BL3 6BW;51.1292586;-3.0019107
GB BO 083;Pasha Meat Group Limited;3 Thynne Street;Bolton;BL3 6AY;53.5719681;-2.4261956
GB BO 084;HM Foods Supplier Ltd;Fisherman Wharf;Bolton;BL3 6BW;53.5691536;-0.0861156
GB BO 085;Berivan Foods Limited;Unit 2A;Bolton;BL1 8DS;53.5913683;-2.4314770
GB BO 087;Kawthar Foods;Units 6;Bolton;BL3 6AU;53.5913683;-2.4314770
GB BO 088;Shawarma Express Food Ltd;Cawdor Mill;Bolton;BL4 9JA;54.7023545;-3.2765753
GB BO 089;Anadolu Meat Products Limited;Anatolia Buildings;Bolton;BL2 2AR;53.5805800;-2.4182500
GB BO 090;Fatimas Indian Deli;;Bolton;;53.5782863;-2.4300367
GB BO 091;Pasha Meat Product Ltd;Unit 7 Fowler Industrial Estate;Bolton;BL6 5LU;53.5912900;-2.5408900
GB BO 092;J Y Frozen Foods Ltd;Unit 21-24 Waterloo Workshops;Bolton;BL1 2TN;53.5858500;-2.4205899
GB BO 093;Aryana Food Distribution Limited;Unit 10 Farnworth Industrial Estate;Bolton;BL4 7AQ;53.5529500;-2.4080700
GB BO 094;Pasha Meat Products Ltd;Unit 8C;Bolton;BL31SJ;53.5662774;-2.3933195
GB BO 095;Karachist’s Foods and Services Limited;Unit 11;Bolton;BL3 2QG;53.5565809;-2.4011332
GB BP 008;John Jackson (Bacon) Ltd;Unit 2 Dakota Court;Blackpool;FY4 2RP;53.7749886;-3.0293309
GB BP 102;Lailas Fine Foods Ltd;91 Moor Park Avenue;Blackpool;FY2 0LZ;53.8484670;-3.0284131
GB BQ 001;The Coco Labelle Collection;Unit 9;Bracknell;RG12 1NQ;51.4149178;-0.7661059
GB BQ 002;Row Farm;Row Farm;Bracknell;RG42 6NG;53.7074765;-1.9422375
GB BQ 003;Reeves Butchers Ltd;Unit 8;Bracknell;RG121NQ;51.4149178;-0.7661059
GB BR 001;Bumblehole Foods Ltd;Rocky Lane;Bromsgrove;B61 9HU;52.3602169;-2.0725267
GB BR 006;Bromsgrove Bacon Company;Saxon Business Park;Bromsgrove;B60 4AD;52.4557005;0.2843381
GB BR 009;Adams Food Services Ltd;30 The Avenue;Birmingham;B45 9AL;52.5042815;-1.9093331
GB BR 015;Mr Miahs Curry Knights;Five Spice;Belbroughton;DY9 9TX;51.2423514;-0.2045039
GB BR 102;Oakland International Ltd;Seafield Lane;Redditch;B98 9DB;52.3430207;-1.8897276
GB BS 020;Arnolds Farm;London Road;Basingstoke;RG28 7NG;51.2625420;-1.0824619
GB BS 026;Martin-Brower UK Ltd;Houndmills Road;Basingstoke;RG216XP;51.2724396;-1.1060383
GB BS 027;Bidfood;Houndmills Industrial Estate;Basingstoke;RG216YS;51.2754745;-1.1097832
GB BS 036;Lavazza Professional UK;Armstrong Road;Basingstoke;RG24 8NU;51.2731956;-1.0667004
GB BS 038;Cheyney Farming Pantry;Hydes Farm;Basingstoke;RG25 2PN;51.1977471;-1.0411152
GB BS 039;Hungry Moose Catering Ltd;Unit 2;Basingstoke;RG26 5EG;51.3271635;-1.0034017
GB BS 040;Omsco/Organic Herd;Laverstoke Park Farm;Overton;RG25 3DR;51.2183300;-1.2581300
GB BS 041;Brazilian Street Food/Fast Fresh Food;37 Quilter Road;Basingstoke;RG22 4HD;51.2457881;-1.1172371
GB BS 042;Wandering Feathers Limited;Pitt Hall Farm;Basingstoke;RG26 5RJ;51.3016738;-1.1865073
GB BS 043;Country Delights;1 Century House;Basingstoke;RG24 9RA;51.2781600;-1.1069000
GB BT 012;Gails Ltd;Unit 17;London;NW9 6AQ;51.5655869;-0.1074206
GB BT 016;The Biltong Factory;12 Watford Way;London;NW4 3AD;51.5827432;-0.2271348
GB BT 019;LDN Foods Ltd;Aumonier Mews;London;N2 9FA;51.5875444;-0.1635244
GB BT 020;Après At Home Ltd;Unit 101-103 Dephna House;Finchley;N3 2JU;51.5992493;-0.1944072
GB BT 023;Hollyfields Farm Fresh Eggs Ltd;Unit D2;Barnet;EN5 4DJ;51.6526070;-0.2182091
GB BT 024;Georgia’s Kitchen Deli;39A Queens Road;Barnet;N3 2AG;51.6540920;-0.2130387
GB BT 025;Ko Meals;110 -111 Dephna House;Finchley;N3 2JU;51.5992493;-0.1944072
GB BT 026;Pastation Services Limited;Unit 205;Finchley;N3 2JU;51.6080592;-0.1943487
GB BT 027;Nicolas Y Valero;Dephna Units;Finchley;N3 2JU;51.5992493;-0.1944072
GB BU 005;Roma Delicatessen;268 Bury New Road;Manchester;M45 8QS;53.5523209;-2.2962093
GB BU 008;Kenyons Dairy;Wood Road Dairy Farms;Bury;BL9 5QA;53.6232000;-2.3121200
GB BU 009;The Bury Black Pudding Company Ltd;Bridge Hall Lane;Bury;BL9 7NY;53.5930459;-2.2657164
GB BU 010;Bacon Factory;1 Heys Street;Bury;BL8 2AJ;53.5930870;-2.3106860
GB BU 011;Ernills Bakery;Virginia Mills;Bury;BL9 7AR;53.3994670;-2.1525838
GB BU 014;Martins Craft Bakery;137 Eton Hill Road;Radcliffe;M26 2XG;53.5683684;-2.3118792
GB BU 016;Cranswick Continental Foods PLC;Roach Bank Road;Bury;BL9 8RQ;53.5785230;-2.2788054
GB BU 017;B Davies & Son Ltd;6-16 Samuel Street;Bury;BL9 6AG;53.5984877;-2.2846699
GB BU 019;Aurora Food Marketing Ltd;Genesis House;Greater Manchester;BL3 1NP;51.5125186;-0.0988815
GB BU 020;Taka Taka Mam;9 Elton Loft;Bury;BL8 2QQ;53.5920700;-2.3141000
GB BW 010;Farmhouse Choice;Units 4c and 4d Plumtree Industrial Estate;Harworth;DN11 8EW;53.4249683;-1.0487618
GB BW 011;Thaymar Ice Cream;Haughton Park Farm;Bothamsall;DN22 8DB;53.2662199;-0.9553800
GB BW 023;Mike Maloneys Country Butchers and Bakers;Ashvale Rd;Newark;NG22 0NH;53.2265661;-0.9778124
GB BW 024;County Enterprise Foods;Dukeries Way;Worksop;S81 7DW;53.3203824;-1.1430006
GB BW 025;Stichelton Dairy Ltd;Collingthwaite Farm Cottage;Mansfield;NG20 9NP;53.2413300;-1.1753300
GB BW 026;Refrigerated Delivery Services Ltd T/A Flying Fridge;Shireoaks Distribution;Worksop;S81 8LW;53.3247017;-1.1692684
GB BW 027;Greencore Logistics Manton 110;Manton 110;Worksop;S80 2RS;53.2983127;-1.0754937
GB BW 028;Aces Pantry;Unit 4;Blyth;S81 8HG;53.3878825;-1.0598633
GB BW 029;K H Taylor Limited;Sheffield Road;Blyth;S81 8HF;53.3780719;-1.0734515
GB BW 030;Primrose Creamery;The School Of Artisan Food;Welbeck;S80 3LR;53.2611003;-1.1690964
GB BX 002;Ferndale Foods Limited;40 Hailey Road Business Park;Erith;DA18 4AR;51.4950199;0.1472100
GB BX 011;The Sausage Factory (Slomers);Unit 17;Belvedere;DA17 6BJ;54.6116748;-5.9270643
GB BX 018;African Delight Foods;74 Portmeadow Walk;London;SE2 9UN;51.4984400;0.1265500
GB BX 020;Freshasia Foods Ltd;Units 5 11 & 21;Erith;DA18 4AA;51.4952041;0.1507896
GB BY 006;FD Maynard & Son;Millow;Bedford;SG18 8RH;52.0766355;-0.2068744
GB BY 007;Oakley Bros;93 Greenfield Road;Bedford;MK45 5DR;52.0064755;-0.4603734
GB BY 008;Sam Pan Foods;Unit 22 and 24;Dunstable;LU5 4SB;51.8957700;-0.5154600
GB BY 010;York House (Meat Products) Limited;Shannon Place;Sandy;SG19 2YH;52.1287328;-0.2195698
GB BY 015;Hartwood Foods Ltd;Unit 11 Youngs Industrial Estate;Leighton Buzzard;LU7 4QB;51.9136548;-0.6387762
GB BY 020;Sam Pan Foods;Unit 12;Dunstable;LU5 4SB;51.8999020;-0.5210903
GB BY 021;Golden Saffron Ltd;Unit 7;Dunstable;LU6 4LW;51.5888259;-2.9372740
GB BY 022;Bidfood Bedford;Unit 2 Symmetry Park;Biggleswade;SG18 8YY;51.8160840;-0.7313053
GB BY 023;Unisnacks Europe Ltd;Units 1 to 5 Ventura Business Park;Biggleswade;SG18 9GG;52.0957300;-0.2760600
GB BY 024;J Pao & Co Ltd;Unit 33;Dunstable;LU5 4TP;51.8999020;-0.5210903
GB BY 025;The Ojos Foods Ltd;Wentworth House;North Dunstable;LU6 1JJ;51.5763363;0.0613982
GB BY 026;Fusion Targeted Nutrition Ltd;3 Sand Lane Business Park;Sandy;SG19 2DQ;52.1324408;-0.2816351
GB BY 027;Hemel Eggs and Dairy Ltd;Unit F1 - F2;Houghton Regis;LU5 5AW;51.9016935;-0.5247270
GB BY 028;Abbey Cheese Company Ltd;8 Eden Way;Leighton Buzzard;LU7 4TZ;51.9087230;-0.6551711
GB BY 029;GCH Fishmonger;Drapers Farm;Marston Moretaine;MK43 0QE;50.9344032;-0.0324388
GB BZ 017;Ferrantes Chilled Foods;Unit 5 Rose Green Road;Bristol;BS5 7XE;51.4691144;-2.5460604
GB BZ 022;Clarks Pies;259 North Street;Bristol;BS3 1JN;51.4416440;-2.6130830
GB BZ 035;BM Foods Ltd;;Bristol;;51.4538022;-2.5972985
GB BZ 038;Weston Bay Seafood;King Road Avenue;Bristol;BS11 9HF;51.5044996;-2.7011005
GB BZ 039;Border Holdings (UK) Ltd;Avonmouth Way West;Bristol;BS11 9LX;51.5030100;-2.6933447
GB BZ 040;Pieminister Ltd;Piemaster Kitchens;Bristol;BS10 6NF;51.5086383;-2.6066952
GB BZ 041;M & M Catering Supplies Ltd;XPO;Bristol;BS11 9HS;52.3416202;-1.3176488
GB BZ 046;Early Years Catering Ltd;Windmill Farm Business Centre;Bristol;BS3 4DB;51.4423085;-2.5943285
GB BZ 049;Parsons Bakery Limited;105 South Liberty Lane;Bristol;BS3 2SZ;51.4299506;-2.6213630
GB BZ 053;Mini-Meals Ltd;Unit 7 Birchills Trading Estate;Bristol;BS4 5PF;51.4314436;-2.5386034
GB BZ 054;DeGusta;35 Whitehouse Street;Bristol;BS3 4AY;51.4433933;-2.5894673
GB BZ 055;Plant-Ex Ingredients Ltd;Access 18;Bristol;BS11 8AT;57.3235287;-2.1442173
GB BZ 056;Admiral Harding Ltd;Unit c;Bristol;BS119DJ;51.5685081;-2.6305028
GB BZ 057;BM Foods Ltd;XPO Supply Chain Building;Bristol;BS119HS;51.5085946;-2.6957140
GB BZ 058;Mevalco (Fine Foods From Spain) Ltd;Unit 4;Avonmouth;BS118DF;51.5025888;-2.6814760
GB BZ 060;Muller Milk and Ingredients;Poplar Way East;Avonmouth;BS110YW;51.5178659;-2.6714014
GB BZ 062;Culina Logistics & IPS;Poplar Way East;Bristol;BS110TH;51.5159044;-2.6675642
GB BZ 063;Arthur David Food with Service;Units 65-72;St Philips;BS20YH;51.1520058;-3.1483185
GB BZ 065;Wild Water Cold Storage;St Andrews Road;Bristol;BS119HS;51.5077610;-2.6962778
GB BZ 066;BCC Halal Central Production Kitchen;21 Chancery Street;Bristol;BS50AZ;51.4557449;-2.5681416
GB BZ 069;Fareshare South West;Unit 4;Bristol;BS2 9EB;51.4839152;-2.5877618
GB BZ 070;Fareshare South West;Unit 1;Bristol;BS3 5RN;51.4166345;-2.5866738
GB BZ 071;Friars Pride Ltd;Eastpark Trading Estate;Bristol;BS5 7DR;51.4668395;-2.5509532
GB BZ 073;Mercanti Imports Ltd;Days Lane;Bristol;BS2 0QA;51.4551181;-2.5708460
GB BZ 074;Plant-Ex Ingredients Ltd;Unit 23;Bristol;BS11 8HT;52.5468153;-2.0203460
GB BZ 075;T Quality Ltd;Avonmouth Way;Bristol;BS11 8DE;51.5025888;-2.6814760
GB BZ 076;GXO Logistics FST Limited;Bank Road;Avonmouth;BS11 0YB;51.5614182;-2.6333757
GB BZ 077;Coconut Chilli;The Elephant House;Bristol;BS3 1DB;51.4415871;-2.6010770
GB BZ 078;Saf Bristol Limited;Unit 15 Dragon Court;Bristol;BS5 7XX;51.5054173;-0.0897647
GB BZ 079;RaviOllie Ltd;Unit 12 Avonside Industrial Estate;Bristol;BS2 0TS;51.4501142;-2.5579634
GB CA 001 FM;Scrabster Fish Market;The Harbour;;KW14 7UL;51.2064026;0.5912440
GB CB 011;MacFarlane Meat Products;128 Stirling Street;;FK12 5EH;56.1530117;-3.8005870
GB CC 223;Bucks Bar Glasgow;Unit 14 Dunrobin Court;Glasgow;G81 2QP;55.7725317;-4.1884501
GB CC 224;Clyde Sausage Company Ltd;Unit 4 197A Dumbarton Road;;G81 4XJ;55.9043409;-4.4152973
GB CE 002 P;William Sword Ltd;Groveside Bakeries;Blairlinn;G67 2TX;55.9307500;-3.9902900
GB CG 002 M;Island Cheese Company Limited;Home Farm;Isle of Arran;KA27 8DD;55.5890459;-5.1575053
GB CG 003;Arran Dairies Limited;Market Road;Isle of Arran;KA27 8AU;55.5756603;-5.1287489
GB CG 005;Cumbrae Oysters Ltd;Yonderfield Farm;West Kilbride;KA23 9PY;55.6965500;-4.8762900
GB CG 007;Bellevue Cheese Company;Bellevue Farm;Isle of Arran;KA27 8EX;51.3408746;-2.6930632
GB CG 015;Wester Highgate Farmhouse Ice Cream;Wester Highgate Cottage;Ayrshire;KA15 1HX;55.7375200;-4.5646200
GB CG 026;A & A SF Ltd;1 Hill Street Industrial Estate;Ardrossan;KA22 8EH;55.6415166;-4.8132994
GB CI 008;D & D Fisheries;Kingsway;Chichester;PO20 0SY;50.7297693;-0.7778598
GB CI 016;Babynov Chichester Ltd;Terminus Road;Chichester;PO19 8TX;50.8318776;-0.7917720
GB CI 022;The Goodwood Estate Company Ltd;Home Farm;Chichester;PO18 0PX;50.8671265;-0.7422306
GB CI 024;Carolines Dairy LLP;Chalder Farm;Chichester;PO20 7RN;50.7862900;-0.7807500
GB CI 029;Nell Ball Farm Ltd;Nell Ball Farm;Billingshurst;RH14 0BF;51.0700700;-0.5731600
GB CI 030;Nick Bamber & Helen Gaskin;Hallgate Farm;Petworth;GU28 0HL;50.9808801;-0.5954463
GB CI 031;Southbourne Farmshop Ltd;Southbourne Farmshop;Emsworth;PO10 8JN;50.8446095;-0.9070911
GB CI 035;Mr Alex Baker;Hillgrove Stud Farm;Northchapel;GU28 9EQ;51.0471300;-0.6424400
GB CI 037;Mud Foods Ltd;Units 9 -16;Chichester;PO19 7JU;50.8411450;-0.7617672
GB CI 043;Julies;Hut 10 Fishermans Walk;Selesy;PO200SY;50.7317086;-0.7759451
GB CI 044;Something Fishy;12 The Parade;East Wittering;PO208BN;51.4709074;-0.0304056
GB CI 045;Susana & Daughters Ltd;Cowdray Stables Kitchen Unit;West Sussex;GU29 0AY;50.9875552;-0.7160834
GB CI 047;RD Renwick (Buddington Farm);Buddington Lane;Midhurst;GU290QL;51.0020320;-0.7373256
GB CI 051;The Kitchen at Durleighmarsh;Durleighmarsh Farm;Petersfield;GU31 5AX;51.0079808;-0.8828681
GB CI 052;Eggcellent Eggs;96 Farm Cottages;Midhurst;GU29 0QP;51.0104828;-0.8326069
GB CI 053;Ides Barn @ Droke Farm;Droke Farm;East Dean;PO18 0JQ;50.9099900;-0.7125800
GB CI 054;Reeds Farm;Colworth Lane;Chichester;PO20 2BX;50.8315959;-0.7130256
GB CI 056;Gelato Gusto;Unit 8 The Mill;Chichester;PO18 0FF;50.8539103;-0.7367472
GB CI 058;Andrew Stillwell;Green Lanes Farm;Rowlands Castle;PO9 6EB;50.9115433;-0.9126225
GB CI 060;Cyprus Fisheries Selsey;The Lobster Pots;Selsey;PO20 0SY;50.7317086;-0.7759451
GB CI 061;Stilwell Farms Ltd;Green Lanes Farm;Hampshire;PO96EB;50.9115433;-0.9126225
GB CJ 001;Snowdon & Co (Cardiff) Limited;East Bay Close;Cardiff;CF10 4BA;51.4781499;-3.1640197
GB CJ 043;Wild Water Storage Ltd;Cardiff Cold Stores;Cardiff;CF10 4LL;51.4624499;-3.1494399
GB CJ 044;Victoria Park Pie Company;454 Cowbridge Road East;Cardiff;CF5 1BJ;51.4833671;-3.2204041
GB CJ 051;New Hap Shing Trading Company Ltd;Units 1 & 2 Globe Works;Cardiff;CF24 5EU;51.4743799;-3.1599900
GB CJ 058;Vin Sullivan Foods Ltd;East Bay Close;Cardiff;CF10 4BA;51.4781499;-3.1640197
GB CJ 062;Taylors Handmade Faggots Limited;Unit 26;Cardiff;CF11 8BA;51.5226674;-3.1905867
GB CJ 063;FareShare Cymru;Unit S5;Cardiff;CF3 2PU;51.5037800;-3.1132800
GB CJ 067;Bestway Wholesale Limited;24 Hadfield Road;Cardiff;CF11 8QA;51.4657548;-3.1991497
GB CJ 068;Coffi Lab Ltd;Unit 28-29;Rumney;CF3 1TH;52.5112673;-2.0223323
GB CJ 069;FareShare Cymru;Unit M1;Cardiff;CF3 2PU;52.7591211;-1.4823502
GB CJ 070;Alpha Food Service Ltd;Unit 11;Cardiff;CF11 8BE;51.4755799;-3.1593204
GB CJ 072;Totally Welsh;10 Lyon Close;Cardiff;CF11 8TZ;51.4604402;-3.1976022
GB CJ 073;Global Foods Ltd;1-3 Stadium Close;Cardiff;CF11 8TS;51.4598233;-3.1955037
GB CJ 074;Freshways;10 Lyon close;Cardiff;CF11 8TZ;51.4604402;-3.1976022
GB CK 010;Ray Gray Snacks Ltd;Units 20 21 & 25;Rugeley;WS15 2YR;52.7648700;-1.9308400
GB CK 011;Rugeley Snack Company  Ltd;Unit 24 Riverside Ind Est;Rugeley;WS15 2YR;53.0906508;-3.0255224
GB CK 012;Murtagh Seafoods Ltd;Unit 8C;Lime Lane;WS3 5AS;52.6571845;-1.9727667
GB CK 018;Bidfood Food Service;Hickling Road;Cannock;WS11 8JH;52.6766453;-2.0036394
GB CK 019;GXO Logistics UK Limited;Bellsize Close;Norton Canes;WS11 9TQ;52.6704414;-1.9726770
GB CK 022;Lays Wholesale Meats Ltd;216 Wolseley Court Towers Plaza;Rugeley;WS15 1UW;52.7504800;-1.9139100
GB CK 023;Hawthorn Farm;Ironstone Road;Cannock;WS12 0QB;52.7020701;-1.9494722
GB CK 024;CP Meats Limited;Unit 4;Rugeley;WS15 1LH;52.7492005;-1.9117612
GB CL 001;West Mersea Oysters;Coast Road;Colchester;CO5 8PA;51.7802846;0.8995296
GB CL 003;Colchester Oyster Fishery Ltd;Pyefleet Quay;Colchester;CO5 8UN;51.8029702;0.9891230
GB CL 008;Richard Haward Oysters;129 Coast Road;Colchester;CO5 8PA;51.7803717;0.8994810
GB CL 011;Direct Seafoods;1 Crown Court;Colchester;CO4 9TZ;52.7804416;-1.5803937
GB CL 012;Bens Fish;Rewsalls Old Barn;Colchester;CO5 8SX;51.7833600;0.9548600
GB CL 013;Colchester Fresh Fish Limited;Unit 6c Haycocks Farm;Colchester;CO5 8SS;51.7928300;0.9404500
GB CL 109;Freechooks Farm;Lane Road;Colchester;CO6 2BP;51.9344215;0.7498078
GB CL 110;C W Cobbold;Trafalgar Farm;Colchester;CO3 8PV;50.6893300;-4.6614057
GB CL 111;W & DT Ralph;Brick Kiln Farm;Colchester;CO3 8ND;52.8191346;1.4079152
GB CL 112;D A Clough & Sons;Tiptree Farm Eggs;Colchester;CO5 0BH;51.8065600;0.7434400
GB CL 115;North Eggs;Shaws Farm;Colchester;CO4 3ER;51.1540979;1.0238691
GB CL 117;Sports Supplements Ltd (Bulk Powders);Unit 1;Colchester;CO4 9QX;51.8861309;0.8266994
GB CL 120;Bon Culina;Unit 1;Colchester;CO4 9WN;51.8861309;0.8266994
GB CM 010;Thistledown Eggs;Thistledown;Cambridge;CB21 4QX;51.1972199;1.3876722
GB CM 013;Bassenhally Farm - Adas Eggs;Broad Lane;Cottenham;CB24 8SW;52.2925960;0.1236817
GB CM 015;Munns Distribution Limited;West Fen Road;Willingham;CB24 5LP;52.3235158;0.0494560
GB CM 016;The Cambridge Food Company;64 Stirling Way;Cambridge;CB23 3GY;52.2435939;-0.1103280
GB CM 017;Clover Free Range Eggs Ltd;Woodfield Farm;South Cambridgeshire;SG85JR;50.9760583;-0.1354599
GB CM 144;Delifresh Ltd;Unit 1;Bradford;BD12 7AZ;53.7825498;-1.7147818
GB CO 023;Becketts Foods;Oak House;Coventry;CV2 2QB;52.4454900;-1.4610600
GB CO 032;Dairy Farm Products Ltd;Unit 9;Coventry;CV6 6AT;52.4622807;-1.4834234
GB CO 033;Aegean Heritage Foods Ltd;Unit 3;Coventry;CV2 2TA;52.4512055;-1.7781771
GB CO 038;Gainsborough Chilled Foods Ltd;Coventry Business Park;Coventry;CV5 6UR;52.3998407;-1.5560807
GB CO 040;AD Maria & Son;4 The Stampings;Coventry;CV6 5RE;52.4335685;-1.4934671
GB CO 043;Nazar Wholesale Limited;Status Business Park;Coventry;CV6 4AF;52.4312800;-1.5065500
GB CO 044;Martin Brower UK Ltd;Dolomite Avenue;Coventry;CV5 6UE;52.4008376;-1.5462490
GB CO 045;Freshways Ltd;12 Oban Road;Coventry;CV6 6HH;52.4534060;-1.4882976
GB CO 046;Premier Health Products Ltd;11 Falkland Close;Coventry;CV4 8AU;52.3935432;-1.5957457
GB CO 048;Yummy Sausage Ltd;Middlemarch House;Coventry;CV3 4FJ;52.3728600;-1.4658500
GB CP 021;Osborne & Sons (Shellfish) Ltd;Unit 1;Canvey Island;SS8 0QY;51.7767415;-1.4870678
GB CP 022;The Pescatarian Ltd;218 High Street;Benfleet;SS7 5LD;51.5456544;0.5631734
GB CQ 001;Pilgrims Pride Ltd;Wilson Way Industrial Estate;Redruth;TR15 3RH;50.2275495;-5.2581029
GB CQ 006;Lynher Dairies Cheese Company Ltd;Lynher Dairy;Truro;TR3 7JH;50.2062600;-5.1582100
GB CQ 007;Roddas Creamery;Scorrier;Redruth;TR16 5BU;50.2562554;-5.1997968
GB CQ 011;Roskillys Ice Cream;Tregellast Barton;Helston;TR12 6NX;50.0455235;-5.0824152
GB CQ 016;Sustenation;Wilson Way Industrial Estate;Redruth;TR15 3RX;50.2251051;-5.2626543
GB CQ 019;Falfish Limited;Cardrew Industrial Estate;Redruth;TR15 1SS;50.2445563;-5.2183674
GB CQ 021;WC Rowe;Unit 2 Bickland Water Industrial Estate;Falmouth;TR11 4TA;50.1526100;-5.0995836
GB CQ 027;Kernowsashimi Limited;Trecoose;Helston;TR12 6DF;51.0163034;-3.1318005
GB CQ 032;Matthew Stevens & Son;Unit 1C & 2;St Ives;TR26 2JH;50.2040030;-5.4932684
GB CQ 033;The Real Cornish Crab Company Limited;Varfell Park;Penzance;TR20 8LD;50.1322600;-5.4951500
GB CQ 034;W. Harvey & Sons Limited;45-47;Penzance;TR18 5HF;50.0933841;-5.5969859
GB CQ 036;Trelawney Fish;78 The Strand;Penzance;TR18 5HW;50.1062202;-5.5495396
GB CQ 037;Marisco Fish;Wholesale Unit 5d;Penzance;TR20 8HX;50.1300079;-5.5065938
GB CQ 038;Celtic Fish and Game Ltd;Unit 1a/b;St Ives;TR26 2JH;50.1990261;-5.4730239
GB CQ 039;St Ives Food Company Limited;1 Penbeagle Industrial Estate;St Ives;TR26 2JH;50.2040030;-5.4932684
GB CQ 044;Tonkin & Co;38 The Strand;Penzance;TR18 5HW;50.1062202;-5.5495396
GB CQ 045;W Stevenson & Sons Limited;Newlyn Fish Market;Penzance;TR18 5HB;50.1053600;-5.5489499
GB CQ 048;MooMaid of Zennor Ice Cream Ltd;Tremedda Farm;St Ives;TR26 3BS;50.1964400;-5.5590000
GB CQ 066;Pengoon Farm;Pengoon Farm;Nancegollan;TR13 0BH;50.1309500;-5.3153400
GB CQ 067;Cornhill Farm;Higher Kehelland;Camborne;TR140DH;50.2131992;-5.3408236
GB CQ 070;Newlyn Crab Company;Stable Hobba;Penzance;TR20 8FR;50.1097300;-5.5614000
GB CQ 079;Colin Carter Eggs;Haxelton Farm;Truro;TR3 7NA;50.2233200;-5.1262800
GB CQ 084;Prima Bakeries Ltd;Wheal Rose Bakery;Redruth;TR16 5BX;50.2583008;-5.1947688
GB CQ 091;Treen Farm;Treen Farm;Penzance;TR19 6LF;50.0481688;-5.6448030
GB CQ 094;Dreckly Fish;Unit 24;Penzance;TR18 5HW;50.0933841;-5.5969859
GB CQ 095;Bosavern Community Enterprises;Bosavern Farm;Penzance;TR197RD;50.1157719;-5.6794201
GB CQ 101;ATFB Ltd;Trevue Farm;Redruth;TR164BQ;50.2516538;-5.2136262
GB CQ 105;Trink Dairy Ltd;Trink Farm;St Ives;TR26 3JG;50.1815900;-5.4850500
GB CQ 107;Duchy Charcuterie;1 Elm Terrace;Redruth;TR15 1HW;50.3854012;-4.1308972
GB CQ 112;South Coast Fisheries Ltd;Unit 3;Cornwall;TR16 4HG;50.2585766;-5.1955585
GB CQ 113;Whitelink Seafoods Ltd;37 The Coombe;Newlyn;TR18 5HS;50.1072732;-5.5517918
GB CQ 115;Cornwall Fish Direct Limited;Unit 5;Penzance;TR18 5AZ;50.0933841;-5.5969859
GB CQ 116;We Shell Crab;Unit 4;Hayle;TR27 5JR;50.1920603;-5.4006240
GB CQ 117;W. Harvey & Sons Limited;Shellfish Tanks;Penzance;TR18 5JZ;50.1013800;-5.5451800
GB CQ 118;Gwella Diary;Tregevis Farm;Helston;TR12 6DN;50.0689293;-5.1617767
GB CQ 119;Treveador Farm Dairy;Unit 2;Helston;TR13 0EW;50.1693455;-5.1101963
GB CQ 120;Mylor Creek Shellfish;1 Green Lane;Penryn;TR10 8QP;50.1697438;-5.1150611
GB CQ 121;Falfish Limited;Cardrew Industrial Estate;Redruth;TR15 1SS;50.2445563;-5.2183674
GB CQ 122;Boscarne Farm;Boscarne Farm;Penzance;TR19 6HR;50.0832162;-5.6413212
GB CQ 251;Callestick Farm;Ice Cream Factory;Callestick Truro;TR4 9LL;55.5436001;-4.6641456
GB CQ 257;Kernow Catch Fish and Shellfish;Primrose Cottage;St Agnes;TR5 0NR;51.7720388;-1.2358359
GB CQ 262;Country House Foods;Hundred House Hotel;Nr Truro;TR2 5JR;50.2229500;-4.9404800
GB CQ 273;EA and AR Thomas;Albany Farm;St Agnes;TR50PP;52.3206780;0.0252528
GB CQ 274;St Mawes Hens;St Clethers;Ladock;TR2 4QE;50.3000854;-4.9505154
GB CQ 276;Conway Bailey Transport Ltd;Cornwall Coldstore;Truro;TR12XR;50.2515300;-5.0449300
GB CQ 278;The Greet Cheese Delivery Company;4 Alverton Gardens;Truro;TR1 1JA;50.2677500;-5.0461000
GB CQ 279;Country Lane Foods Limited;Horizon Farm;Liskeard;PL14 6EA;51.8524839;1.0425091
GB CQ 281;Allet Dairy;Ste-Wen;Truro;TR49DJ;50.2980100;-5.1012800
GB CQ 282;Marys Pastys;Unit 2C & 2D;Truro;TR2 4TB;50.3306962;-4.8133833
GB CQ 402;Ocean Fish Ltd;Unit 2a/b;St Austell;PL26 8LX;50.4206700;-4.8289000
GB CQ 403;Flying Fish Seafood;Unit A;St Columb;TR9 6JP;51.7757699;-1.4870197
GB CQ 407;Cornish Premier Pasties Co Ltd;4-5 Hurling Way;St Columb;TR9 6SX;50.4252400;-4.9419800
GB CQ 408;Wings of St Mawes;Unit 4b;St Columb;TR9 6TL;50.4243361;-5.0235248
GB CQ 419;Niles Bakery Ltd;St Austell Enterprise Park;St Austell;PL25 4EJ;50.3584212;-4.7810425
GB CQ 420;Martins Bakery;106 Clifden Road;St Austell;PL25 4PA;50.3406670;-4.7744045
GB CQ 424;Hanson Fine Foods;2 Wheal Blencowe;Truro;TR2 4ES;50.3343900;-4.9089800
GB CQ 425;Rosedown Eggs;Rosedowns;Bodmin;PL30 5PL;50.4722099;-4.8702000
GB CQ 431;Just Cornish Ltd;Unit 9 Indian Queens Trading Estate;St Columb;TR9 6TL;50.3965100;-4.9242200
GB CQ 501;Saputo Dairy UK;Davidstow Creamery;Camelford;PL32 9XW;50.6490675;-4.6205178
GB CQ 504;Erhmann Cornish Dairy Ltd;Greymare Farm;Bodmin;PL22 0LW;50.4419600;-4.6385200
GB CQ 506;Whalesborough Farm Foods;Norton Barton;Bude;EX23 9LG;50.8520200;-4.4703900
GB CQ 513;Pilgrims Pride Ltd;Newtons Margate Industrial Estate;Bodmin;PL31 1HF;50.4708500;-4.6997500
GB CQ 515;Proper Cornish Limited;9 Lucknow Road;Bodmin;PL31 1EZ;50.4582744;-4.7033272
GB CQ 517;Polmorla Pasties;Kings Hill Industrial Estate;Bude;EX23 8QN;50.8208600;-4.5311100
GB CQ 519;Hillcrest Bakery;Week St Mary;Holsworthy;EX22 6UJ;50.7507201;-4.5020189
GB CQ 520;Malcolm Barnecutt Bakery;Unit 4C;Bodmin;PL31 1EP;50.4570359;-4.6937054
GB CQ 521;Cornish Charcuterie;Norton Barton;Bude;EX23 9LG;50.8520200;-4.4703900
GB CQ 523;Malcolm Barnecutts Bakery;Unit 1a;Bodmin;PL31 1EP;50.4703602;-4.6982882
GB CQ 526;Porthilly Shellfish Ltd;Porthilly Farm;Wadebridge;PL27 6JX;50.5433100;-4.9109100
GB CQ 531;South Penlan Farm;Pounstock;Bude;EX23 0EE;50.7545811;-4.5499083
GB CQ 532;Tartars Farm;Port Gaverne;Port Isaac;PL29 3SJ;50.5927388;-4.8221129
GB CQ 540;Malcolm Barnecutt Sandwich Unit;4b Carminow Road Industrial Est;Bodmin;PL31 1EP;50.4585718;-4.6999867
GB CQ 541;Atlantic Eggs;Lower Pigston Farm;Bude;EX23 9LQ;50.8572300;-4.4461700
GB CQ 542;Cornish Patisserie;Unit D Pipers Court;Launceston;PL15 7PJ;50.6286200;-4.3872799
GB CQ 547;Camel Fish Limited;Treglyn;Wadebridge;PL27 6RG;50.5533825;-4.8582538
GB CQ 568;Cheese at Wadebridge;Foundry House;Wadebridge;PL27 7NB;51.5181673;-0.0155580
GB CQ 571;Conway Bailey Transport Ltd;Victoria business Park;St Austell;PL268LX;50.8765186;-2.9566652
GB CQ 572;Penny Mill Eggs;Sea View Farm;Holsworthy;EX226LD;51.4047559;-3.4849878
GB CQ 575;Malcolm Barnecutt Bakery Ltd;5A Normandy Way;Bodmin;PL311EU;50.4609393;-4.7084559
GB CQ 576;Buck Becketts Fresh Shellfish;Fishermans Loft;Newquay;TR7 2SX;50.3315943;-4.5190945
GB CQ 605;Cornish Cheese Company Ltd;Knowle Farm;Liskeard;PL14 5BG;51.1928009;-0.4667011
GB CQ 608;Tamblyns Finest Meats;Holwood Farm;Saltash;PL12 5AL;50.4465100;-4.3264300
GB CQ 618;Thistledown Farm;Thistledown Farm;Saltash;PL12 6RU;50.9638736;0.1548402
GB CQ 621;Blakes the Master Bakers;Unit 2 Doublebois Industrial Estate;Liskeard;PL14 6LE;50.4549200;-4.5392300
GB CQ 624;Pennant Pony Sanctuary;Higher Pennant Farm;Bodmin;PL30 5DD;50.4039700;-4.7176200
GB CQ 626;Cornish Gouda Company;Talvan Farm;Lanreath;PL13 2PA;50.3699100;-4.5674800
GB CQ 627;The Cornwall Bakery;81-83 Tavistock Road;Callington;PL17 7DU;50.5041118;-4.3078084
GB CQ 643;Portreath Bakery Ltd;Dutchy Business Cenre;Redruth;TR15 3RT;50.2259211;-5.2608711
GB CQ 644;Made Marion Gluten Free Ltd;Unit 3 Dutchy Business Centre;Redruth;TR15 3RT;50.2259211;-5.2608711
GB CQ 646;Curds and Croust;Unit 3B Bugle Industrial Estate;St Austell;PL26 8PJ;50.3952300;-4.7899300
GB CQ 647;Etheringtons Farm Shop;Wheal Rose;Scorrier;TR16 5DF;50.0851073;-5.3081893
GB CQ 704;TSTS by Reach;Unit 1 The Fish Market;Looe;PL13 1DX;50.3544762;-4.4548738
GB CQ 707;Bluesail FishLtd;Unit 2;East Looe;PL13 1DX;50.3535678;-4.4547604
GB CQ 708;West Country Mussels of Fowey Ltd;39 Langurtho Road;Fowey;PL23 1AL;50.3380184;-4.6439721
GB CQ 709;Ocean Harvest;Unit 1;East Looe;PL13 1DX;50.3535678;-4.4547604
GB CQ 710;Cornish Native Oysters;Admiralty Quay;Falmouth;TR11 5UF;50.1767797;-5.0521740
GB CQ 712;Brian Ball Fishing;Loft 32 Aquarium Lofts;Mevaglssey;PL26 6UR;50.2687100;-4.7865600
GB CQ 717;Falfish Ltd (Falmouth Site);Western Wharf;Falmouth;TR11 4NJ;51.4896040;-0.2434633
GB CQ 723;Simply From The Sea;29 Moorland Road;Par;PL24 2PB;50.3526627;-4.7014788
GB CQ 726;Camel Fish Limited;Long Close Farm Shop;Flushing;TR11 5UQ;50.1696332;-5.0703360
GB CQ 729;Chef On Board;Ground Floor Left Block A;Callington;PL17 8EX;50.5189400;-4.3103600
GB CQ 730;George Cleave Fish Merchants;1A Brooklands View;Cornwall;PL29 3AE;50.5892241;-4.8219938
GB CQ 731;Nippers Shellfish Limited;Unit 6 At Buller Quay;Looe;PL13 1DX;50.3544762;-4.4548738
GB CQ 732;Helluva Pasties Ltd;Suite 1 Manor Court;Callington;PL17 7HW;51.0623895;-4.0135269
GB CQ 733;St Ewe Free Range Eggs;Resparverth Farm;Truro;TR2 4EF;50.3125100;-4.9386599
GB CQ 734;Waterdance Trading Limited;Former Lifeboat Store;Newlyn;TR18 5HW;50.1059920;-5.5495221
GB CQ 735;Cornish Canning Co. Ltd;5 Admiralty Quay;Falmouth;TR11 5UF;50.1767797;-5.0521740
GB CQ 737;Treleague Farm;Ruan Minor;Helston;TR12 7JP;49.9950371;-5.1864017
GB CQ 738;Falfish Ltd;Unit 5B;Redruth;TR15 1SS;50.2449663;-5.2111968
GB CQ 739;Coombeshead Farm;Coombeshead Farm;Launceston;PL15 7QQ;50.5988500;-4.4212000
GB CQ 741;Pennys Pies;Unit 1;Helston;TR13 0FR;50.1693455;-5.1101963
GB CQ 742;M and W Meats (South West) Ltd;Gwindra Industrial Estate;St Austell;PL26 7LE;50.3397765;-4.8803107
GB CQ 743;B W & A Strout;Bradridge Farm;Launceston;PL15 9RL;50.7198500;-4.3796400
GB CQ 744;Three Little Monkeys;Penreath;Bodmin;PL30 5EF;51.4026789;-3.4805825
GB CQ 745;Dizzy Dairy;Trebor;Bude;EX23 0NX;51.2069673;-0.7902443
GB CQ 746;Hunt’s Food Group Ltd;Chy Rew;Redruth;TR16 4AX;50.2446283;-5.2248346
GB CQ 747;Anns Pasties (Central Production Unit);18 Tresprison Business Park;Helston;TR13 0QD;50.0998200;-5.2575400
GB CQ 748;Tremore Dairy Limited;Lower Rosewarrick Farm;Bodmin;PL30 5JS;50.4412900;-4.7970300
GB CQ 749;Penbugle Organic Farm;Penbugle Farm;Liskeard;PL14 4RS;50.4180200;-4.5007900
GB CQ 750;Got Crabs Limited;Soweni Workshop G;Newquay;TR7 2SX;50.4055029;-5.0622252
GB CQ 751;Philps Bakery;1 East Quay;Hayle;TR274BJ;51.1291485;-3.0007298
GB CQ 752;Philps Bakery;1 Foundry Hill;Hayle;TR27 4HW;50.1813086;-5.4229581
GB CQ 753;West Country Bakery;Unit 2B;Torpoint;PL11 2TB;51.4316466;-2.5958277
GB CQ 754;Mounts Bay Dairy;Units 6 & 7;Penzance;TR20 8DH;50.0933841;-5.5969859
GB CQ 755;St Ives Food Company;Unit 17A;St Ives;TR26 2JH;50.1990261;-5.4730239
GB CQ 756;St Agnes Bakery Ltd (Production Unit);Unit 9;St Agnes;TR5 0RD;50.4604269;-3.5444153
GB CQ 757;Marrfish;Unit 1;Penzance;TR20 8DU;50.1193690;-5.5334012
GB CQ 758;True Dairy Ltd;83c Rose Hill;Par;PL24 2LQ;50.3565663;-4.7191548
GB CQ 759;The Cornish Oven Ltd;7 Carn Brea Business Park;Redruth;TR15 3RR;50.2265899;-5.2544748
GB CQ 760;Bohetherick Farm;Bohetherick Farm;Saltash;PL12 6SZ;50.4851100;-4.2316600
GB CQ 762;Hendra’s Kitchen;Hendra;Penzance;TR20 8TE;50.3153429;-4.0509772
GB CQ 763;Lillys Farm;Unit 1;Camelford;PL32 9QH;51.4677993;-2.5546789
GB CR 005;Coughlans Bakeries Ltd;21-29 Sandringham Road;Thornton Heath;CR7 7AX;51.3931064;-0.0978007
GB CR 011;Carr Foods Ltd;42 Capital Business Centre;Croydon;CR2 0BS;51.3528502;-0.0938594
GB CR 012;Neatown Ltd;118 Windmill Road;Croydon;CR0 2XQ;51.3861917;-0.0987318
GB CR 013;AFC Food (UK) Ltd;275 King Henrys Drive;Croydon;CR0 0AE;51.3405770;-0.0041378
GB CT 007;Soho Coffee Shops Ltd;Unit K;Cheltenham;GL51 9PT;51.7762776;-1.4873527
GB CU 001;Geest Foods Ltd;Lea Road;Waltham Abbey;EN9 1AS;50.7991564;-0.0057438
GB CU 007;Reynolds Catering Suppliers Ltd;National Distribution Centre;Waltham Cross;EN8 7RQ;52.5474864;-2.0283744
GB CU 008;Swithenbank Fresh;Unit A;Hoddesdon;EN11 0DL;51.7757699;-1.4870197
GB CU 009;Bidfood Logistics;Charlton Mead Lane;Hoddesdon;EN11 0DJ;51.7575716;0.0068002
GB CU 010;Best Food Logistics Ltd;Unit A RD Park;Hoddesdon;EN11 0RF;51.7757699;-1.4870197
GB CU 011;Brook House Foods Limited;Unit A 3&2;Waltham Cross;EN8 7NP;51.7757699;-1.4870197
GB CU 012;Smith Taylor Made Sausages;Unit 3;Hoddesdon;EN11 0NT;51.7812925;-0.0014701
GB CU 013;Shoal Seafood Ltd;Unit 1 & 2;Waltham Cross;EN11 0NT;51.6927267;-0.0343805
GB CU 014;Reynolds Catering Supplies Ltd (Sausage Manufacturing);Britannia Business Park;Waltham Cross;EN8 7RQ;53.4607872;-2.8751474
GB CU 015;King Farm Dairy Products;Unit 23A;Waltham Cross;EN87LX;51.6898793;-0.0336279
GB CV 001;Arla Foods ltd;Settle Creamery;Settle;BD24 9AF;54.0689008;-2.2841287
GB CV 015;East Barn Brie;East Barn;Skipton;BD23 4AD;53.3001537;-2.6630759
GB CV 017;Dales Dairy (Town Head Farm);Town Head;Skipton;BD23 5BL;54.0654521;-2.1555468
GB CV 026;Swales Yorkshire Dales Ice Cream;Calm Slate Farm;Halton East;BD23 3BD;53.9376600;-2.0821100
GB CV 030;Yellison Goats;Sire Bank Farm;Keighley;BD20 9HG;53.9309681;-1.9869715
GB CV 045;Bouncing Cows;Low Birks Farm;Eldroth;LA2 8HE;54.0879100;-2.4022400
GB CV 404;CBS (Craven Bacon Supplies);Units 18 Midland Mills;Keighley;BD20 7DT;53.9037900;-1.9888400
GB CV 407;Lishmans of Ilkley;Unit 12;Skipton;BD23 2QR;53.9554687;-2.0198495
GB CW 002;Llaeth Y Llan Cyf Village Dairy Ltd;Tal Y Bryn Farm;Denbigh;LL16 5DR;53.2234610;-3.5020919
GB CW 004;Mermaid Seafoods;Unit 7;Llandudno;LL30 1DR;53.2831424;-3.8172890
GB CW 006;Conwy Mussels;The Quay;Conwy;LL32 8BB;52.7337720;-1.1451617
GB CW 008;The Traditional Welsh Sausage Company;Unit 1;Conwy;LL32 8HH;53.2804417;-3.8238019
GB CW 009;Ty Newydd Uchaf;Penmachno;Betws Y Coed;LL24 0AJ;51.6686105;-3.9419191
GB CW 010;T W & M Roberts;Ochr Cefn Isa;Betws Y Coed;LL24 0PE;53.0313700;-3.7212300
GB CW 018;D A Royle;Tyn Y Coed Ucha;LLanrwst;LL26 0BT;53.1393149;-3.7998503
GB CW 019;Blas ar Fwyd  Cyf;32-34 Heol Yr Orsaf;Llanrwst;LL26 0BT;52.9595175;-3.9313464
GB CW 021;Eggy Williams;Hwylfford Farm;LLansanan;LL16 5NN;53.1743800;-3.5656800
GB CW 022;V A Whitley & Co Ltd;Affleck House;Colwyn Bay;LL285HA;53.2907190;-3.7670272
GB CW 023;Edwards of Conwy Ltd;18 High Street;Conwy;LL32 8DE;53.2812236;-3.8296911
GB CW 025;Health and Food Llanrwst;8 Denbigh Street;Llanrwst;LL26 0LL;53.1387663;-3.7974983
GB CW 026;AL & GM Jones;Arddwyfaen;Conwy;LL21 0PU;53.0016700;-3.5365200
GB CW 027;A & D Jones;Parc;Corwen;LL21 0RH;53.1611144;-4.3451503
GB CW 030;Llaethdy Plas Isa Dairy;Plas Isa;Colwyn Bay;LL28 5PD;53.2645700;-3.7778000
GB CX 002;Taste Original;Causeway Rd;Corby;NN17 4DU;52.5079956;-0.6992538
GB CX 008;Cambridge Weight Plan Limited;Stafford House;Corby;NN17 5LU;53.0399531;-2.9965884
GB CY 002;D Wise Ltd;Parkfields;Malpas;SY14 8DY;51.5232209;-3.5897733
GB CY 005;Meadow Foods Limited;Rough Hill;Chester;CH4 9JS;53.1552046;-2.9292269
GB CY 006;Cheshire Farm Ice Cream Ltd;Drumlan Hall Farm;Chester;CH3 9NE;53.1323473;-2.7515751
GB CY 007;H S Bourne;The Bank;Malpas;SY14 7EJ;53.0478468;-2.7682835
GB CY 015;Larkton Hall Dairy;Larkton Hall;Malpas;SY14 8LR;53.0526900;-2.7436000
GB CY 021;Tiresford Guernsey Gold;Tiresford Farm;Tarporley;CW6 9LY;53.1478300;-2.6636000
GB CY 022;Beechdean Manufacturing Ltd;Drumlan Hall Farm;Chester;CH3 9NE;53.1323473;-2.7515751
GB CY 025;Robinson Wholesale;Capital Place;Knutsford;WA16 9LJ;53.2364400;-2.3825400
GB CY 028;Poplars Farm Free Range Eggs;Barbers Lane;Northwich;CW9 6JP;53.2583422;-2.5206606
GB CY 032;Stanways Bakery;Village Farm;Warrington;WA4 4EN;53.3072005;-2.5801561
GB CY 033;Vale Royal Fresh Foods Ltd;Hulme Hall Lane;Knutsford;WA16 9JN;53.2437458;-2.4050420
GB CY 036;J Pao & Co Ltd;Hulme Hall Lane;Northwich;WA169JN;53.2437458;-2.4050420
GB CY 040;Christleton Orchard Range;Manor Farm;Christleton;CH36AH;53.1833246;-2.8448379
GB CY 041;Swiss Chalet Bakery;Unit 27 Westminster Industrial Park;Ellesmere Port;CH65 3DU;53.2849300;-2.9165500
GB CY 042;Clotton Hall Dairy;Clotton Hall;Chester;CW6 0EH;53.1728749;-2.7173265
GB CY 043;Nicol Hughes Foodservice Ltd;Unit 1;Chester;CH14QS;53.1901537;-2.9200776
GB CY 044;Meadowslea Eggs;Meadowslea House;Malpas;SY14 7BN;53.0375632;-2.8400158
GB CY 045;UIL Blending Solutions;Unit10-15;Ellesmere Port;CH65 4TY;53.2824500;-2.8874700
GB CY 046;Somerford Foods;8 Woodford Court;Winsford;CW72RB;53.1842181;-2.5540364
GB CY 047;Somerford Provisions;8 Woodford Court;Winsford;CW72RB;53.1842181;-2.5540364
GB CY 048;Davenport Catering;Moonfleet;Chester;CH3 8DF;50.6986136;-1.9313765
GB CY 049;I F Lloyd;Leadgate Farm;Chester;CH3 9BT;53.1593700;-2.7358200
GB CY 051;Smithys Foods;Wash Lane Farm;Cheshire;WA169JP;53.2419000;-2.3997099
GB DB 009;Goodfellows of Dundee Ltd;Unit 6;West Pitkerro Industrial Estate;DD5 3RU;51.4737164;-3.1571004
GB DB 021;Tay Cuisine CPU;Units 5/6/7;Claverhouse Industrial Estate;DD4 9UA;53.5504590;-2.0887218
GB DB 022;Gourdie Farm Associates;12A Riverside Court;Dundee;DD2 1XD;55.8870929;-3.5293576
GB DB 024;Dundee Cold Stores Ltd;Whittle Place;Kingsway West;DD2 4TD;56.4775122;-3.0412166
GB DB 026;Fareshare Tayside and Fife;95 Douglas Street;;DD1 5AZ;56.4626685;-2.9839218
GB DD 008;Cox Brothers;Church Lane Farm;Bakewell;DE45 1TB;51.1556136;-1.1757488
GB DD 010;Peak District Dairy;Sherwood Road;Buxton;SK17 8HR;53.2492848;-1.9053033
GB DD 014;Hope Valley Farm Produce Ltd;Thorpe Farm;Hope Valley;S32 1BQ;53.3370369;-1.6668224
GB DD 015;Hartington Creamery Limited;Pikehall Farm;Matlock;DE4 2PH;53.1299704;-1.7157211
GB DD 018;Holdsworth The Mill;Manchester Road;Tideswell;SK17 8LN;53.2893629;-1.7842515
GB DD 020;Coldeaton Jersey Ice Cream;Green House Farm;Ashbourne;DE6 1JA;53.4790299;-2.5537052
GB DD 022;Tagg Lane Dairy Limited;Tagg Lane Farm;Monyash;DE451JP;53.1929662;-1.7923349
GB DD 023;Matlock Meadows;Masson Farm;Matlock;DE4 2EG;53.1383857;-1.5755550
GB DD 024;Alkmonton Dairy;Alkmonton Old Hall Farm;Alkmonton;DE6 3DH;52.9432611;-1.7225390
GB DE 002;Premier Ambient Products (UK) Ltd;Station Road;Lifton;PL16 0BB;50.6436354;-4.2696100
GB DE 003;Arla Foods Limited;Taw Valley Creamery;North Tawton;EX20 2DA;50.7967700;-3.9123200
GB DE 004;Curworthy Cheese;Stockbeare Farm;Okehampton;EX20 3PZ;50.7879800;-4.0337100
GB DE 008;Dunns Dairy;Beacon View;Exeter;EX6 6PF;53.4033760;-2.0631749
GB DE 018;Country Cheeses Ltd;Trehill Cottage Road;Sampford Courtenay;EX20 2RZ;50.7599700;-3.9339500
GB DE 028;MD & EL Collins;Landford Farm;Beaworthy;EX21 5BP;50.9908859;-1.6311706
GB DE 029;Rushford Mill Frm;Chagford;Newton Abbot;TQ13 8DA;51.4771492;-2.6349508
GB DE 030;Arla Foods Ingredients Taw Valley Limited.;Taw Valley Creamery;North Tawton;EX20 2DA;50.7967700;-3.9123200
GB DE 032;Williams Farm Fresh Free Range Eggs;Greatastones;Chagford;TQ138DJ;50.6829400;-3.8233100
GB DE 033;Dartmoor Eggs;Archerton;Yelverton;PL206TH;50.5961486;-3.9272938
GB DE 034;Taw River Dairy;Westacre Farm;Devon;EX202SE;50.7794000;-3.9097000
GB DE 036;Tamar Valley Dairy Co;Ferry Farm;Yelverton;PL20 7EX;52.8780791;-1.2431090
GB DE 040;Hillson Farm Produce;Higher Clamoak;Yelverton;PL20 7BY;50.4688400;-4.1990600
GB DE 041;Higher Odham Farm;Highampton;Beaworthy;EX21 5LX;50.8090700;-4.1616700
GB DE 042;Dartmoor Ice Cream Company Ltd;Hill Farm Barn;Lydford;EX20 4BJ;50.9716253;-0.5063455
GB DE 043;MJD Poultry Ltd;The Hen Houses;Winkleigh;EX19 8ED;50.8356700;-3.9640500
GB DE 208;NS Oriental Limited;Old English Industrial Estate;Yelverton;PL20 6NJ;50.4982000;-4.0732000
GB DE 498;Underdown Dairy;Underdown Farm;Exbourne;EX20 3QT;51.5463249;-1.7050765
GB DG 007;Stockwin of London;Unit 3;Barking;IG11 0DA;51.5307169;0.0969643
GB DG 011;Bonians Ltd;Unit 1;Dagenham;RM10 8TX;51.5490739;0.1620438
GB DG 015;Prime Bite Limited - T/A Hunters Biltong;Unit 2&3;Barking;IG11 0JS;51.5308345;0.0968650
GB DG 021;Baboo (Wholesale Meats) Ltd;Unit 1 Rima House;Barking;IG11 0RH;51.5309080;0.1228497
GB DG 027;CK Frozen Food Ltd;Unit 13;Barking;IG11 0DR;51.5307169;0.0969643
GB DG 028;Bangladesh Corporation UK Ltd;Unit 1;Barking;IG11 0TW;51.5165198;0.1182189
GB DG 029;Home of Sausages Ltd;Unit 15;Barking;IG11 0RJ;51.5328511;0.1079849
GB DG 030;Anne-Marys Bake Hut Ltd;Unit 12a;Dagenham;RM10 8PS;51.5531627;0.1714147
GB DG 033;Abiglobal Foods Wholesale Ltd;Unit 5;Barking;IG11 0DR;51.5307169;0.0969643
GB DG 034;Denton Bros Limited;Unit 12 and 13;Dagenham;RM9 6GQ;51.5255500;0.1341400
GB DG 035;H. Smith (Smithfield) Ltd;Unit 4;Dagenham;RM9 6GQ;51.5359080;0.1397630
GB DG 036;Asko Foods Ltd;Unit 4;Barking;IG11 7NZ;51.5273664;0.0793797
GB DG 037;Freshery UK Limited;OYO Business Park;Dagenham;RM9 6LN;51.5230302;0.1361650
GB DG 038;Kashmir Halal Foods Ltd;Unit 1A;Barking;IG11 0HZ;51.5319462;0.1035909
GB DG 039;Beths;Unit J2A;Dagenham;RM8 1SL;51.5639800;0.1335200
GB DG 041;Sysco GB;Unit 13;Dagenham;RM9 6RH;51.5359080;0.1397630
GB DG 043;ACM Meat Factory Ltd;Unit 0;Barking;IG11 0JS;50.9786832;-2.8898063
GB DG 044;Watson Farm Eggs Ltd;37 River Road;Barking;IG11 0DA;51.5231924;0.0958603
GB DG 045;Shapla Prime UK Ltd;Unit 2;Dagenham;RM8 1YY;51.5401369;0.1479143
GB DG 046;TJ Trading London Ltd;19-21 Thames Road;Barking;IG11 0HN;51.5251692;0.1026485
GB DG 047;Dublin Meats Ltd;Unit 1;Barking;IG11 0HN;51.5314466;0.1008572
GB DG 048;Gima (UK);Gima House;Barking;IG11 0RJ;51.5312863;0.1212158
GB DG 049;Home of Sausages Ltd;Unit 15B;Barking;IG11 0RJ;51.5328511;0.1079849
GB DH 008;The Sausage Man UK Ltd;Unit 1;Dartford;DA4 9LB;51.4273713;0.2544162
GB DH 009;Leathams Ltd;Unit E;Dartford;DA1 5FD;51.7759320;-1.4871421
GB DH 010;Global Food Centre Ltd;Unit 10 Schooner Park;Dartford;DA2 6NW;51.4517900;0.2503100
GB DH 011;Albion Fine Foods Ltd;Unit 2;Dartford;DA2 6QB;51.4640337;0.2582162
GB DH 013;Prep Kitchen Ltd;Court Lodge Farm;Southfleet;DA13 9NX;51.1181395;1.0810989
GB DH 014;Frostflow;Unit 5;Darenth;DA4 9LB;51.4208323;0.2520533
GB DH 015;Fresh Service;The Flagpole;Darenth;DA2 7QY;51.4199173;0.2464565
GB DI 001;Birds (Derby) Ltd;Ascot Drive;Derby;DE24 8GN;52.8998530;-1.4523878
GB DI 002;Stewart Bailey;5-6 New Fish Market;Derby;DE1 2DT;52.9223697;-1.4762686
GB DI 003;Ocean King;Unit 14 Victory Park;Derby;DE24 8EP;52.8910797;-1.4717066
GB DI 004;Just Ice Cream Ltd;The Bake House Darley Stables;Derby;DE22 1DS;52.9410086;-1.4784804
GB DI 005;SHP Poultry Ltd;Unit 1;Derby;DE23 8NX;52.8863337;-1.4138102
GB DI 007;Bernard Matthews Foods (Derby) Limited;Sir Francis Ley Industrial Park;Derby;DE23 8YH;52.9024658;-1.4682383
GB DI 008;Qandil;1-3 Edmund Road;Derby;DE21 7HH;52.9124802;-1.3985576
GB DJ 002;Martin Brower UK Ltd;Unit 1;Hemel Hempstead;HP2 7EQ;51.7388116;-0.4717410
GB DJ 011;Gist Limited;Three Cherry Trees Lane;Hemel Hempstead;HP27PZ;51.7717922;-0.4389203
GB DJ 013;GIST Ltd (Maylands);Three Cherry Trees Lane;Hemel Hampstead;HP2 7PZ;51.7717922;-0.4389203
GB DJ 014;Bon Soirée;The Courtyard 116 High Street;Berkhamsted;HP43QN;51.7702087;-0.5910324
GB DJ 015;Maple Fine Foods;1a River Park industrial Estate;Berkhamsted;HP4 1HL;51.7663207;-0.5758688
GB DJ 018;Iiaa Ltd;Unit E 222;Hemel Hempstead;HP2 7EE;51.7759320;-1.4871421
GB DJ 019;Cotteswold Dairy Ltd;2 Bourne End Mills;Hemel Hempstead;HP1 2UJ;51.7425311;-0.5263960
GB DJ 020;Sysco GB;Boundary Way;Hemel Hempstead;HP2 7LF;51.7606980;-0.4293286
GB DK 003;King Asia Foods Ltd;Middle Bank;Doncaster;DN4 5JJ;53.5120008;-1.1238233
GB DK 008;BBW (Foods) Ltd;24 Doncaster Rd;Doncaster;DN12 4ET;53.4195500;-1.0813310
GB DK 010;Nortech Saria Limited;Ings Road;Doncaster;DN5 9TL;53.5371418;-1.1337122
GB DK 012;The Topping Pie Company Ltd;2 Chappell Drive;Doncaster;DN1 2RF;53.5284876;-1.1321183
GB DK 017;Teasdale Bakers Ltd;Unit 10 & 11 Frontier Works;Doncaster;DN8 4HU;53.6199900;-0.9559200
GB DK 019;Paragon Quality Foods Ltd;Quadrant 3 Yorkshire Way;Doncaster;DN3 3FB;53.5267482;-1.0400158
GB DK 020;Bankwood Meats Ltd;Unit C1 Thorne Enterprise Park;Doncaster;DN8 4HU;53.6199900;-0.9559200
GB DK 023;The Crusty Cob Shop Ltd;16 West Street;Doncaster;DN12 3JH;53.4214925;-1.0624922
GB DK 025;Mrs Bellamys Free Range Eggs;Ambell Farm;Doncaster;DN14 9AN;53.6413200;-1.0330200
GB DK 026;Warners Fish Merchants Ltd;Raymond House;Doncaster;DN4 5JR;51.6189517;-0.1106317
GB DK 028;Paragon Food Service Limited;Unit D;Doncaster;DN4 8WA;51.7759412;-1.4871848
GB DK 029;Fresko Foods Limited;Unit 16;Doncaster;DN4 8QG;53.5329303;-1.1490375
GB DK 030;Traditional Food Emporium;The Hut;Doncaster;DN12 1BS;51.5637259;-0.3450276
GB DK 031;Vestey Foods UK Ltd;Quadrant 2 Westmoor Park;Doncaster;DN3 3FB;50.5443264;-4.1411557
GB DK 032;Topping Pie Company;Unit 2;Doncaster;DN1 2RF;53.5632733;-1.0730790
GB DL 005;Thermotraffic Ltd;The Gateway;Brierley Hill;DY5 1LJ;52.4887619;-2.1112040
GB DL 008;Mister Daves;Parkway Road;Dudley;DY1 2QA;52.5126968;-2.0973967
GB DL 021;Johns Bacon Limited;Unit 1-2  Providence Industrial Estate;Stourbridge;DY9 8HQ;52.4589100;-2.1119400
GB DL 031;Stirchley Burger Company Ltd;1 James Scott Road;Halesowen;B63 2QT;52.4625629;-2.0997378
GB DL 038;Parma International Catering Suppliers;Unit 6 & 6A Washington Street;Netherton;DY2 9PH;52.4844000;-2.0803400
GB DL 046;Carrs Chilled Foods Ltd;Unit B1 & B2 Anchor Business Park;Dudley;DY2 9AF;52.5002600;-2.0879300
GB DL 047;Central Supplies (Brierley Hill) Ltd;Unit 2 Brook Park;Halesowen;B63 2QU;53.3179675;-2.6575983
GB DL 051;Dunbia Halesowen;34 Amber Way;Halesowen;B62 8AG;52.4607836;-2.0446316
GB DL 058;Madni Express;Wharf House;Brierley Hill;DY5 3UT;51.4828708;0.1769599
GB DL 060;T.C. Morris;Unit 4;Dudley;DY2 0XQ;52.4924667;-2.1133926
GB DL 061;Alpha Food Distributions Ltd;Unit 25 Premier Partnerships Estate;Dudley;DY5 3UP;52.4853823;-2.1381182
GB DL 062;MX Food Products Ltd;Unit 1 Wharf House;Dudley;DY5 3UT;51.4828708;0.1769599
GB DL 063;Chill Chow Frozen Foods Ltd;Unit 3;Halesowen;B62 9LL;52.4727697;-2.0416070
GB DL 065;Homeplace Kitchen;Unit H;Dudley;DY2 9SW;52.5108626;-2.0320516
GB DM 002;Durham Foods;Rennys Lane Ind. Est;Durham;DH1 2RB;54.7788040;-1.5342793
GB DM 010;Istanbul Meats Ltd;Units 3 5 and 10;Chester le Street;DH2 1AG;54.8736849;-1.5873787
GB DM 012;Greencore Consett;Hownsgill Industrial Park;Consett;DH8 7NU;54.8430449;-1.8370703
GB DM 015;Princes Ltd;Unit 2 A - D;Consett;DH8 7NU;55.7533680;-3.3041280
GB DM 016;Redemption Foods 2 Ltd;Units 5a 9b 9c & 9d;Consett;DH8 6SR;54.8640524;-1.8272132
GB DM 018;Lanchester Dairies;Upper House Farm;Lanchester;DH7 0RL;51.8607499;-3.1344405
GB DM 023;Cotherstone Cheese Company;Quarry House Farm;Barnard Castle;DL12 9QL;54.5825700;-1.9732300
GB DM 027;Kookaburra;3 Armstrong Road;Peterlee;SR8 5AE;54.7697830;-1.3344867
GB DM 029;Stirling Meats Ltd;3 Partnership Court;Seaham;SR7 0PX;54.8492144;-1.3725492
GB DM 030;Prima Cheese Company;13 Partnership Court;Seaham;SR7 0PX;54.8492144;-1.3725492
GB DM 032;Lineage UK Warehousing Ltd;Fox Cover Industrial Estate;Seaham;SR7 7DN;54.8240356;-1.3361836
GB DM 033;Pasha;1 Pease Road;Peterlee;SR8 2RD;54.7673312;-1.3646314
GB DM 038;Embleton Hall Dairy Ltd;Murton Hall Farm;Wingate;TS28 5NU;54.6794100;-1.3586900
GB DM 039;Harvest Foods Newton Aycliffe;Whinfield Drive;Newton Aycliffe;DL5 6AU;54.5992993;-1.5726240
GB DM 043;Poplar House Farm;Escomb;Bishop Auckland;DL14 7SU;54.6563233;-1.6829025
GB DM 044;Parlour Maid;Village Farm;Sedgefield;TS21 2EY;54.6322958;-1.4907298
GB DM 045;S & S Richardson;High Park Wall Farm;Durham;DL12 8SR;54.5739900;-1.9371300
GB DM 046;Wm. N. Clark;Lands Rd;Bishop Aukland;DL13 5HZ;54.6284779;-1.8158658
GB DM 049;Jolly Body Farm;East Lane Stanhope;Bishop Aukland;DL13 2YX;54.7481131;-2.0003522
GB DM 052;Lintz Farm Ltd;Lintz Lane;Burnopfield;NE16 6AS;54.8983668;-1.7602213
GB DM 054;Greggs at Lineage Logistics;Unit 2 Foxcover Enterprise Park;Seaham;SR7 7DN;54.8240356;-1.3361836
GB DM 059;Eden Farm Ltd;1 Cook Way;Peterlee;SR8 2HY;54.7632489;-1.3709877
GB DM 060;Collins Seafoods North East Limited;Unit 2;Newton Aylcliffe;DL5 6AR;54.5928702;-1.5735130
GB DM 061;Wear Valley Foods (Durham) Ltd;Compound 1;Spennymoor;DL16 6TL;54.3746751;-1.7128972
GB DM 065;Hall Farm Foods;Murton Hall Farm;Wingate;TS28 5NU;54.6794100;-1.3586900
GB DM 066;Sysco GB;Bowburn North Industrial Estate;Bowburn;DH6 5PF;54.7381102;-1.5333639
GB DM 067;Sysco GB;3-5 Burdon Drive;Peterlee;SR8 2JH;54.7644884;-1.3724412
GB DM 071;Bako Northern and Scotland Ltd;Mill Road;Durham;DH7 8HR;54.7555716;-1.6076583
GB DM 072;Ravendale North West Limited;Leadgate Industrial Estate;Consett;DH8 7RN;54.8512800;-1.7904300
GB DM 073;The Coachyard Creamery;Little Newsham hall;Darlington;DL2 3QN;54.5552400;-1.8113000
GB DM 077;Prophecy Group Limited;3a Gresley Road;Peterlee;SR8 2LU;54.7593243;-1.3627783
GB DM 078;Gibbons International Ltd;Unit 4a Blair Way;Seaham;SR7 7PP;55.9391200;-3.0011593
GB DM 080;Allison Devereux Farms;;Crook;;54.3479739;-2.8277843
GB DM 081;Greencore;Unit 6 Gemini Point;Peterlee;SR8 2FB;54.7535200;-1.3706000
GB DM 082;Perkins 4 Solutions;Unit 33d;Consett;DH8 6SZ;54.8568859;-1.8192672
GB DM 083;Eden Farm Ltd;Eden Farm Hulleys;Peterlee;SR8 5AJ;54.7632489;-1.3709877
GB DM 084;Bidfood Durham;Angel Park;Chester-Le-Street;DH2 1AQ;54.8753708;-1.5916722
GB DM 085;Ox Close Farm Ltd;Ox Close Farm;Durham;DH6 1HN;54.7731583;-1.4852583
GB DM 086;Paramount Foods International Ltd;3a Gresley Road;Peterlee;SR8 2LU;54.7593243;-1.3627783
GB DN 012;Acorn Dairy;Garthorne Farm;Darlington;DL2 2YB;54.5493300;-1.6088700
GB DN 014;Darlington Memorial Hospital;Hollyhurst Road;Darlington;DL3 6HX;54.5315525;-1.5663297
GB DN 020;H Taylor and Sons;41-45 Skinnergate;Darlington;DL3 7NR;54.5258201;-1.5573359
GB DN 022;SG Foods;11 Dudley Road;Darlington;DL1 4GG;54.5254756;-1.5054605
GB DN 024;Piercebridge Farm Organics;Piercebridge Farm;Darlington;DL2 3SE;54.5367601;-1.6779839
GB DN 025;Phil Twizel Eggs;West New Biggin Farm;Darlington;DL2 1SU;54.5601200;-1.4544600
GB DN 026;Martin Brower UK Ltd;Building 4 Symmetry Park;Darlington;DL1 4FU;52.3446567;-1.3189937
GB DO 007;Rea Valley Zwanberg Food UK Ltd;Minsterley;Shrewsbury;SY5 0BD;52.6398815;-2.9262196
GB DO 023;Hollowdene Eggs;Hollowdene Farm;Shrewsbury;SY41AA;52.3783465;1.2645375
GB DP 001;South Caernarfon Creameries Ltd;Rhydygwystl;Pwllhei;LL53 6SB;52.9255200;-4.3747700
GB DP 002;Gareth Thomas;Garreg Wen Isaf;Penygroes;LL546PN;53.0572400;-4.2844300
GB DP 003;Wyau Desach Eggs;Tyn Twll;Caernarfon;LL545DB;52.9022611;-3.9564537
GB DP 005;Treddafydd Farm;Tre Ddafydd;Pwllheli;LL536NL;53.2174918;-4.4154821
GB DP 006;Llys Ifor Farm;Llys Ifor;Pwllheli;LL520NW;53.2229414;-4.1958273
GB DP 020;Ready Foods Limited;Unit 3;Caernarfon;LL55 2BD;53.1394694;-4.2538164
GB DP 022;Ross Shellfish;Unit 7;Caernarfon;LL55 2BD;53.1384590;-4.2446749
GB DP 024;Roberts of Port Dinorwic Ltd;Griffiths Crossing;Caernarfon;LL55 1TS;53.1659200;-4.2441200
GB DP 030;Harlech Foodservices Limited;Parc Amaeth;Criccieth;LL52 0LJ;52.9167000;-4.2975800
GB DP 034;Wyau’r Hirdre;Hirdre Isaf;Pwllheli;LL53 8YY;52.9154200;-4.5941200
GB DP 037;Wyau Cae Pant Eggs;Cae Pant;Bala;LL23 7RG;51.5931363;-3.2347590
GB DP 038;D. M Tudor & Co;Llwyncrwn;Trawsfynydd;LL41 4TN;51.7524302;-4.2105279
GB DP 040;L G & J Pugh;Tys Pwll;Tywyn;LL36 9SA;52.6224100;-4.0715000
GB DP 043;Mr Stuart Harrison;Glanrafon Hen;Caernarfon;LL545PH;53.0107400;-4.3803000
GB DP 050;Carwyn Roberts;Ty Hen;Pwllheli;LL538AR;53.3218049;-4.5638281
GB DP 051;Glasu;Bryn-Rhydd;Pwllheli;LL538YY;53.1101025;-3.2994920
GB DP 058;Bwydmor Abersoch Seafood;LLain;Pwllheli;LL53 7DA;52.1302089;-4.4731848
GB DP 062;R O & R Parry;Crugeran;Pwllheli;LL53 8DR;52.8506600;-4.5942000
GB DP 063;Daffodil Foods Limited;Units 7 & 8;Pwllheli;LL53 6UW;52.9187436;-4.2419137
GB DP 067;Heler Foods Packing;Unit 6;Penrhyndeudraeth;LL48 6LD;51.7766984;-1.4819582
GB DP 068;Cigoedd y Llain;Glasfryn Parc;Pwllheli;LL53 6PG;52.9499378;-4.3907028
GB DP 070;Cosyn Cymru;Llaethdy Gwyn;Bethesda;LL57 3BJ;53.1754900;-4.0576000
GB DP 071;Deepdock Ltd;Mare Gratia c/o Deepdock Ltd;Holyhead;LL65 4HD;53.3594284;-4.5601144
GB DP 072;Y Sied Laeth;Bryn Derwen;Pwllheli;LL53 5UG;53.2791362;-3.5832871
GB DP 077;Henbant Ltd;Fferm Henbant Bach;Caernafon;LL54 5DF;53.0196536;-4.3174840
GB DP 078;Myti Mussels Ltd;Porth Penrhyn;Gwynedd;LL57 4HN;53.2331634;-4.1100359
GB DP 079;Wacky Wedge Cheese Company Ltd;Unit 15 + 16;Gwynedd;LL55 2PB;53.1450594;-4.2598313
GB DP 081;Harlech FoodService Ltd;Unit 1-4 Parc Amaeth;Gwynedd;LL52 0LJ;52.9167000;-4.2975800
GB DQ 001;Casa Di Vini Ltd;Unit 4 Middle Road;Wimborne;BH21 4DB;50.7949137;-2.0709344
GB DQ 002;Liberty Dairy Limited;Liberty Farm;Halstock;BA22 9SY;50.8711100;-2.6376700
GB DQ 004;T.R. Horsington and Sons;Pound Farm;Dorchester;DT2 7AJ;51.1164195;-0.5601526
GB DQ 006;Crab House Limited;Fleet Oyster Farm;Wyke Regis;DT4 9YU;50.5857529;-2.4747181
GB DQ 008;Purbeck Trout;Trigon Fish Farm;Wareham;BH20 7PD;50.7001200;-2.1622200
GB DQ 009;The Wagon House;Attisham Farm;Bridport;DT1 1XJ;50.7167048;-2.4406288
GB DQ 010;SCT & SCT Ltd;Unit 7;Ferndown;BH21 7QW;50.7929293;-1.9167452
GB DQ 011;Weyco Approved Food Services;Weymouth College;Weymouth;DT4 7LQ;50.6114630;-2.4539360
GB DQ 012;Purbeck Shellfish;Shed 19;Swanage;BH19 2AY;50.6076188;-1.9516524
GB DQ 013;Seaborough Manor Farm Ltd;Monkey Chop Farm;Beaminster;DT8 3QU;50.8360656;-2.7958869
GB DQ 015;Fluffetts Farm Ltd;The Drying Barn;Wimborne St Giles;BH21 5LT;50.8955700;-1.9741600
GB DQ 016;Local Food Links Limited;Black Lane;Dorset;DT11 8SW;50.8589170;-2.1531224
GB DQ 019;Blackmore Vale Quail;9 Vaile Mead;Sturminster Newton;DT10 2ET;50.8716698;-2.3620578
GB DQ 020;Sea Sisters;Unit 12 Pineapple Buisness Park;Bridport;DT6 5DB;50.7676800;-2.7671199
GB DQ 021;Premier Fish;Unit 6;Wimborne;BH21 2BH;50.7912520;-1.9672281
GB DQ 022;Charcuterie For Chefs Ltd;The Grain Store;Dorchester;DT2 0PN;51.5019216;-0.0855312
GB DQ 023;The Secret Garden;Kitchen Unit;Child Okeford;DT11 8HB;51.5806772;-0.0322552
GB DQ 025;Frampton and Babel Ltd;Back Lane;Sturminster Newton;DT10 2DT;51.4366381;-0.3126824
GB DQ 026;Kingswood Farm (Corfe Castle) Limited;Kingswood Farm;Wareham;BH20 5JQ;51.1990010;1.1060488
GB DQ 028;British Broth Company;Unit 9;Shillingstone;DT11 0SA;50.8980300;-2.2604029
GB DQ 029;Brookfield Farm (Dorset) Ltd;6 Bessemer Close;Verwood;BH31 6AZ;50.8675507;-1.8526812
GB DQ 030;Butlers Farm Produce;1 Wain Road;Wareham;BH20 6JX;50.7024383;-2.2460488
GB DQ 032;RD Cooks Ltd;537 Ringwood Road;Ferndown;BH22 9AH;50.8020468;-1.8897600
GB DQ 034;Jurassic Seafarms Ltd;Inner Breakwater;Portland;DT5 1PA;50.5682598;-2.4261071
GB DR 001;Ashley Chase Estate Ltd;Parks Farm;Dorchester;DT2 9AZ;50.6982700;-2.6311500
GB DR 005;Craigs Dairy;East Farm;Weymouth;DT3 6EX;50.6445009;-2.3893560
GB DR 009;Dorset Blue Cheese Co;Woodbridge Farm;Sturminster Newton;DT10 2BD;50.9094059;-2.4106362
GB DR 016;Dorset Blue Soup Co;Woodbridge Farm;Sturminster Newton;DT10 2BD;50.9094059;-2.4106362
GB DR 019;Local Food Links Ltd;Unit 17;Bridport;DT6 3RR;50.7484593;-2.7066579
GB DR 043;Capreolus Fine Foods;Uphall Farmhouse;Dorchester;DT2 0PP;50.8222700;-2.6331200
GB DR 045;Baboo Gelato Ltd;Unit 6;Dorchester;DT2 0HS;50.7773254;-2.5744414
GB DR 048;Outdoorfood Ltd;Lower Denhay Farm Office;Broakoak;DT6 5NW;50.7620500;-2.8107600
GB DR 049;Bellair Haye Pork;Bellair Haye Nursery;Bridport;DT6 6RD;50.7416546;-2.8815183
GB DR 050;Chesil Smokery;The Old Laundry;Bridport;DT6 3BD;51.0173264;-1.3153516
GB DR 057;Hunt’s Foodservice Ltd;Ludbourne Road;Sherborne;DT9 3NJ;50.9457374;-2.5121367
GB DR 058;Local Food Links Ltd Caroline Morgan;Unit C7;Dorset;DT3 4FL;50.6136543;-2.4748929
GB DR 081;CHJ French & Sons;Cowpool Farm;Yeovil;BA22 9UY;50.9175700;-2.6128500
GB DR 082;Foots Eggs;Stoney Farm;Sherborne;DT9 5ND;55.9393454;-3.0654236
GB DR 083;Monkwood Happy Hens;Meadow View;Bridport;DT6 5PF;50.7839400;-2.8103300
GB DR 088;Eweleaze Farm;Osmington;Weymouth;DT3 6ED;50.6384509;-2.3959481
GB DR 091;Dorset Nectar;Strong Orchard;Bridport;DT6 5HZ;50.7721540;-2.7571228
GB DS 008;Hutchings Bros. Sea Food & Game;1101 Christchurch Road;Bournemouth;BH7 6BQ;50.7342469;-1.8171179
GB DV 001;Solleys Farms Ice Cream Ltd;The Dairy;Deal;CT14 8JL;52.8090888;-0.8680570
GB DV 005;Stef Langdons Ltd;1 Palmerstone Road;Dover;CT16 3NF;51.4513571;-0.9301989
GB DX 003;Brixworth Foods;1 Ironstone Close;Brixworth;NN6 9PD;52.0721627;-0.5076328
GB DX 012;The Clipston Egg Company;Gravel Pit Farm;Clipston;LE169TT;52.4391974;-0.9500706
GB DY 006;Ramsley Farm Produce;;Derby;;52.9233008;-1.4765491
GB DY 008;Nestle UK Ltd;Marston Lane;Burton on Trent;DE13 9LY;52.6021216;1.2770474
GB DY 016;IVC Brunel Healthcare;Units 1 2 & 4;Swadlincote;DE11 0BB;53.5501507;-2.0888057
GB DY 018;Pastures Poultry;Watergo Farm;Mickleover;DE11 0BB;52.7714545;-1.5806054
GB DY 021;M.P. Bio Science Limited;3a/b Harrison Court;Derby;DE65 5UR;53.4526649;-2.0691927
GB DY 023;The Pasty & Pie Company Limited;The Dairy Parlour;Catton;DE12 8LW;52.7343700;-1.6735199
GB DY 025;Nestle UK Ltd;Marston Lane;Tutbury;DE13 9LY;52.6021216;1.2770474
GB DZ 012;Tate & Lyle Mold UK Limited;Mold Business Park;Mold;CH7 1XW;53.1561315;-3.1475574
GB DZ 024;Whats Cooking Deeside UK Ltd;Estuary House;Deeside;CH5 2UA;51.3409986;1.0130463
GB DZ 028;Farmers Boy Deeside  Limited;Unit 106  Tenth Avenue;Deeside;CH5 2UA;53.2354233;-3.0165372
GB DZ 038;Castell Farm;Rhosemor Road;Northop;CH7 6AG;53.2132190;-3.1648801
GB DZ 043;Gareth Williams Milk Retailer;Units 4 & 5 Pistyll Workshops;Mold;CH74EW;53.1441694;-3.1335152
GB DZ 044;Great Bear Distribution;Unit 2 Weighbridge Road;Deeside;CH5 2UA;53.2397925;-3.0268877
GB DZ 045;Valley Fresh Foods;Lilac Cottage;Holywell;CH88EU;51.3368712;-2.5792125
GB DZ 046;Fraser Blair Ltd;8 A Mancot Lane;Flintshire;CH5 2AH;53.1977860;-3.0197162
GB DZ 047;Masons Fine Foods;26 Halkyn Road;Flint;CH65HT;53.2385542;-3.1434072
GB DZ 048;Kenko Chilled Foods;Lilac Cottage Windmill;Flintshire;CH88EU;53.2344505;-3.1994355
GB DZ 051;Barry Callebaut Beverages UK Ltd;Sovereign Way;Wales;CH1 4QJ;53.1923402;-2.9242701
GB DZ 062;Snowdonia Cheese Company Limited;31 First Avenue;Deeside;CH5 2NU;53.2267661;-3.0022579
GB DZ 063;Blacks Pies Ltd;48a Chester Road;Flint;CH6 5DT;53.2468267;-3.1282673
GB DZ 066;Tony Lovatt Butchers;14 Chester Street;Flint;CH6 5NR;53.2491568;-3.1328150
GB DZ 068;Well-Fed (Services) Ltd;Unit 1 Rowleys Park;Deeside;CH5 1QJ;53.2100044;-3.0309758
GB DZ 071;Oscar Mayer Flint;Unit 19;Flint;CH6 5EX;53.2851462;-3.0662625
GB DZ 074;Ardens Dairy;Hope Cottage Farm Shop Hope Cottage;Chester;CH4 0NN;53.1649600;-2.9955599
GB DZ 076;River Dee Seafoods Ltd;Flat The Lodge;Holywell;CH8 9DN;52.9704145;-2.6834860
GB DZ 077;Dougherty and Allen Ltd;The Tardis;Saltney;CH4 8RJ;51.4992138;-2.5868676
GB DZ 078;DFDS Logistics Limited;Iceland Foods;Flintshire;CH5 2NW;53.3223419;-3.4905833
GB DZ 079;Jinny B & Co Ltd;Unit 36;Flintshire;CH6 5UY;53.2293212;-3.0685263
GB DZ 080;Flavour Moments Ltd;Unit 1F;Saltney;CG4 8RQ;50.1909997;-5.3999339
GB DZ 081;Dairlylike Foods Ltd;Unit 1F;Saltney;CH4 8RQ;50.1909997;-5.3999339
GB EB 001;Barry Buglass and Son;Victoria Street;East Lothian;EH42 1HW;56.0042602;-2.5158829
GB EB 002;Belhaven Smokehouse;Beltonford;East Lothian;EH42 1ST;55.9906649;-2.5719647
GB EB 007;J K Thomson;Units 1/7;Eskmills Park;EH21 7UQ;50.7958395;-1.0950259
GB EB 015;Fenton Barns (Scotland) Ltd;Fenton Barns;East Lothian;EH39 5AQ;56.0296900;-2.7815599
GB EB 023;Findlays Famous Haggis;Unit 23 Fisherrow Industrial Estate;East Lothian;EH21 6RU;55.9419000;-3.0707399
GB EB 025;Atlantic Seafish;Unit 4;Musselburgh;EH21 6QA;55.9466339;-3.0803763
GB EB 031;Yester Farm Dairies Ltd;Yester Mains;Haddington;EH41 4JG;55.8905300;-2.7422200
GB EB 032;The Premium Bakery;22 Mid Road;East Lothian;EH32 9ER;55.9523554;-2.9789206
GB EB 033 / UK-7-064;R J Sommerville;Smeaton Farm;Midlothian;EH22 2NL;50.4791847;-4.2579336
GB EB 034 / UK-7-170;Chesters Eggs Ltd;Knowes;East Lothian;EH42 1XJ;55.9914400;-2.6264599
GB EB 035;Gosford Organics LLP;The Camps;Longniddry;EH32 0PX;52.0633068;0.3812638
GB EC 002;Corcoran Foods;Unit 1a;Barrhead;G78 1QP;55.7917342;-4.3737375
GB EC 003;Alishia Food;5 Summerlea Road;Glasgow;G46 8PD;55.8071500;-4.3198256
GB EC 004;LChaims;222 Fenwick Road;;G46 6UE;55.8005277;-4.2970925
GB ED 005;Welch Fishmongers;23-25 Pier Place;;EH6 4LP;55.9807804;-3.1959385
GB ED 019;Newhaven Fishsalesmans Association (Edinburgh) Limited;Newhaven Fishmarket;Edinburgh;EH6 4LP;55.9809809;-3.1956711
GB ED 034;Mrs Unis Spicy Foods Limited;Unit 2;Peffermill Industrial Estate;EH16 5UY;51.7767470;-1.4871503
GB ED 040;Mellis Cheese Ltd;78 Albion Road;;EH7 5QZ;55.9609389;-3.1661082
GB ED 043;Cam Bo Edinburgh Ltd;Unit 7 Bankhead Crossway North;Edinburgh;EH11 4PB;55.9267816;-3.2959293
GB ED 057;Bidfood Edinburgh;Junction 2 Industrial Estate;Newbridge;EH28 8LF;55.9212840;-3.2705605
GB ED 060;East Coast Cured;Unit 3;Edinburgh;EH6 7NY;55.9666179;-3.1547667
GB ED 061;Scottish Seafood Company;94 Bankhead Crossway North;;EH11 4DT;55.9260697;-3.3006128
GB ED 062;G Hughes Fishmerchants Ltd;George Hughes Fishmongers;Edinburgh;EH10 4DQ;55.9352026;-3.2098767
GB ED 063;Kent Foods Ltd;4 Huly Hill Road;;EH28 8PH;55.9369857;-3.4053074
GB EF 012;S.J Frederick & Sons;Temple Farm;Harlow;CM19 5LW;51.7727605;0.0385338
GB EF 015;Quality & Excellence Family Butcher;12 Forest Drive;Epping;CM16 7EY;51.6733460;0.1025472
GB EF 016;Caribbean Taste;;Harlow;;51.7685568;0.0949036
GB EF 019;A White Transport;Unit 6;Stapleford Abbotts;RM4 1JU;53.4770340;-2.2265635
GB EF 021;Suffolk Farms Ltd;Willow Place;Hastingwood;CM778QQ;52.7119161;-2.7832142
GB EF 023;J & K Global Food Ltd;Mitchell’s Farm;Stapleford Tawney;RM4 1SP;51.6625800;0.1879000
GB EF 024;The Traditional Sausage Company Limited;Unit 9;Epping;CM16 6LJ;51.7105500;0.1375979
GB EF 025;Village Quality Products Ltd;Units 1 & 2;Loughton;IG10 3SQ;51.6683222;0.0920930
GB EF 028;Ethos Greek Supplies Ltd;Unit 30-31 Tylers Cross Nursery;Nazeing;EN92DH;51.7446951;0.0619984
GB EF 029;Pure Mediterranean Food Limited;Units 30 - 31 Tylers Cross Nursery;Nazeing;EN9 2DH;51.7446951;0.0619984
GB EH 002;Blackburn and Haynes;Churt Road;Bordon;GU35 8SS;51.1341113;-0.7758574
GB EH 013;Simply African Food Ltd;Unit 42;Bordon;GU35 9QF;50.8670885;-0.9837236
GB EH 019;Foods of Europe Ltd;80-86 Woolmer Way;Bordon;GU35 9QF;51.1091835;-0.8667744
GB EH 022;Laleham Health & Beauty Ltd;Sycamore Park;Alton;GU34 2PR;51.1524069;-0.9638535
GB EH 023;Hellenic Grocery;1 Alton Business Centre;Alton;GU34 2YU;51.1488900;-0.9631900
GB EH 024;Marmalada Ltd;The Crown;Bordon;GU35 8BT;51.4512389;-0.3186825
GB EI 004;Tempus Foods;Unit 7;Weybridge;KT13 0YF;51.3723875;-0.4684094
GB EI 005;Kokoro Trading Ltd;4 Lyon Road;Walton on Thames;KT12 3PU;51.3781795;-0.3884053
GB EI 006;Imperial Caviar UK Ltd;Tall Trees;Weybridge;KT13 0NF;51.3454968;-0.4560275
GB EI 007;Best Biltong;Unit B;East Molesey;KT8 9LX;51.7757807;-1.4870721
GB EJ 008;North Lakes Foods;Gilwilly Industrial Estate;Penrith;CA11 9BL;54.6663556;-2.7620672
GB EJ 021;Bluefields Foods Ltd;Silver Band Store;Appleby-In-Westmorland;CA16 6DL;54.6433100;-2.5014500
GB EJ 026;Cragg and Cutriss;Silver Band Store;Appleby-In-Westmorland;CA16 6DL;54.6433100;-2.5014500
GB EJ 029;Appleby Creamery Ltd;Crosscroft Industrial Estate;Appleby-In-Westmorland;CA16 6HX;54.5749603;-2.4719352
GB EJ 031;Lakes Free Range Egg Company;Stainton;Penrith;CA11 0ES;51.6643680;-0.1817643
GB EJ 035;D J A & A M Berry;Dallan Bank;Penrith;CA10 3DU;54.5937220;-2.6637465
GB EJ 036;Eggs of Ullswater;Bennet Head;Penrith;CA11 0LT;54.6069768;-2.8659048
GB EJ 041;Messers DJ & S Dixon;Hartley Castle;Kirkby Stephen;CA17 4JJ;54.4719100;-2.3363299
GB EJ 042;Mrs Joanna Donaldson;Peatop Farm;Penrith;CA10 1QW;54.6602745;-2.6099289
GB EJ 044;W and W Patterson;Coupland Beck Farm;Appleby-in-Westmorland;CA16 6LN;54.5603158;-2.4408571
GB EJ 047;Messers Slack;Heather Bank;Appleby-in-Westmorland;CA16 6LP;53.3569803;-3.0297754
GB EJ 048;Nicola Renison;Cannerheugh Farm;Penrith;CA10 1LA;54.7723400;-2.6084900
GB EJ 051;Messrs J H Errington;Lowther Low Moor;Penrith;CA102HH;54.6069774;-2.7349298
GB EK 009;L J Smith Family Butchers;Unit 12;Eastleigh;SO50 4NU;50.9633709;-1.2993765
GB EK 012;Wild Water Cold Storage Ltd;Boyatt Wood Industrial Estate;Eastleigh;SO50 4NT;50.9775249;-1.3677016
GB EK 014;Sizzle n Bake;Unit 12;Eastleigh;SO50 4NU;50.9633709;-1.2993765
GB EK 015;Kent Dairy Company;Unit 5 & 6;Eastleigh;SO50 4NT;50.9633709;-1.2993765
GB EK 016;Appetite Fine Foods;18 Bamber Close;Southampton;SO30 3HW;50.9273616;-1.3269658
GB EK 017;Greencore;Unit 1;Eastleigh;SO53 4ND;50.9633709;-1.2993765
GB EK 018;Tendercut Meats;Brickfields Lane;Eastleigh;SO53 4DP;52.6019673;0.3661161
GB EK 019;Adam’s Wholesale (Southampton) Ltd;6 Woodside Rd;Eastleigh;SO504ET;50.9753950;-1.3688183
GB EK 020;First Choice Gourmet Foods Ltd;Unit 3b;Hedge End;SO30 2JW;50.9171817;-1.3161329
GB EL 001;F W Read & Sons Ltd;Ulceby Grange;Alford;LN13 0HE;53.2360949;0.1283343
GB EL 016;Pocklingtons Bakery;Sunnyholme Bakery;Alford;LN13 0LD;53.3192340;0.1516523
GB EL 025;First College;North Parade;Skegness;PE25 1BY;53.1489989;0.3462468
GB EL 029;Farmer Browns Ice Cream;Woodrow Farm;Alford;LN13 9RL;53.2791201;0.2765522
GB EL 030;Lymn Bank Farm;Lymn Bank Farm;Thorpe St Peter;PE24 4PJ;53.1306500;0.2292300
GB EL 033;Sukat Processing Ltd;Unit 2C;Skegness;PE25 3SR;53.1556509;0.2814718
GB EL 035;Chucky Egg;Ingoldmells Road;Skegness;PE24 5HJ;53.1733989;0.2761331
GB EL 037;Smith Smokery;Nova Lodge;Boston;PE22 8SD;53.0741155;0.2087288
GB EL 041;Blue Sky;Bask Farm (Clapgate Farm);Horncastle;LN9 6QU;53.2252500;-0.0136100
GB EL 042;B Jarnell & Son;Massingberd Arms Farm;Skegness;PE24 5EX;53.1767792;0.2079937
GB EL 043;S & J Rhodes;Primrose Hill Farm;Market Rasen;LN8 5JE;50.6145401;-2.0195630
GB EL 044;Mr N P Scaman;The Cottage Grange Farm;Louth;LN11 0TZ;53.4042907;-0.0065012
GB EL 045;Tracey Stubbs;Barnby End;Alford;LN13 0NW;53.3364662;0.1412666
GB EL 046;Mr K Couling;Newhaven Poultry;Louth;LN11 0XG;53.4546922;-0.0006092
GB EL 047;Shane Hughes;Highfield House;Boston;PE22 8RL;53.0719284;0.1953523
GB EL 048;A H Bell;High Toynton House;Horncastle;LN9 6NL;53.2102000;-0.0874200
GB EL 049;John Roe;Shirewood House Farm;Boston;PE22 7PB;53.1532551;-0.0813734
GB EL 050;J M Walker;St Michaels Road;Skegness;PE24 4HB;50.7159708;-1.8830397
GB EN 006;Arla Foods Plc;Oakthorpe Dairy;London;N13 6BU;51.6148300;-0.0941900
GB EN 010;Snowbird Foods Limited;Wharf Rd;Enfield;EN3 4TD;51.6415738;-0.0330172
GB EN 023;OT Smoked Salmon Ltd;Unit 4 Enterprise Works;Enfield;EN3 7PY;51.6593716;-0.0270009
GB EN 031;TMC Meats Limited;;London;;51.5074456;-0.1277653
GB EN 033;E & B Meat Products Ltd;18 Stacey Avenue;London;N18 3PS;51.6175754;-0.0479166
GB EN 038;Sova Food Wholesale Limited;Unit 3A;London;N18 3BH;51.4290866;-0.1666092
GB EN 040;XPO Supply Chain UK Ltd;5 Solar Way;Enfield;EN3 7XY;51.6769178;-0.0209399
GB EN 045;Tazaki Ltd;12 Innova Way;Enfield;EN3 7FL;51.6749717;-0.0226428
GB EN 046;Hakikat Halal Meat Limited;Unit 9S Kynoch Road;London;N18 3BD;51.6150100;-0.0445900
GB EN 048;Metro Meats Limited;11 Wharf Road;Enfield;EN3 4TA;51.6415738;-0.0330172
GB EN 053;Hollyfields Farm Fresh Eggs Ltd;Unit 2;London;N18 2TQ;51.5425530;-0.1297857
GB EN 054;Benden Ltd;36 Queensway;Enfield;EN3 4SA;51.6467221;-0.0498435
GB EN 056;JJ Food Service;7 Solar Way;Enfield;EN3 7XY;51.6769178;-0.0209399
GB EN 058;Derya Meat Ltd;Unit F5;London;N18 3HU;51.6081200;-0.0375500
GB EN 059;Lider Meat Ltd;35 Harbet Road;London;N18 3HU;51.6093556;-0.0359695
GB EN 061;Master Doner;Unit G;Enfield;EN3 4SA;51.7758908;-1.4869366
GB EN 063;Daily Fish Supplies;Unit 5;Enfield;EN3 7SR;51.6825453;-0.0774356
GB EN 064;Akdeniz Sea Food;12A Commercial Road;London;N18 1TP;51.6111719;-0.0735840
GB EN 066;Beyran Meat Ltd;Unit 5A;London;N18 3HT;51.5304064;-0.0744878
GB EN 067;JW Pike;Unit A2;London;N183BA;53.7978480;-1.5478138
GB EO 001;Keloglan Dairy Ltd;Foxholes Farm;Hertford;SG13 7NT;51.6102821;-2.3250983
GB EO 003;Dawlicious;Amwell Place Farm;Hertford Heath;SG13 7RZ;51.7889033;-0.0411705
GB EO 004;Brandon Cooked Meats Ltd;Block I;Bishops Stortford;CM23 5RG;51.8731376;0.1906201
GB EQ 007;Velis Kebabs;Anderstaff Industrial Estate;Burton upon Trent;DE14 1QH;52.8145367;-1.6296034
GB EQ 017;K&B Meats Ltd;Electric Street;Burton-on-Trent;DE14 1RQ;52.8153144;-1.6238343
GB EQ 027;Field Farm Eggs Ltd;The Forge Poultry Farm;Burton on Trent;DE13 0HL;52.8400134;-1.6145705
GB EQ 029;Anslow Eggs LLP;Anslow;Burton on Trent;DE13 9QE;52.8405919;-1.6559213
GB EQ 035;Q-Mover;Rylance Farm;Barton-under-Needwood;DE138EJ;52.7617896;-1.6974525
GB EQ 036;Dalton’s Dairy;Shawcroft Farm;Ashbourne;DE62GW;53.0024478;-1.8409298
GB EQ 037;Sams Hens;The Homestead Farm;Uttoxeter;ST14 5JD;52.9469200;-1.8927500
GB EQ 038;G. E. Brookes & Partners;Lower Loxley;Uttoxeter;ST14 8RU;52.8846300;-1.9187300
GB EQ 039;First Choice Wholesale Foods Ltd;4a Ryknild Trading Estate;Burton upon Trent;DE14 1RZ;52.8216174;-1.6241279
GB EQ 040;Creative Foods Europe Ltd;76 Mosely Street;Burton upon Trent;DE14 1DS;52.8051638;-1.6411834
GB EQ 041;Lallemand UK Ltd  T/A AB Vickers;Dallow Works;Burton upon Trent;DE14 2PQ;52.8140994;-1.6434354
GB EQ 042;Harlaston (Packington) Ltd;Blakenhall Farm;Barton under Needwood;DE13 8AJ;52.7600013;-1.7475199
GB EQ 043;Field Supplies (Etwall) Ltd;Units 1 and 2;Burton upon Trent;DE14 1RY;53.9250458;-1.8230243
GB EQ 045;M A Nicholls Egg Packaging;Rose Lake Farm;Uttoxeter;ST14 8NR;52.8690500;-1.8479300
GB ER 102;Orchardlea Foods Ltd;Unit 2 The Alpha Centre;Exeter;EX2 7JG;50.7232565;-3.4632067
GB ER 105;Little & Cull Ltd;Units B&C;Exeter;EX2 7JG;53.0469796;-2.9964057
GB ES 004;Thameside Shellfish Co Ltd;Cockle Row;Leigh-On-Sea;SS9 2ER;54.8508520;-5.8152067
GB ES 005;Deal Bros;Cockle Shed 15;Leigh-On-Sea;SS9 2ER;51.5408289;0.6470896
GB ES 013;Osborne and Sons (Shellfish) Ltd;Cockle Sheds 7 & 9;Leigh-On-Sea;SS9 2ER;51.5408289;0.6470896
GB ES 015;Fuud Ltd;55 Progress Road;Leigh-On-Sea;SS9 5PR;51.5703478;0.6436504
GB ES 022;Fruits of the Sea Ltd;11 Towerfield Road;Shoeburyness;SS3 9QE;51.5322485;0.7859054
GB ES 024;Metrow Foods Ltd;Airborne Close;Leigh on Sea;SS9 4EN;51.5638127;0.6569866
GB ES 025;C & M Fishmongers;Unit 11;Southend on Sea;SS2 5RR;51.5695997;0.6789955
GB ES 026;Familiar Foods Limited;Unit 3;Southend on Sea;SS2 5SE;51.4552063;-0.9732178
GB ET 004;Wessex Country Gammon Ltd;Unit 53 Azura Close;Wimborne;BH21 6SZ;50.8410712;-1.8637958
GB ET 009;Brookes Bacon Ltd;Unit 56-61 Azura Close;Wimborne;BH21 6SZ;50.8412000;-1.8634400
GB ET 036;Green Weald Free Range Eggs;Back Lane;Salisbury;SP5 5NJ;51.5812152;-0.1242137
GB ET 037;C F Batten and Son;20 Pond Head;Wimborne;BH21 7DP;50.8400396;-1.9537819
GB ET 060;Violet Farm Foods Ltd;10/11 Uddens Trading Estate;Wimbourne;BH21 7LQ;50.8059400;-1.9260500
GB ET 061;Book & Bucket Cheese Co;Unit 2 Manor Farm;Cranborne;BH21 5RL;50.9225600;-1.9321000
GB EV 015;SJB Foods;The Old Sawmills;Sidmouth;EX10 0HP;50.6819422;-3.3120998
GB EV 019;Janvil Dairy;Moonstones;Honiton;EX14 9RA;50.8692271;-1.4084594
GB EV 042;Devon Quality Fish;Pound Lane;Exmouth;EX8 4NP;50.6328716;-3.4004821
GB EV 045;Budleigh Pate;Unit 10;Budleigh Salterton;EX9 6RJ;50.6335510;-3.3242140
GB EV 047;Denhay Farms Ltd;Devonshire Road;Honiton;EX14 1SD;50.7928872;-3.2068676
GB EV 048;Chunk of Devon Ltd;;Ottery St. Mary;;50.7465954;-3.2724332
GB EV 066;Kenniford Farm;Kenniford Farm;Exeter;EX5 1AQ;50.6980956;-3.4333272
GB EV 072;Complete Bake;Unit 1 Weycroft Avenue;Axminster;EX13 5HU;50.7903592;-2.9827879
GB EV 076;Varnier Ltd;Holyford Lane;Colyton;EX24 6HW;50.7262976;-3.0819230
GB EV 077;Devon Eel Company Ltd;Medowland Farm;Devon;EX24 6SP;50.7576200;-3.0742700
GB EV 087;Rain Nutrience;Unit 21;Honiton;EX14 4RD;50.8022051;-3.1989637
GB EV 088;Gluten Free Bakers;2-3 Orchard Units;Honiton;EX14 1YD;50.7927100;-3.2046400
GB EV 092;Ingham Fisheries;Lympstone Harbour;Exmouth;EX85JT;50.6483994;-3.4283283
GB EV 093;Trading name  Macduff Shellfish (Scotland) Ltd;Unit 1E;Woodbury Salterton;EX5 1EW;52.5070370;-2.0279150
GB EV 094;Oak Park Dairy Ltd;Broadoak Farm;Cullompton;EX152NH;50.7944000;-3.3544900
GB EV 096;The Brown Egg Farmer;Lower Westcott Farm;Talaton;EX5 2RN;50.7913900;-3.3352900
GB EV 097;Exmouth Mussels Ltd;Unit 7;Exmouth;EX8 1DU;50.6235618;-3.4020648
GB EV 098;W Persey & Sons;The Gate House;Cullompton;EX151RB;51.3153507;-0.1238360
GB EV 099;Lyme Bay Dived Scallops Limited;The Wet Fish Shop;Axminster;EX13 7RA;50.7795772;-3.0266180
GB EV 100;SMKD Foods;Brook Street;Ottery St Mary;EX11 1EZ;50.7518936;-3.2771028
GB EV 101;Greencore Direct to Store;Exeter Airport Road;Exeter;EX5 2BD;50.7308356;-3.4168646
GB EW 005;Tasty Choice Foods;Unit 4;Ilkeston;DE7 8EF;52.9824103;-1.3010404
GB EW 006;Bluebell Dairy Limited;Brunswood Farm;Dale Abbey;DE21 7BU;52.9415627;-1.4034895
GB EW 009;Im so Good;Unit 1B Smiths Yard;Nottingham;NG10 2DL;53.0168658;-1.7357413
GB EW 010;Creed Foodservice Ltd;Manners Industrial Estate;Ilkeston;DE7 8EF;52.9766428;-1.3201487
GB EW 011;Wepack Ltd;Cedar Court;Ilkeston;DE7 4RF;52.9515195;-1.3042130
GB EX 017;Ember Snacks;C/O Direct Transport;Colchester;CO6 2JX;51.9078316;0.6977300
GB EX 018;The Little Fish Company (Kelvedon) Ltd;34 High Street;Kelvedon;CO5 9AG;51.8368110;0.7004593
GB EX 019;Arthur Branwell & Co Limited;;Braintree;;51.8780320;0.5536542
GB EX 020;Wilkins Foods (Harlow) Limited;Bovingdon Hall Farm;Braintree;CM7 4AA;51.9134100;0.5370600
GB EX 021;Arthur Branwell & Co Limited;;Braintree;;51.8780320;0.5536542
GB EX 022;National Seafood Limited;Unit 19 Kestrel Park;Braintree;CM7 2SF;53.5636753;-2.7656828
GB EX 023;Milkdale Limited;Unit 7;Witham;CM8 3UZ;53.7482763;-0.3252730
GB EX 024;Reynolds Catering Supplies Ltd;Units 3 & 4;Braintree;CM7 7BA;51.8179063;0.4991846
GB EX 025;National Star Trading Limited;Cressing Farmhouse;Cressing;CM77 8JB;51.8563350;0.5890560
GB EX 026;Tiptree Patisserie Ltd;Crittal Road;Witham;CM8 3DR;51.8075507;0.6478632
GB EX 5369;Thermotraffic Ltd;1 Benfield Way;Braintree;CM7 3YS;51.8772664;0.5649810
GB EY 001;Ship To Shore;Lancaster Road;Bridlington;YO15 3QY;54.0590090;-0.2633221
GB EY 013;St Helens Farm Ltd;St Helens Farm;York;YO42 4NP;53.8439100;-0.8218200
GB EY 015;Primepak Foods Ltd;The Embankment;Driffield;YO25 9DJ;54.0005393;-0.4629348
GB EY 022;Sam Browne Foods Ltd;Unit 20;Driffield;YO25 9DJ;53.9959241;-0.4567076
GB EY 029;A.Laverack and Sons;50 High Street;Holme on Spalding Moor;YO42 4EN;53.8363632;-0.7714150
GB EY 036;H Peck & Son;7 Wednesday Market;Beverley;HU17 0DG;53.8413550;-0.4263935
GB EY 038;Healan Ingredients Ltd;Sands Top;York;YO43 4SW;53.8166829;-0.6229396
GB EY 045;TG Warkup;Villa Mill;Beeford;YO25 8AD;53.9694589;-0.2735697
GB EY 046;Park Farm Eggs;Withernwick Road;Rise;HU11 5BL;53.8619465;-0.1909016
GB EY 047;Independent Shellfishermans Co-operative (Bridlington) Ltd;South Pier;Bridlington;YO15 3AN;54.0800207;-0.1913781
GB EY 050;Coastal Shellfish;South Pier;Bridlington;YO15 3AN;54.0800207;-0.1913781
GB EY 051;Field Farm Eggs;Lower Mill Farm;South Newbald;YO43 4SU;53.8056141;-0.6283744
GB EY 052;Bridlington Shellfish Company;South Pier;Bridlington;YO15 3AN;54.0800207;-0.1913781
GB EY 054;K Fresh;Carr Farm;Rimswell;HU19 6BZ;53.7257183;-2.2280081
GB EY 056;Elliott Eggs Ltd;Manor House;Driffield;YO25 8DX;51.7133539;-1.1587638
GB EY 059;Staal Smokehouse Ltd;The Cottage;Long Riston;HU11 5SA;53.8758833;-0.3076330
GB EY 060;Yorkshire Wolds Eggs;Grange Farm;Driffield;YO25 3HP;54.5294871;-1.2205650
GB EY 061;Venture Seafoods;Wellington Way;Bridlington;YO15 3QY;51.5252538;-0.0247417
GB EY 062;J A Carlile Farms t/a Brinkworth Eggs;Mile House Farm;Market Weighton;YO43 3EU;51.2144319;-0.3423489
GB EY 067;Wansford Trout Farm;Whinhill Lock House;Driffield;YO25 8JJ;53.9852800;-0.3735400
GB EY 073;Foston Nurseries;Wold View;Driffield;YO25 8BJ;54.0013123;-0.4419406
GB EY 074;Knights Garth Eggs Ltd;Knights Garth Farm;Beverley;HU17 8QL;53.8432215;-0.4982020
GB EY 078;Cranswick Country Foods Goole Cold Store;M62 Trading Estate;Goole;DN146BZ;53.9601736;-1.1026427
GB EY 079;Hello Eggs Ltd;Marton Manor Farm;Bridlington;YO15 1DU;54.1096325;-0.1601769
GB EY 080;Bee Health Ltd;Site 1 and site 2;Bridlington;YO15 3QY;54.0605777;-0.2575807
GB EY 081;Power Health Products Ltd;Pocklington Airfield Industrial Estate;York;YO42 1NR;53.9240857;-0.8012132
GB EY 083;Bridlington Bay Shellfish Ltd;Carnaby Industrial Estate;Bridlington;YO15 3QY;54.0605777;-0.2575807
GB EY 084;C&K Wood (UK) Ltd;;Newton upon Derwent;;53.9351353;-0.9040460
GB EY 085;T Quality Ltd;Carnaby Industrial Estate;Bridlington;YO15 3QY;54.0605777;-0.2575807
GB EY 088;Eggiton.com Ltd;Knights Garth Farm;Bishop Burton;HU17 8QL;53.8432215;-0.4982020
GB EY 089;Rose Cottage Bakery Ltd;;Garton on the Wolds;;54.0214998;-0.5022706
GB EY 091;Zenuro Foods;Beck Hill;Bridlington;YO15 3BD;54.0831382;-0.1934293
GB EY 092;Rose Cottage Farm Shop;Kelleythorpe Farm Shop;Driffield;YO25 9DW;53.9942837;-0.4562781
GB EZ 016;Dish Food Limited;The Pie Shed;Danbury;CM3 4AB;53.6909766;-1.6965354
GB EZ 017;M & P Trading & Importing Ltd;56 Bancrofts Road;Chelmsford;CM3 5UQ;51.6506842;0.6195845
GB EZ 020;Spring Food Limited;Five Tree Works Unit 15;Chelmsford;CM28LD;51.6868300;0.4763800
GB EZ 021;Robert Miller Ltd;Hicks Farm;Chelmsford;CM2 8UG;51.5244162;-2.4986362
GB EZ 024;Leathams Limited;1-7 Beaufort Road;Chlemsford;CM2 6TJ;51.4518556;-0.3126030
GB EZ 025;Farmer Pauls Limited;Farm Office;Ingatestone;CM4 0PR;51.6936600;0.3618100
GB EZ 026;Reynolds Catering Supplies Ltd;Chelmsford Depot;Chelmsford;CM1 3AG;51.7240917;0.4494976
GB EZ 027;Naslada Selection LTD;158 Meadgate Avenue;Chelmsford;CM2 7LJ;51.7244605;0.4903830
GB EZ 028;The Origin Company;Great Prestons Farm;Ingatestone;CM4 9RN;51.6591900;0.4757400
GB EZ 029;Woodberry Farm;Stables at Tylde Hall Farm;Billericay;CM11 1HL;51.6380318;0.4468338
GB EZ 030;A & Co Limited;Highlands Farm;Chelmsford;CM3 8EB;50.9948845;-0.1979942
GB EZ 031;Product Fulfilment Ltd;Unit 15;Chelmsford;CM1 4LN;51.7292376;0.4341555
GB EZ 032;Pick Pack N Post Ltd;Unit 36;Chelmsford;CM14LN;51.7292376;0.4341555
GB FA 007;Malcolm Allan Limited;2 Central Boulevard;Larbert;FK5 4RU;56.0322245;-3.8356839
GB FA 014;MGW Seafoods Ltd;Unit 6 The Redhouse;Reddingmuirhead;FK2 0DT;55.9807789;-3.7396390
GB FA 017;Bakkavor Salads Boness;Victoria Sawmills;Boness;EH51 9SG;56.0169910;-3.5801000
GB FA 018;Bidfood Scotland Larbert;Unit K;Larbert;FK5 3NS;51.7762776;-1.4873527
GB FA 020;Made 4 You Foods Ltd;The Yard;Boness;EH51 0PU;52.2416043;-1.7351230
GB FA 1648;Campbells Prime Meat Ltd;The Heatherfield;By Lintithgow;EH49 6LQ;55.9782276;-3.6603295
GB FB 001;Bakkavor Meals Abbeydale;268 Abbeydale Road;Wembley;HA0 1TW;51.5397941;-0.2863162
GB FB 002;Hang Fong Food Products;Unit G4-G5;Wembley;HA9 7XX;51.5662300;-0.3050000
GB FB 010;Hermolis;276 Abbeydale Road;Wembley;HA0 1TW;51.5397941;-0.2863162
GB FB 016;UPB Products;Unit 46 Sapcote Estate;Willesden;NW10 2DJ;51.5500800;-0.2422100
GB FB 038;CLS Airline Supplies Limited;2.16 Wembley Commercial Centre;Wembley;HA9 7UR;51.5664200;-0.3051100
GB FB 041;Gazebo Fine Foods;;Wembley;;51.5531547;-0.2957562
GB FB 043;Colonial World Foods UK Ltd;Unit 5-6 Townsend Industrial Estate;London;NW10 7NU;51.5351675;-0.2624797
GB FB 045;Bakkavor Meals Cumberland;40 Cumberland Avenue;Park Royal;NW10 7RQ;51.5305208;-0.2747058
GB FB 051;T & S Enterprises Ltd;458 Heather Park;Wembley;HA0 1SS;51.5430822;-0.2818761
GB FB 053;M & J Seafoods;Unit 4;Park Royal;NW10 7NZ;51.5293874;-0.2717951
GB FB 054;Bighams Ltd;2 McNichol Drive;Park Royal;NW10 7AW;51.5338607;-0.2683851
GB FB 056;Schwartz Ltd;36 Stadium Business Cnetre;Wembley;HA9 0AT;51.5610600;-0.2727600
GB FB 068;The Banana Tree Restaurants Ltd;Unit 20;Brent;NW10 2XA;51.5731471;-0.2338341
GB FB 073;Milkys (UK) Ltd;2 NCR Business Centre;Park Royal;NW10 0AB;51.5530199;-0.2533100
GB FB 075;Tasty Central;5 Whitby Avenue;Park Royal;NW10 7SF;51.5324564;-0.2762700
GB FB 077;Zoe Foods Ltd;4 Pop In Commercial Centre;Wembley;HA9 0HB;51.5554997;-0.2787608
GB FB 080;Meltz Treats Ltd;R/O 153-157 Harrow Road;Wembley;HA9 6DN;51.5488399;-0.2803195
GB FB 083;Guiding Star Foods Limited;Unit 14;London;NW10 0UR;51.4766826;-0.1993821
GB FB 084;Sun Fung Food Products Ltd/ Little Moons Ltd;;Park Royal;;51.5284366;-0.2797183
GB FB 089;Diamond Food Sales Ltd;Unit 5 Manor House;Wembley;HA0 1BN;51.4702118;-0.3234445
GB FB 092;Katsouris Brothers Limited;257-258 Water Road;Wembley;HA0 1HX;51.5399282;-0.2877298
GB FB 096;Tri Circle Food Trading Ltd;Unit 3 Towers Business Park;Wembley;HA9 0LQ;51.5564899;-0.2710600
GB FB 097;Soju Kitchen Limited T/a J Gourmet;Units 4.12 - 4.14;Wembley;HA9 7XX;51.5662300;-0.3050000
GB FB 099;Browns Seafoods;Units A3 and B6;London;NW10 7QY;51.5333100;-0.2763100
GB FB 103;Tri Circle Food Trading Ltd;Unit 13;Willesden;NW10 9ST;51.5474984;-0.2245946
GB FB 104;Ippudo London;Unit 104-107;London;NW10 7NH;51.1636247;-2.9916811
GB FB 105;Alnawas Dairies Ltd T/A Al Sada;Unit 7;Wembley;HA0 1NR;51.5564050;-0.2837471
GB FB 108;Comptoir CPU (Levant Group);717b;Neadsden;NW2 7AH;51.5703273;-0.2401552
GB FB 109;Reich Caterers;Unit 10;London;NW10 0UF;51.5287771;-0.2759762
GB FB 111;Fiorellas Kitchen Ltd;Unit 12;London;NW10 7SF;51.4881322;-0.2878415
GB FB 114;Port Royal;264 Water Road;Wembley;HA01HX;51.5399282;-0.2877298
GB FB 115;Meat Lords;94-96 Queensbury Road;Wembley;HA0 1QG;51.5372429;-0.2858901
GB FB 116;La Tua Pasta;Unit 3 & 4;London;NW107XT;51.5163321;-0.2141420
GB FB 117;Sapna Catering;265 Water Road;Wembley;HA01HX;51.5399282;-0.2877298
GB FB 120;The Real Greek;Units 5-6;London;NW10 7QZ;52.3107658;-0.3772949
GB FB 123;Tajimaya UK Ltd;Unit 314-316 321 and 214 Acton Lane;London;NW107NH;51.5328650;-0.2630853
GB FB 124;JX Foods Limited;Unit 104 105 111;Park Royal;NW10 7QL;51.5301023;-0.2730836
GB FB 125;La Latteria;Unit 5 Cumberland Business Park;London;NW10 7RT;51.5292939;-0.2769944
GB FB 127;Wasabi;Unit 5;London;NW10 7FW;51.5000896;-0.2744105
GB FB 134;M and S Foods Ltd;278 A Abbeydale Road;Wembley;HA01TW;51.5397941;-0.2863162
GB FB 135;Scandinavian Kitchen Ltd;Unit A9;London;NW10 7QQ;52.5333760;-2.0277414
GB FB 143;Auntie Ela from London;15 Tiverton Road;London;HA0 1HS;51.5374675;-0.2964183
GB FB 146;4 Seasons Wembley Ltd;Unit 4;Wembley;HA0 1NR;51.5523104;-0.2551902
GB FB 148;Opus Provisions Limited;9 Townsend Industrial Estate;London;NW10 7NU;51.5351675;-0.2624797
GB FB 150;Leo Foods;Unit 4;Park Royal;NW10 7AT;51.5293874;-0.2717951
GB FB 151;Goldstein Salmon Curers;Units 1 (A+B);Kingsbury;NW9 0HD;53.1688901;-1.0536661
GB FB 152;Maman Cook;Unit 8;Wembley;HA0 1NR;51.5535939;-0.2919520
GB FB 154;Lune + Wild;Unit 210;London;NW10 7QL;52.4839475;-1.8988154
GB FB 155;Raga’ Foods Limited;Unit 25;Wembley;HA0 1HX;51.5533554;-0.2868812
GB FB 157;Shoryu Rameen Ltd;Unit B;London;NW10 7NZ;51.5365953;-0.2743589
GB FB 158;La Tua Pasta;Units 106 & 206;London;NW10 7QL;51.5301023;-0.2730836
GB FB 159;The Yum Yum Food Company Ltd;14 Carlisle Road;London;NW9 0HL;51.5385281;-0.2095095
GB FB 161;Ammoura Ltd;Unit 10;London;NW10 7SU;51.5287771;-0.2759762
GB FB 162;Eight White Limited;5G Atlas Business Centre;London;NW2 7HJ;51.5680490;-0.2323131
GB FB 163;Brasfood Limited;26 Sapcote Trading Centre;London;NW10 2DH;51.5503900;-0.2423000
GB FB 164;Booya Gelato I Scream;Unit 10;London;NW10 2DH;51.5287771;-0.2759762
GB FB 167;Halal & Veg Star Cuisine;Unit 4.3 Building A;Wembley;HA9 7XX;51.5662300;-0.3050000
GB FB 168;Far East Food Ltd;Unit 4.4;Wembley;HA9 7UR;51.7767243;-1.4825695
GB FB 169;HSA Foods;5 Drury Way Industrial Estate;London;NW10 0TG;51.5550250;-0.2627534
GB FB 170;B Bagel Trading Ltd;Unit 3;London;HA0 4PE;51.4760967;-0.2000736
GB FB 171;Hansun;14 Poplar View;Wembley;HA9 7RD;52.1405866;0.4540789
GB FB 174;The English Cheesecake Ltd;Unit 1;London;NW2 7JA;51.5297278;-0.2706210
GB FB 175;Andre;Unit 6;London;NW9 8XG;51.4764128;-0.1994318
GB FB 176;IV Season PVT Ltd;Unit A;Wembley;HA0 1UR;51.7757699;-1.4870197
GB FB 177;Priya Fine Foods;2 Abbey Manufacturing Estate;Wembley;HA0 1NR;51.5393074;-0.2925477
GB FB 178;Gate Gourmet Heathrow Ltd;Encore Kitchen Unit 32 - 36;London;NW9 8XG;51.5821476;-0.2588944
GB FB 179;Nova Chef;Encore Kitchens Unit 4;London;NW9 8XG;51.5821476;-0.2588944
GB FC 015;Andrews Continental Delicacies Ltd - Andrews Artisan Meats;2-4 Muslin Street;Salford;M5 4NF;53.4803387;-2.2688379
GB FC 017;Glendale Foods Ltd;Glendale House;Salford;M6 6WF;51.4554854;-0.2995879
GB FC 018;Hargreaves Quality Foods Limited;Units 1 & 2;Salford;M28 0GP;53.5371314;-2.4423301
GB FC 019;Grunsfeld Fine Foods Limited;Unit 3;Salford;M7 2BL;53.4811791;-2.2643274
GB FC 020;Creamline Dairies Ltd;Weymouth Road;Manchester;M30 8WL;53.4886943;-2.3641779
GB FC 028;Pesto Restaurants;Unit 14 Wharfside Business Park;Salford;M44 5PN;53.4343500;-2.4185200
GB FC 031;Freshly Med;Unit 9;Salford;M50 1EW;53.4684652;-2.2761406
GB FC 033;We Can Foods Limited;Unit 15 Wardley Industrial Estate;Swinton;M28 2LA;53.5158000;-2.3601400
GB FC 034;Bidfood;3663 Manchester Depot;Salford;M6 6TZ;53.5006177;-2.2902353
GB FC 035;SIS Ltd (Specialist Ingredients Solutions Ltd);Unit 1;Salford;M5 4WN;53.4691260;-2.2760634
GB FD 001;Netherend Dairy;Netherend Farm;Lydney;GL15 6NN;51.6995099;-2.5874900
GB FD 002;Charles Martell & Son;;Dymock;;51.9881487;-2.4165381
GB FD 006;Severn & Wye Smokery;Chaxhill;Westbury on Severn;GL14 1QW;51.8265166;-2.3826780
GB FD 008;Smarts Traditional Cheese;Old Ley Court;Churcham;GL2 8AR;51.8633800;-2.3785000
GB FD 013;R.G & S.P Jones - Hillbrookes Farm Ice Cream;Hillbrook Farm;Newent;GL18 2BS;51.9618400;-2.4883900
GB FD 015;Severn & Wye Smokery;South Cottage;Minsterworth;GL2 8LA;51.8296397;-2.3683223
GB FD 018;Pembrose Farm Eggs;Pendrose Farm;Minsterworth;GL2 8JU;51.8485400;-2.3648400
GB FD 019;The Pie House at Cinderhill Farm Ltd;Unit 3;Cinderford;GL14 3HE;51.7908625;-2.5029053
GB FD 020;Arbournes Country Kitchen Ltd;Unit 5;Mitcheldean;GL17 0DS;52.2848172;-1.9412315
GB FD 021;OMG Foods Ltd;Bradley Farm;Mitcheldean;GL17 0DR;54.2557719;-2.7524462
GB FD 023;Camphill Village Trust;Littledean Road;Newnham On Severn;GL14 1HS;51.8327347;-2.4870953
GB FD 024;Wessex Game;Longcroft Moat Lane;Taynton;GL19 3AR;51.8909400;-2.3924599
GB FD 025;Nurshill Farm Eggs;Nurshill Farm;Lydney;GL15 4LP;51.7398174;-2.4928993
GB FE 002;StoreLogs Limited;20-24 Marwick Road;March;PE15 8PW;52.5656619;0.0914005
GB FE 007;Greencore Prepared Meals;Weasenham Lane;Wisbech;PE13 2RD;52.6532100;0.1645171
GB FE 010;Princes;Lynn Road;Wisbech;PE13 3DG;52.6689218;0.1654037
GB FE 011;March Foods Limited;Martin Avenue;March;PE15 0BJ;52.5640545;0.0674858
GB FE 012;P.G. Amps;Algores Way;Wisbech;PE13 2TQ;52.6522484;0.1553955
GB FE 019;Lineage UK Warehousing Ltd;101 Boleness Road;Wisbech;PE13 2XQ;52.6474243;0.1531227
GB FE 021;L & A.E Munns;Westmoor Farm;Chatteris;PE16 6SD;54.0203956;-2.8838418
GB FE 025;Fruitpig Company Ltd;Unit 6;Wisbech;PE13 2TY;52.6458051;0.1580362
GB FE 027;D&Rs Farm Ltd;Plot 35 & 36;Chatteris;PE16 6XG;52.5229796;0.5179969
GB FF 006;Country Dairy Products Ltd;Red Lion Farm;Stafford;ST18 9JG;52.7783079;-2.2017207
GB FF 009;Wells Farm Dairy;The Wells Farm;Bradley;ST18 9EE;52.7580300;-2.1777099
GB FF 014;Bevs Bakery;Unit 22a;Stone;ST15 8LQ;52.9094207;-2.1630886
GB FF 023;Edwards Transport (Shropshire) Ltd;110 Raleigh Hall Industrial Estate;Stafford;ST21 6JL;52.8738078;-2.2472907
GB FF 024;Culina Logistics Ltd;Mustang Drive;Stafford;ST16 1GW;52.8298252;-2.1407583
GB FF 025;REL Storage and Logistics Ltd;Stone Business Park;Stone;ST15 0SS;52.8856476;-2.1503809
GB FF 026;The Wissage Bakehouse;Little Aston Farm;Stafford;ST18 9LJ;52.8077800;-2.1681100
GB FG 007 M;Harvey and Brockless;44-54 Stewarts Road;London;SW8 4DF;51.4766663;-0.1422717
GB FG 034;Seang Lee;331 Battersea Park Road;London;SW11 4LS;51.4743732;-0.1559226
GB FG 038;Hiep Doan;Unit 4F;London;SW8 4AS;53.8124295;-1.7618961
GB FG 041;Gourmet House UK Ltd;Unit 136;London;SW8 5EN;51.4781100;-0.1356800
GB FG 047;Exmoor Caviar;Unit 7;London;SW11 2QL;51.4764656;-0.1993259
GB FG 050;Slow Down Eat Up;Unit 14;London;SW11 5QL;51.4766826;-0.1993821
GB FG 053;Bidfood Food Service;Battersea Depot;London;SW8 3HJ;51.4722400;-0.1471600
GB FG 056;Freedown Food Company Ltd;Unit 43;London;SW8 3QR;52.5260622;-2.0247019
GB FG 057;Emporio Della Pasta;Unit 19;London;SW17 0AR;51.5326329;-0.1269642
GB FG 058;Food Republic Services Ltd;Unit 3;Battersea;SW8 3HE;51.4766588;-0.1475592
GB FG 059;Wholegood;Unit IUD 02;London;SW8 5EL;51.4793100;-0.1326000
GB FG 060;Porchetta & Grill Limited;15-17 Este Road;London;SW11 2TL;51.4672933;-0.1686678
GB FG 061;Fine Mediterranean Foods;Unit 40;London;SW17 0BA;51.3530849;-0.0936766
GB FG 062;Westminster Meat Market Ltd;3-4 Carmichael Close;London;SW11 2HS;51.4653497;-0.1756741
GB FG 063;Fromagerie Beillevaire UK Ltd;4 The Swan Centre;London;SW17 0AR;51.2960224;-0.3280462
GB FJ 001;Mother’s Bites Limited;2 Blackwater Close;Chelmsford;CM1 7QJ;51.7512215;0.4805219
GB FL 002;Folkestone Trawlers Ltd;1 Fish Market;Folkestone;CT19 6AA;51.0803597;1.1870485
GB FL 004;Thermotraffic Ltd;Unit R1-R8;Lympne;CT21 4LR;51.0787199;1.0126800
GB FL 010;Mister Ham Man;Unit 63 Folkestone Enterprise Centre;Folkestone;CT19 4RH;51.0933918;1.1498573
GB FL 012;Chummys Limited;Ocean House;Folkestone;CT20 1LA;51.4929157;0.0685983
GB FL 016;Perishable Movements Ltd;Ashby House;Hythe;CT21 4LR;52.4159067;-1.5112304
GB FL 017;Jubilee Farm;Lower Court Hope Farm;Canterbury;CT4 6DS;51.1679399;1.0598018
GB FM 007;Cavendish Ship Stores Ltd;Unit 2;Fareham;PO14 4LW;50.8656251;-1.2145786
GB FM 009;Hungry Monsters Ltd;5 Barratt Industrial Park;Fareham;PO15 5SL;50.8701200;-1.2575500
GB FM 020;Foods of Europe;Polarkold;Fareham;PO15 5SD;50.8697070;-1.2492858
GB FM 022;Redstar Foodservice Ltd;26 Brunel Way;Fareham;PO155SD;50.8678450;-1.2470450
GB FM 023;Food Lynx Limited;C/O Polarkolk Ltd;Fareham;PO15 5SD;50.8697070;-1.2492858
GB FM 024;Barrett and Page Ltd;c/o Polarkold;Fareham;PO15 5SD;50.8697070;-1.2492858
GB FM 025;T Quality;Unit O;Fareham;PO16 8TT;56.4824818;-2.8897611
GB FM 026;Booker Retail Partners;2-4 Dewar Close;Fareham;PO15 5UB;50.8720138;-1.2561970
GB FM 027;Kingsbridge Creek;23 Brunel Way;Fareham;PO15 5SD;50.8703136;-1.2521398
GB FM 028;HK Tasty;128 Gosport Road;Fareham;PO15 5SD;50.8267236;-1.2144197
GB FM 029;Freshly Fermented;Unit 6;Lee-On-Solent;PO13 9FU;51.5114405;-0.0656321
GB FM 630;Polarkold Ltd;23 Brunel Way;Fareham;PO15 5SD;50.8703136;-1.2521398
GB FP 003;Dairy Partners (Cymru Wales) Limited;The Creamery;Newcastle Emlyn;SA38 9DQ;52.0343039;-4.4569611
GB FP 006;Cwm Farm Dairy;Cwmffrwd;Carmarthen;SA31 2LP;51.8327600;-4.2894200
GB FP 009;Caws Cenarth;Fferm Glyneithinog;Newcastle Emlyn;SA37 0LH;52.0170890;-4.5266573
GB FP 018;Leslie A Parsons & Sons;Ashburnham Works;Llanelli;SA16 0ET;51.6810725;-4.2553323
GB FP 020;A and G Williams;24 Park View;Llanelli;SA14 8BH;51.6993197;-4.1437311
GB FP 026;Albert Rees Cig Moch a Mwy;Arfyn;Carmarthen;SA32 8DX;51.7943472;-4.3057281
GB FP 030;Tywi Valley Foods Ltd;Ystrad Isaf Farm;Carmarthen;SA32 7LQ;51.8638985;-4.1900456
GB FP 033;Farm Fresh Fillings Ltd;Units E F & G;Llanelli;SA14 6RZ;51.7902900;-4.0809600
GB FP 046;Gower View Foods Ltd;Plot 2;Cross Hands;SA14 6RZ;51.7964889;-4.0831032
GB FP 069;Henrietta’s Heaven;Llety Tegan Farm;Rhydargaeau;SA32 7HY;51.9242400;-4.2610200
GB FP 070;Sancler Organic;Glancynin Farm;St Clears;SA33 5JR;51.7711200;-4.3921000
GB FP 078;Farm Fresh Cooked Meats;Castell Howell Foods Ltd;Carmarthen;SA31 2BN;51.8538100;-4.3039500
GB FP 081;Little Welsh Deli;24 Delta Lakes Enterprise Centre;Llanelli;SA15 2DR;51.6659200;-4.1543700
GB FP 084;Whitfish Ltd;Unit 1.22 - 1.23;Burry Port;SA16 0FB;51.6867100;-4.2298000
GB FP 086;Myrddin Heritage Ltd;Llwyncrychyddod;Carmarthenshire;SA33 6JS;51.9486700;-4.2963400
GB FP 087;The Baker Pig;Tyr Cwm Farm;Ammanford;SA18 1DB;51.8121099;-3.8545400
GB FP 089;Deri Page Family Butchers Limited;Pentre Road;St Clears;SA33 4AA;51.8198585;-4.4966517
GB FP 092;Towy Valley Milk;Penybanc Uchaf;Llanarthne;SA32 8LB;51.8599000;-4.1600300
GB FP 093;Fforest Farm Milk;Fforest Farm;Whitland;SA34 0LS;52.0638034;-4.6429385
GB FP 095;Fforest Isaf Farm Eggs;Fforest Isaf;Kidwelly;SA17 5NG;51.8071900;-4.2869100
GB FP 096;Moch Coch;Penrallt;Carmarthen;SA33 6PB;53.0743729;-3.0423952
GB FP 097;Llaeth Beynon Dairy;Goitre Fach;Pontarddulais;SA4 0YA;51.7252800;-4.0820299
GB FP 101;Chris Rogers & Son Ltd;19-20 Lammas Street;Carmarthen;SA31 3AL;51.8564691;-4.3123840
GB FP 103;Castell Howell Foods Cash and Carry Butchery;Myrtle Hill;Carmarthen;SA14 8NA;51.4809147;-2.6862097
GB FP 104;Calon Wen Dairy Produce Limited;Plas y Coed Warehouse Stores;Carmarthen;SA32 8BH;51.8347357;-4.1868647
GB FP 105;Marios Ice Cream;Unit A B & H Cross Hands Food Park;Llanelli;SA14 6RZ;51.7902900;-4.0809600
GB FP 107;Y Pantri Bach;Garage 1;Llanelli;SA14 6sp;51.7042939;-4.0699203
GB FP 108;Lean Kitchen Ltd;Unit 14b;Carmarthenshire;SA14 8ND;51.5782665;-2.9339500
GB FP 109;Llaethdy Cwm Gwendraeth Dairies CYF;Penrhiw Farm;Llanddarog;SA32 8BY;51.8249100;-4.1920200
GB FP 110;Cheng Xin Trade Ltd;Unit 15;Carmarthenshire;SA14 8NA;51.6790043;-4.1311256
GB FP 112;Sunbay Fish Ltd;Unit A;Carmarthenshire;SA31 1SA;51.7757699;-1.4870197
GB FP 114;Carmarthenshire Free Range Eggs;Frowen Farm;Carmarthenshire;SA34 0TP;51.8888000;-4.6298899
GB FP 115;Norton and Yarrow Cheese Ltd;Pencrug;Carmarthenshire;SA19 9SL;51.8866956;-3.9976336
GB FP 116;Prima Foods Uk Ltd;Glanlliedi Business Park;Llanelli;SA14 8PD;51.6945300;-4.1329300
GB FR 006;Essentia Protein Solutions Ltd;;Tipton;;52.5290396;-2.0693747
GB FR 034;KTC (Edibles) Ltd;J S House;Wednesbury;WS10 7DE;53.4968923;-2.2448253
GB FR 036;Panesar Foods Ltd;Black Lake;West Bromwich;B70 0PD;52.5324619;-2.0094047
GB FR 040;BJ Cheese Packaging Limited;345 Heath Street;Smethwick;B66 2QY;52.4919542;-1.9467735
GB FR 045;Scriven & Thornton Fine Foods Limited;101 High Street;Cradley Heath;B64 5HE;52.4716323;-2.0836740
GB FR 048;Panesar Foods Limited;2 Cliff Drive;Tipton;DY4 0PZ;52.5430900;-2.0327148
GB FR 049;Sandwell & West Birmingham Hospitals NHS Trust;Rowley Regis Hospital;Rowley Regis;B65 8DA;52.4811709;-2.0522241
GB FR 050;Scheff Foods Ltd;;Smethwick;;52.4968157;-1.9739174
GB FR 057;Jalal Foods Limited;Unit 3 Maple Court;Smethwick;B66 1RB;52.5044737;-1.9921413
GB FR 058;Halgurd Foods;Unit E2 E9 & E10;Tipton;DY4 9DD;52.5340000;-2.0721300
GB FR 059;East End Foods Ltd;East End House;West Bromwich;B71 4EA;50.9203407;-0.1094737
GB FR 060;Kingston Butchers LLP;4 Oak Court;Smethwick;B66 1QG;52.5053346;-1.9976537
GB FR 062;UK Kebabs;Unit 7;Wednesbury;WS10 7JN;52.5411592;-2.0258655
GB FR 063;M.R.J Willis Fish Ltd;Factory Road;Tipton;DY4 9AU;52.5317886;-2.0729198
GB FR 066;Manor Abbey Foods;Unit 8;Cradley Heath;B64 7RW;52.4695337;-2.0912722
GB FR 067;Continental Ice Cream Foods Ltd;88 Birchfield Lane;Oldbury;B69 2AY;52.4959134;-2.0206478
GB FR 068;Miti Cook Limited;22A Pope Street;Smethwick;B66 2JP;52.5013574;-1.9623574
GB FR 069;Fresh Meat and Poultry Ltd;Unit 4;West Bromwich;B70 9BY;52.5079637;-1.9983897
GB FR 070;Muscle Food Ltd;Units 4-7;West Bromwich;B70 0ST;52.5114294;-2.0174917
GB FR 072;Golden Foods (Birmingham);12-12a Halberton Street;Smethwick;B66 2QP;52.4887564;-1.9476737
GB FR 073;Zahra Food Distribution Ltd;Potters Lane;Wednesbury;WS107LH;52.5502656;-2.0261554
GB FR 076;KCH Catering Limited;Unit P;Birmingham;B21 8LE;51.4705570;-3.1402701
GB FR 077;Shanz Services Ltd;Unit 5 & 6;Oldbury;B65 0PY;52.5082238;-2.0194737
GB FR 078;Faaz Foods Limited;Unit 82;Oldbury;B69 2RE;52.5015054;-2.0219325
GB FR 079;Freshways Limited;Unit 23;Smethwick;B66 2DZ;52.5067897;-1.9914497
GB FR 080;AASO Foods Limited;Unit 21;Smethwick;B66 1RD;52.5042059;-1.9929809
GB FR 082;Pure Grill Foods Limited;Dorford Building;Wednesbury;WS100BU;52.5490550;-2.0167363
GB FT 006;Heckfield Park Farm Limited;Heckfield Park Farm;Hook;RG27 0LD;51.3439200;-0.9504100
GB FT 007;Beeutiful Oaks;1 Barford Close;Fleet;GU51 3HJ;51.2770274;-0.8169071
GB FT 008;Lynnes (like Mum Used To Make) Cakes;34 Frere Avenue;Fleet;GU51 5AP;51.2738921;-0.8527788
GB FW 001;MacNeills Smoke House Ltd;Building 338;Droitwich;WR9 0NR;52.3349600;-2.1841500
GB FW 002;Tony’s Delight UK Ltd;Unit 4;Kidderminster;DY11 7PZ;52.3812851;-2.2920891
GB FY 022;Kepak;St. Georges Park;Preston;PR4 2DZ;53.7858223;-2.8918183
GB FY 023;Laleham Health and Beauty Ltd;Fairfield;Kirkham;PR4 3JA;51.5975339;-3.7944947
GB FY 026;Derby Hill Dairy;Derby Hill Farm;Preston;PR4 3WA;53.7973400;-2.9163500
GB FY 027;OCD Packaging Ltd;;Preston;;53.7593363;-2.6992717
GB FY 031;Natures Aid Limited;St Georges Park;Preston;PR4 2DQ;53.7862841;-2.8920240
GB GA 020 M;The Crolla Ice Cream Company Ltd;48 Jessie Street;;G42 0PG;55.8348940;-4.2416307
GB GA 025;Calder Millerfield Limited;213 Nuneaton Street;;G40 3DX;55.8449623;-4.2150679
GB GA 029;Argo Foods Limited;47 Coxhill Street;;G21 1HL;55.8761365;-4.2454823
GB GA 038;Pars Foods Ltd;12 Glentanar Road;Glasgow;G22 7XS;55.8947315;-4.2583308
GB GA 050;Marine Products Scotland;25 Mossend Lane;;G33 4DD;55.8639486;-4.1473217
GB GA 052 B;Kilo Shellfish Limited;8 and 9 Moorpark Industrial Estate;Ibrox;G51 2HF;55.8557294;-4.3137059
GB GA 056;Subzi Spice;28 Laverockhall Street;Glasgow;G21 4AB;55.8762992;-4.2286010
GB GA 065;Angelbond Limited;11 Keppochhill Place;;G21 1HS;55.8752805;-4.2439747
GB GA 068;H F Food Supply Ltd;506 Calder Street;;G42 0QD;55.8352422;-4.2475808
GB GA 069 A;Trawlpac International Limited;Block 12A/4;Glasgow;G52 1BD;55.8495500;-4.3314400
GB GA 083;Bernard Corrigan Ltd;1 Keppochhill Place;;G21 1HS;55.8752805;-4.2439747
GB GA 088;John Vallance;Block D Unit 12;Glasgow;G21 2DU;55.8690393;-4.2145247
GB GA 090;Pietros Deli Speciality Italian Sausage;Unit B5;15 Carmyle Avenue;G32 8HL;55.8407918;-4.1608585
GB GA 091;Andrew McDicken Ltd;Fish Market South Unit D16;Glasgow;G21 2DU;55.8690393;-4.2145247
GB GA 093;The Fish People;Unit D10;Glasgow;G21 2DU;53.0448863;-2.9892526
GB GA 103;Lomond Fine Foods Limited;75 Keppochhill Drive;;G21 1HX;55.8766136;-4.2424880
GB GA 106;Failte Foodservice Ltd;East Warehouse;Glasgow;G21 2DU;55.8690393;-4.2145247
GB GA 107;Leeshun Catering Supplies Limited;380 Townmill Road;;G31 3AN;55.8656075;-4.2221623
GB GA 108;Scot West Shellfish Limited;Block E Unit 5;Glasgow;G21 2DU;55.8690393;-4.2145247
GB GA 109;Punjab Poultry and Meat Limited;69 Coxhill Street;;G21 1HL;55.8761365;-4.2454823
GB GA 110;Tong Xiang Hang Limited;442 Denmark Street;;G22 6DB;55.8875640;-4.2517492
GB GA 113;WAA Eddie Limited;Block D Unit 16;Glasgow;G21 2DU;55.8690393;-4.2145247
GB GA 115;Norfolk Logistics Cold Storage and Distribution Limited;7 Wellbeck Road;;G53 7SD;51.6431395;-0.1654937
GB GA 116;Move On, FareShare Glasgow and the West of Scotland;1070 South Street;;G14 0AP;55.8752753;-4.3473164
GB GA 118;Crystals Food Ltd;34 Stanley Street;Glasgow;G41 1JB;55.8521469;-4.2802623
GB GA 119;Breadwinners Nursery Catering;19 Moffat Street;;G5 0PD;55.8483292;-4.2405487
GB GA 120;Hakan Foods Limited;84 Coxhill Street;;G21 1HL;55.8761365;-4.2454823
GB GA 121;AA Factory1 Ltd;90 Renfield Street;;G2 1NH;55.8638598;-4.2555901
GB GA 122;Dominos Supply Chain Centre;53 Clydesmill Road;;G32 8RE;55.8281878;-4.1695381
GB GA 123;Glasgow Sandwich Company;Unit 1;M8 Food Park;G21 1HS;51.7767415;-1.4870678
GB GA 124;C Carnevale Ltd;90 Pitches Road;;G51 4EB;55.8541958;-4.3499351
GB GA 125;Glencore Logistics - Glasgow;20 Colliery Street;;G32 8SP;55.8382956;-4.1783824
GB GC 006;Bham Bros;11 Pembroke Street;Gloucester;GL1 4EG;51.8597065;-2.2396257
GB GC 007;Gloucester Biltong Company Ltd;Unit 7;Gloucester;GL1 4JD;51.8671333;-2.2470612
GB GC 009;Lineage;Corinium Avenue;Gloucester;GL4 3HX;51.8663692;-2.2067682
GB GD 002;Great Hookley Farm Limited;Hookley Lane;Godalming;GU8 6JD;51.1807561;-0.6949235
GB GD 009;Cheese on the Wey Ltd;The Old Dairy Pierrepont Farm;Frensham;GU10 3BP;51.1784040;-0.7775545
GB GE 001;Leivers Brothers Limited;86 Brookfield Road;Nottingham;NG5 7ER;53.0024967;-1.1213329
GB GE 002;United Continental Foods Ltd;Unit 15 Newstead Industrial Estate;Nottingham;NG15 0DQ;53.0727900;-1.2267800
GB GE 003;Deli Conti Food Service;Unit 1 Pintail Close;Nottingham;NG4 2SG;52.9585596;-1.0672179
GB GG 005;Grimsby Fish Dock Enterprises Ltd;Wharncliffe Road;Grimsby;DN31 3QJ;53.5816956;-0.0688317
GB GG 105;Constellation Cold Logistics UK Ltd;Stage 1;Grimsby;DN31 3AS;53.5706587;-0.0536241
GB GG 106;Arctic Breeze;North Quay;Grimsby;DN31 3SY;53.5806129;-0.0608525
GB GG 108;Constellation Cold Logistics UK Limited;Birchin Way;Grimsby;DN31 2SG;53.5756873;-0.0996111
GB GG 110;Constellation Cold Logistics UK Ltd;Stage 5;Grimsby;DN31 2TG;51.6574590;-0.2696000
GB GG 114;Constellation Cold Logistics UK Ltd;Stage 3;Grimsby;DN31 3SW;52.3057029;0.2530875
GB GG 115;Constellation Cold Logistics UK Ltd;Stage 4;Grimsby;DN31 3SW;52.3057029;0.2530875
GB GG 116;N H Case;Orwell Street;Grimsby;DN31 3HB;53.5752454;-0.0691161
GB GG 124;Cawoods;Estate Road;Grimsby;DN31 2TG;53.5753802;-0.1136850
GB GG 129;MTL;8 Riby Street;Grimsby;DN31 3HF;53.5755063;-0.0683661
GB GG 132;Alfred Enderby;Maclure Street;Grimsby;DN31 3NE;53.5787548;-0.0700350
GB GG 140;Will Jacklin;Prince Albert Gardens;Grimsby;DN31 3AG;53.5742422;-0.0764603
GB GG 142;Meatex Ltd;Humber Street;Grimsby;DN31 3HL;53.5748914;-0.0648999
GB GG 171;Harry Briggs Fish;Fish Dock Road;Grimsby;DN31 3NN;53.5796780;-0.0696672
GB GG 172;Sharpfish;Fish Dock Road;Grimsby;DN31 3NN;53.5796780;-0.0696672
GB GG 229;Excel Seafoods;Grimsby Fish Market;Grimsby;DN31 3QJ;53.5823069;-0.0690585
GB GG 235;Oliver Bros Ltd;Prince Albert Gardens;Grimsby;DN31 3AG;53.5742422;-0.0764603
GB GG 268;Youngs Seafoods;Humberstone Rd (Abc) Frozen & Chilled Factory;Grimsby;DN32 8HP;53.5594229;-0.0620609
GB GG 276;Hilton Seafood UK;Estate Road No 2;Grimsby;DN31 2TG;53.5753802;-0.1136850
GB GG 278;Youngs Seafoods;Ross Rd;Grimsby;DN31 3SW;53.5756563;-0.0593370
GB GG 280;Youngs Seafoods;Wickham Rd;Grimsby;DN31 3SW;53.5760720;-0.0566845
GB GG 283;Levington St Cold Store;Levington Street;Grimsby;DN31 3HY;53.5746564;-0.0660141
GB GG 314;Seachill UK Limited T/A Hilton Seafood UK;Laforey Road;Grimsby;DN37 9TG;53.5818455;-0.1220714
GB GG 316;Paul Leggett;Spencer Street;Grimsby;DN31 3AA;53.5730499;-0.0570698
GB GG 331;Russells Fish Curing;8 Riby Street;Grimsby;DN31 2TG;53.5755063;-0.0683661
GB GG 371;Flatfish Ltd;Thorold Street;Grimsby;DN31 3AL;53.5744030;-0.0633633
GB GG 372;Fastnet Fish Ltd;Estate Road 5;Grimsby;DN31 2TG;53.5730379;-0.1227565
GB GG 383;Kirwin Bros. Ltd;North Quay;Grimsby;DN31 3SY;53.5806129;-0.0608525
GB GG 386;F. H. Atkinson;Prince Albert Business Pk;Grimsby;DN31 3AG;53.5743368;-0.0762090
GB GG 397;JCS Fish Ltd;Nelc Murray St Units;Grimsby;DN31 3RD;53.5758857;-0.0638971
GB GG 409;Ice Fresh  Seafood;Unit 19/20 Estate Rd 8 SHIE;Grimsby;DN31 2TP;53.5756061;-0.1206020
GB GG 413;Ice Group-Grimsby Ltd;Trondheim Way;Stallingborough;DN41 8FD;53.6062368;-0.1799822
GB GG 414;Norfolk lane Coldstores Ltd;7 Norfolk Lane;Cleethorpes;DN35 8BB;53.5639118;-0.0319584
GB GG 417;2 Sisters Food Group;Pegasus Way;Grimsby;DN37 9TS;52.3920423;-1.9911326
GB GG 419;Subzero (Grimsby) Limited;Unit 2;Grimsby;DN37 9TU;53.5488000;-0.1413512
GB GG 420;Ray Gooch;5 Maltings Way;Grimsby;DN31 1QS;53.5707927;-0.0781882
GB GG 421;North Sea Supplies Ltd;Units 9b/10b;Grimsby;DN31 3SX;53.5762851;-0.0520607
GB GG 423;Cheek House Ltd;Unit 10a;Grimsby;DN31 3SX;53.5706587;-0.0536241
GB GG 424;Fastline Shellfish;North Quay;Grimsby;DN31 3SY;53.5806129;-0.0608525
GB GG 426;DFDS Tor Line;Nordic House;Immingham;DN40 2LZ;51.1228724;-0.1536789
GB GG 429;Hain Celestial UK Limited;Lakeside;Grimsby;DN37 9TW;53.5830014;-0.1304453
GB GG 431;Cryotech I;Thorold Street;Grimsby;DN31 3AL;53.5744030;-0.0633633
GB GG 435;Umios Food UK Limited;Plot 12;Grimsby;DN31 2TB;53.5487368;-0.1412215
GB GG 446;C & M Fish Ltd;Unit 4;Grimsby;DN31 3QS;51.5008689;0.0709590
GB GG 469;R & M Trading;Unit 13;Grimsby;DN31 2TP;53.5487368;-0.1412215
GB GG 476;Regal Fish Supplies Ltd;Thorold Street;Grimsby;DN31 3AL;53.5744030;-0.0633633
GB GG 480;Budgecrest Ltd;Riby Street;Grimsby;DN31 3HF;53.5755063;-0.0683661
GB GG 483;Andrew Moorcroft Seafoods Ltd;Unit 12b;Grimsby;DN31 3SX;53.5706587;-0.0536241
GB GG 485;Lineage UK Warehousing Ltd;Marsden Road;Grimsby;DN31 3FS;53.5750039;-0.0614193
GB GG 486;Kevin Stansfield Ltd;1-2 Maltings Way;Grimsby;DN31 1QS;53.5704691;-0.0780362
GB GG 490;Wm Morrisons Supermarkets plc t/a International Seafoods Ltd;Pegasus Way;Grimsby;DN37 9TS;52.3920423;-1.9911326
GB GG 491;New England Seafood International Ltd;Genesis Way;Grimsby;DN37 9TU;53.5851692;-0.1300793
GB GG 493;Caught and Cured;Marsden Road;Grimsby;DN31 3SG;53.5758333;-0.0613246
GB GG 498;B & L Wholesale Ltd;8 Riby Street;Grimsby;DN31 3HF;53.5755063;-0.0683661
GB GG 500;Iceland Seafood UK Limited;Fiskerton Way;Grimsby;DN37 9SZ;53.5823255;-0.1227362
GB GG 504;R&J Seafoods Ltd;Units 19 & 20;Grimsby;DN31 2TG;54.6686925;-1.5664257
GB GG 507;MW Seafoods Ltd;Unit 7 The Seafood Village;Grimsby;DN31 3SX;53.5762851;-0.0520607
GB GG 511;Caistor Seafoods Limited;Cross Street;Grimsby;DN31 3QD;54.7023545;-3.2765753
GB GG 512;Caistor Seafoods Limited;Linguard Monk Street;Grimsby;DN31 3QA;54.7023545;-3.2765753
GB GG 513;Caistor Seafoods Limited;Cross Street;Grimsby;DN31 3QD;54.7023545;-3.2765753
GB GG 514;Premier Seafoods Ltd;2a and 3 Riby Street;Grimsby;DN31 3QF;53.5810824;-0.0666479
GB GG 515;Riby Street Fishmongers;Riby Street;Grimsby;DN31 3HF;53.5755063;-0.0683661
GB GG 518;Riverbay Fisheries Limited;r/o Fastline;Grimsby;DN31 3SY;53.5804787;-0.0598402
GB GG 520;Michael I Holdsworth Ltd;Unit C/D Birchin Way;Grimsby;DN31 2SG;53.5749658;-0.0992513
GB GG 523;Seafish Processing Limited;Kemp Road;Grimsby;DN31 3SY;53.5815849;-0.0612882
GB GG 524;C Carty Ltd;4-5 Riby Street;Grimsby;DN31 3HF;53.5755063;-0.0683661
GB GG 525;Sea King Seafoods Ltd;1 & 2 Maltings Way;Grimsby;DN31 1QS;53.5704691;-0.0780362
GB GG 530;International Seafoods;Grimsby Lakeside;Grimsby;DN37 9TW;53.5822286;-0.1285319
GB GG 531;Espersen UK Ltd;Athenian Way;Grimsby;DN37 9SY;53.5814891;-0.1240391
GB GG 532;Ice Group Ltd;Unit 20;Grimsby;DN313SX;53.5706587;-0.0536241
GB GG 534;Jaines Seafoods;Kemp Road;Grimsby;DN31 3SY;53.5815849;-0.0612882
GB GG 537;Cross Cuts Limited;Unit 3 Seafood Village;Grimsby;DN31 3SX;53.5762851;-0.0520607
GB GG 539;Express Seafoods (Gy) Limited;6 Trinity Street;Grimsby;DN31 3AN;53.5748655;-0.0639757
GB GG 543;C.T. Warner (Grimsby) Ltd;Hutton Road;Grimsby;DN31 3PT;53.5792199;-0.0687804
GB GG 544;Prime Cut Fisheries;Unit 3;Grimsby;DN31 3HF;53.5706587;-0.0536241
GB GG 546;Andys Seafoods (Grimsby) Ltd;Units 9b/ 10b;Grimsby;DN31 3SX;53.5762851;-0.0520607
GB GG 547;DNA Fish Supplies Ltd;Refrigeration Concept Building;Grimsby;DN31 3HL;53.5747010;-0.0648213
GB GG 548;DD Fish Supplies Limited;Unit 8;Grimsby;DN31 3SX;53.5706587;-0.0536241
GB GG 549;Ocean Bounty Ltd;Seafood Village;Grimsby;DN31 3SX;53.5762851;-0.0520607
GB GG 552;Mariner Foods Trading Limited;Grimsby Fish Market;Grimsby;DN31 3QJ;53.5823069;-0.0690585
GB GG 554;Superior Cutting Limited;Unit 1;Grimsby;DN312TB;53.5487368;-0.1412215
GB GG 555;Viking Seafoods Ltd;Wharncliffe Road;Grimsby;DN31 3QH;53.5816956;-0.0688317
GB GG 558;Scratch Meals Ltd;Sydney King Wing;Grimsby;DN37 9TZ;53.5851776;-0.1323136
GB GG 559;Constellation Cold Logistics UK Limited;Estate Road 7;Grimsby;DN31 2TP;53.5729905;-0.1228010
GB GG 561;DFDS Logistics Ltd;Estate Road 2;Grimsby;DN31 2TG;53.5768475;-0.1082951
GB GG 562;DFDS Logistics;Estate Road 2;Grimsby;DN31 2TG;53.5768475;-0.1082951
GB GG 563;J W Mellin Fish Sales;4 Prince Albert Gardens;Grimsby;DN31 3AG;53.5742422;-0.0764603
GB GG 564;Exciting Foods;Unit 11;Grimsby;DN31 3SX;53.5706587;-0.0536241
GB GG 565;R & R Seafoods Limited;4 Maltings Way;Grimsby;DN31 1QS;53.5707927;-0.0781882
GB GG 568;Ramus Grimsby Ltd;Ayscough Street;Grimsby;DN31 1TG;53.5719460;-0.0923203
GB GG 569;Ice Fresh Seafood;Estate Road;Grimsby;DN31 2TL;53.5753802;-0.1136850
GB GG 570;Cornwall Transport Ltd;Unit 18;Grimsby;DN31 3SX;53.5706587;-0.0536241
GB GG 571;Ish Fish Ltd;C10 East Site;Grimsby;DN31 3SY;53.5804787;-0.0598402
GB GG 572;Atlantic Ocean Seafoods Ltd;Unit 2;Grimsby;DN31 3AG;53.5706587;-0.0536241
GB GG 573;Marrfish Ltd;Unit 1&2 Grimsby Seafood Village;Grimsby;DN31 3SX;53.5762851;-0.0520607
GB GG 576;Oscar Cleve Ltd;Unit 2a;Grimsby;DN31 3AG;53.5706587;-0.0536241
GB GG 577;Freemans Fish;Unit 2a;Grimsby;DN31 3AG;53.5706587;-0.0536241
GB GG 578;Great Grimsby Traditional Smoked Fish Ltd;4;Grimsby;DN31 3HF;53.5695908;-0.0728254
GB GG 579;Freshney Fish Sales;Unit 4;Grimsby;DN313AG;53.5706587;-0.0536241
GB GG 580;Pete Darwent Ltd;Unit 5 Grimsby Seafood Village;Grimsby;DN31 3SX;53.5762851;-0.0520607
GB GG 582;Superior Packing;88 Bereton Avenue;Cleethorpes;DN36 7RN;54.7023545;-3.2765753
GB GG 583;Rebel Fish Limited;Unit 6A;Grimsby;DN31 3SX;53.5706587;-0.0536241
GB GG 584;Malgarfish Company Ltd;Units 9/10B;Grimsby;DN31 3SX;52.4774243;-1.8998388
GB GG 585;Buy Lobster Crab.com Limited;Yard 2;Grimsby;DN31 3SY;53.5706587;-0.0536241
GB GG 587;Dan-Cod UK Ltd;Unit 7-8;Grimsby;DN31 2TP;53.5487368;-0.1412215
GB GG 591;David Sandham Trading Ltd;Riby Street;Grimsby;DN31 3HF;53.5755063;-0.0683661
GB GG 592;JB Processing Limited;Unit 13;Grimsby;DN31 3SX;53.5706587;-0.0536241
GB GG 593;R & R Smokehouse Limited;8 Riby Street;Grimsby;DN31 3HF;53.5755063;-0.0683661
GB GG 594;Wilca & Co Seafoods Ltd;Estate Road 5;Grimsby;DN31 2TG;53.5730379;-0.1227565
GB GG 595;Nortrade Foods Ltd;West Coates Road;Grimsby;DN31 2SU;53.5764807;-0.1001240
GB GG 596;Seafood Direct Limited;Unit 0;Grimsby;DN31 3SX;50.9786832;-2.8898063
GB GG 598;Kingsway Fish Co Ltd;Unit K1;Grimsby;DN31 2SG;53.0501613;-3.0087560
GB GG 599;D&B Byproducts;Units 5&6;Grimsby;DN31 2TP;53.5487368;-0.1412215
GB GG 600;Moorcroft Processing Limited;Unit 12a;Grimsby;DN31 3SX;53.5706587;-0.0536241
GB GG 601;Osprey Fish Trading Ltd;5 Trinity Street;Grimsby;DN31 3AN;53.5748655;-0.0639757
GB GG 602;J.C.S Fish Limited;Riby Street;Grimsby;DN31 3HF;53.5755063;-0.0683661
GB GG 603;Ideal Foods Ltd;The Fish Market;Grimsby;DN31 3QJ;51.4537274;-2.5930964
GB GG 604;Great Grimsby Fish Company;Estate Road 5;Grimsby;DN31 2TG;53.5730379;-0.1227565
GB GG 605;Kirwin Brothers Ltd;Plot 18;Grimsby;DN31 2TB;53.5487368;-0.1412215
GB GH 006;Primula Limited;Kingsway;Gateshead;NE11 0ST;54.9239177;-1.6760034
GB GH 032;Ness Foods Limited;;Gateshead;;54.9625789;-1.6019294
GB GH 033;Tsang Foods;Unit 3;Gateshead;NE10 0QH;54.9247972;-1.6177017
GB GH 034;Bidfood Gateshead Depot;Green Lane;Gateshead;NE8 1YQ;54.9589239;-1.5709398
GB GH 036;Henry Colbeck Limited;M275 Seventh Avenue;Gateshead;NE11 0HG;54.9308700;-1.6137200
GB GH 037;NSD (UK) Limited;11 Saltmeadows Road;Gateshead;NE83AH;54.9642216;-1.5841086
GB GH 038;Pioneer Foodservice Ltd;Unit 3a;Gateshead;NE10 8YF;54.9623387;-1.5984733
GB GH 039;Beckleberrys Limited;Cowen Road;Blaydon on Tyne;NE21 5TW;54.9645511;-1.7046818
GB GH 040;En Route Foods Ltd;Unit 2;Newcastel upon Tyne;NE16 6PF;51.7767470;-1.4871503
GB GH 041;Food Frost Limited;184 Queensway North;Gateshead;NE11 0NX;54.9398435;-1.6203841
GB GH 042;C. Carnevale Ltd;Unit 2;Chester le Street;DH3 1DQ;51.7767470;-1.4871503
GB GH 043;Tai Lung Fung;Unit 3;Newcastle Upon Tyne;NE16 3DA;54.9755081;-1.5929582
GB GH 044;Tyneside Foodservice Limited;Patterson Street;Blaydon on Tyne;NE21 5SD;54.9681841;-1.7026121
GB GI 068;Lineage UK Warehousing Limited;Valentine Close;Medway;ME8 0QR;51.3666802;0.5732255
GB GI 208;Hales and Moore;13 Station Road;Gillingham;ME8 7RS;51.3653780;0.6112964
GB GI 210;Cook Logistics;Unit 6;Kent;ME8 0PZ;51.2911613;0.1955637
GB GI 212;NutraDirect;Unit D;Rochester;ME2 2JU;51.3841046;0.5256695
GB GI 213;Your Food Partner;Unit 4 Sabre Court;Gillingham;ME8 0RW;51.3657962;0.5740179
GB GL 004;Woodlands Farm (Chedworth) ltd;Chedworth;Cheltenham;GL54 4NT;51.8955173;-2.1156361
GB GL 009;Willersey Provisions Ltd;Collin Lane;Willersey;WR12 7PE;52.0553444;-1.8513384
GB GL 021;Daylesford Organic Farms Ltd;New Farm Daylesford;Moreton in Marsh;GL56 0YG;51.9303614;-1.6464303
GB GL 023;Cotswold Organic Dairy;Kirkham Farm;Cheltenham;GL54 2JS;51.9141100;-1.7514800
GB GL 029;New Wave Seafoods;Unit 6;Fairford;GL7 4BX;51.7121753;-1.7824779
GB GL 030;Abbey Home Farm;Preston Field Barn;Cirencester;GL7 5HA;51.7380200;-1.9442800
GB GL 031;Paxton and Whitfield;Unit R4;Bourton on the Water;GL54 2HQ;51.5862564;-2.9924274
GB GL 033;Charingworth Eggs;Stow Hill Barn Farm;Ebrington;GL55 6XY;52.0529600;-1.6935300
GB GL 039;Dolcetti Ice Cream Company Limited;10 Wilkinson Road;Cirencester;GL7 1YT;51.7031806;-1.9615331
GB GL 040;Cotswold Curer Ltd;Cotswold Estate Services Ltd;Cirencester;GL7 7BG;51.7374274;-1.9728563
GB GL 042;Kings Stone Farm Limited;Chedworth;Chedworth;GL54 4AA;51.8023872;-1.9199890
GB GL 043;Billys Eggs;Kiln Bank;Cheltenham;GL54 1EG;53.0810253;-1.5805869
GB GL 045;Cacklebean Eggs;Cackleberry Farm;Cheltenham;GL54 1JY;51.9169238;-1.7213255
GB GL 046;Truffle Hunter;Unit C2 – C11;Cirencester;GL7 5XL;52.2656508;-0.3860405
GB GL 047;Jesse Smith Farm Shop;Unit 13a;Cirencester;GL7 1YG;51.7024232;-1.9425547
GB GL 048;Bibury Trout Farm;Arlington;Cirencester;GL7 5NL;51.6226521;-0.1938783
GB GL 049;Avril Pratt;Greystone House;Cheltenham;GL53 9NJ;51.3510876;-1.9939399
GB GM 008;India Supper Club;The Royal British Legion Building;Gravesend;DA12 1NF;51.4377068;0.3746158
GB GM 009;Mowake Foods;97 Astra Drive;Gravesend;DA12 4PZ;51.4151908;0.3934104
GB GN 007;Lucky Foods;33-34 New Lydenburg Commercial Estate;London;SE7 8NE;51.4918900;0.0354999
GB GN 014;Kam Kee Foods Ltd;10-11 Kingside Business Park;Greenwich;SE18 5BX;51.4929027;0.0493696
GB GN 016;Asiko House of Foods;29 Penhall Road;London;SE7 8RX;51.4914666;0.0374292
GB GN 017;Sheng Yip Frozen Food Supplies;Unit 7B Mellish House;London;SE18 5NU;51.4932000;0.0447500
GB GN 021;Ash Poultry Wholesalers Ltd;Unit 65.2 65.3 & 65.7 Sienna Park;Thamesmead;SE28 0GW;51.4910775;0.0928596
GB GN 027;Sun Sun Frozen Foods Limited;Unit 2;London;SE7 7AX;51.4166397;-0.0601204
GB GN 030;YS Foods Company;Unit 5;Greenwich;SE10 0RT;51.4891717;0.0238124
GB GN 032;African Choice Ltd;13 Camelot Close;Thamesmead;SE28 0ES;51.4959120;0.0815863
GB GN 034;Ades Limited;Unit 4;London;SE28 0AX;51.5890036;0.0808160
GB GN 039;Tasty African Food Distribution Ltd;75-99 Nathan Way;London;SE280BQ;51.4942149;0.0954660
GB GN 040;Angels Bakery;111 Nathan Way;London;SE28 0AQ;51.4942149;0.0954660
GB GN 041;Dishpatch Ltd;Unit 1 & 2 City Business Park;London;SE10 0AT;51.2919142;1.1003910
GB GN 042;Seafood 21 Ltd;155 Blackwall Lane;London;SE10 0AT;51.4910578;0.0086487
GB GN 044;Adriatic UK Ltd;Unit 7;London;SE18 5BX;51.5114428;-0.0657666
GB GN 045;Pacific House UK Ltd;Unit 7;Charlton;SE7 7RX;51.4890847;0.0314295
GB GN 046;East Restaurant Investments Ltd;Unit 14;London;SE10 9QF;51.4766826;-0.1993821
GB GO 007;Meadow Foods;Meadow Foods;Holme on Spalding Moor;YO43 4AN;53.8403405;-0.7903880
GB GP 001;Fruit Basket;Unit C5;Gosport;PO12 4BG;50.8368594;-1.1795669
GB GR 006;Three Oceans Ltd;Units 8910 & 10a;Caistor;LN7 6PX;53.4970918;-0.3346360
GB GR 017;Cote Hill Cheeses;Cote Hill Farm;Market Rasen;LN8 3PD;53.4165700;-0.3891299
GB GR 023;Redhill Farm Free Range Pork Ltd;Laughton Lane;Gainsborough;DN21 3DT;53.4258516;-0.7866212
GB GR 025;Hemswell Cold Store Ltd;Hanger 3 Learoyd Rd;Gainsborough;DN21 5TJ;53.3989690;-0.5755210
GB GR 026;Ginga Catering;Unit 17 Stirlin Court;Saxilby;LN1 2LR;53.2618099;-0.6374600
GB GR 027;Noble Foods Ltd;Unit 23 Long Wood Road;Gainsborough;DN21 1QB;53.4024804;-0.7471737
GB GR 028;Fieldson Farm Eggs;Sandars Road;Gainsborough;DN211RZ;53.3919951;-0.7452420
GB GR 030;Parkacre Ltd;Hangar 2 Learoyd Road;Gainsborough;DN21 5TJ;50.9834915;0.9488883
GB GR 031;Rasen Bakery Ltd;9 Union Street;Market Rasen;LN8 3AA;53.3866241;-0.3362292
GB GR 032;Ideal School Meals;Unit 3a and 3b;Gainsborough;DN21 1JT;53.3929900;-0.7749076
GB GR 033;Judges Pies Ltd;22a Saxilby Road;Lincoln;LN1 2AB;53.2468220;-0.5861568
GB GS 003;Muller Milk And Ingredients;Oldends Lane;Stonehouse;GL10 2DG;51.7519942;-2.2842221
GB GS 006;Dairy Partners Ltd;Oldends Lane;Stonehouse;GL10 3RL;51.7521980;-2.2898549
GB GS 009;Godsells;Church Farm;Stonehouse;GL10 3NP;51.7281500;-2.2860500
GB GS 019;Jesss Ladies;Hardwicke;Gloucester;GL2 3SQ;51.5300072;-2.4272237
GB GS 022;Pompidou Pies;N3/4;Woodchester;GL5 5EY;51.7089174;-2.2283256
GB GS 025;Jonathon Crump Single and Double Gloucester Cheese;Standish Park Farm;Stonehouse;GL10 3DG;51.7673400;-2.2612700
GB GS 029;Woodland Valley Eggs;Ganzell Farm;Dursley;GL11 6AA;51.6731100;-2.3414300
GB GS 031;Wholly Gelato;Barhouse Farm;Gloucester;GL2 3NT;51.8342412;-2.3188612
GB GS 033;Schreiber Foods UK Limited;Stroudwater Business Park;Stonehouse;GL10 3SX;51.7515912;-2.2994621
GB GS 034;Nactarome Ltd;2 Abbey Mills Trading Estate;Wotton under Edge;GL12 7RL;51.6024328;-2.3111614
GB GS 037;Greencore Logistics Stonehouse;Unit 18 & 24;Gloucester;GL10 3SA;51.7486500;-2.2966239
GB GS 038;Bisley Birds;57 Windyridge;Stroud;GL6 7DA;51.7553648;-2.1431098
GB GT 027;Moy Park;Gonerby Road;Grantham;NG31 8HZ;52.9242545;-0.6541418
GB GT 030;J S Davidson Ltd;Cold Store No.2;Bourne;PE10 0DJ;52.4765660;-1.8911906
GB GT 031;Ideal Catering Ltd;Huntingtower Community Primary Academy Catering Facility;Grantham;NG31 7AU;52.9048991;-0.6458754
GB GT 032;Ideal Catering Ltd;Bourne Abbey Primary School;Bourne;PE10 9EP;52.7672011;-0.3714097
GB GT 034;Ideal Catering Ltd;Unit 33;Grantham;NG31 6HP;52.8917678;-0.6320413
GB GT 035;Magnavale Easton Ltd;Burton Lane;Grantham;NG33 5AU;52.8285656;-0.6087454
GB GT 036;Sysco GB;Palmer Road;Grantham;NG32 2BW;52.9434551;-0.6793456
GB GT 037;QK Cold Stores (Marston) Ltd;Toll Bar Road;Grantham;NG32 2HT;52.9047023;-0.6279118
GB GT 039;G.H Harrison & Sons;Valley Farm;Grantham;NG33 4ED;52.8505800;-0.5689300
GB GT 041;Golden Everest Ltd;Unit 6B;Grantham;NG31 9SW;52.8935392;-0.6019539
GB GT 042;PLF Blenheim;Blenheim Way;Market Deeping;PE6 8LD;52.6871462;-0.3158332
GB GT 043;Bourne Catering;The Nags Head;Bourne;PE10 9EF;51.5129312;-0.1236662
GB GU 011;Care Catering Ltd;Unit C1;Guildford;GU1 1RU;51.2480769;-0.5716138
GB GU 013;Wildcroft Dairy;Clear Barn;Guildford;GU3 1AL;51.2210821;-0.6565251
GB GU 015;The Fish Society;13 Henley Business Park;Guildford;GU3 2DX;51.2680798;-0.6608794
GB GU 016;Sahara Wholesale Limited;136 Lysons Avenue;Aldershot;GU12 5QF;51.2735267;-0.7256336
GB GU 017;Sailor Food And Beverages Ltd;;Guildford;;51.2356068;-0.5732063
GB GU 018;Joy Farms;Openview Farm;West Horsley;KT24 6AP;51.2616730;-0.4460628
GB GW 009;Eurocaps Ltd;Crown Business Park;Tredegar;NP22 4EF;51.7898640;-3.2450294
GB GW 010;Express Contract Drying;Unit 5-8;Ebbw Vale;NP23 5SD;51.5769102;-2.9396280
GB GW 012;Clams Handmade Cakes Limited;Units 1 & 2;Blaenau Gwent;NP23 8AN;51.7368310;-3.1413396
GB GW 013;Prime Pac Solutions Limited;Unit 36;Ebbw Vale;NP23 5SD;51.5769102;-2.9396280
GB GW 015;KJR Transport Ltd;Unit 21 a;Ebbw Vale;NP23 5SD;51.5695123;-3.0022117
GB GX 007;Guernsey Dairy;;Guernsey;;54.7023545;-3.2765753
GB GY 017;Jims Butchers;The Conge;Great Yarmouth;NR30 1PJ;52.6098123;1.7244271
GB GY 019;MOA Foods Ltd;The Old Smokehouse;Great Yarmouth;NR30 3NA;54.2119654;-0.2914683
GB GY 020;Strachans Ltd;Admiralty Road;Great Yarmouth;NR30 3PU;52.5873450;1.7326902
GB GY 021;Robin and Erin Shreeve;Upper Wood Farm Shop;Great Yarmouth;NR29 3JQ;52.6518728;1.6895312
GB GZ 101;R G Bacon Company Limited;Unit 2 Advance Factory Industrial Estate;Corwen;LL21 9RR;52.9910400;-3.3786453
GB GZ 107;Sysco GB;Royal Welch Avenue;Bodelwyddan;LL18 5TY;53.2672709;-3.5042167
GB GZ 108;Henllan Bread;Colomendy Industrial Estate;Denbigh;LL16 5TA;53.1934841;-3.4133154
GB GZ 110;Snowdonia Cheese Co Ltd;Unit 14 Cefndy Employment Park;Rhyl;LL18 2HB;53.3089047;-3.4847091
GB GZ 111;Llainwen Ucha;Pentrecelyn;Ruthin;LL15 2HL;53.0583699;-3.2552200
GB GZ 114;Ravenscroft & Thackery;Clwyd House;Denbigh;LL16 5TD;52.8594275;-3.0424082
GB GZ 115;Littler Chilled Foods;Craswick House;Denbigh;LL16 5TD;53.1946600;-3.4153800
GB GZ 118;G + G Foods;Cranswick House;Denbigh;LL16 5TD;53.1946600;-3.4153800
GB GZ 121;Chilly Cow Ice Cream;Stryt Fawr Farm;Ruthin;LL151UF;53.1480461;-3.3221865
GB GZ 124;Berwyn Eggs;Blaen Gwnodl ISaf;Corwen;LL210ET;52.9560300;-3.4266500
GB GZ 125;WB & CE Jones;Tyn Celyn;Ruthin;LL152AS;53.0768300;-3.3680600
GB GZ 126;WB & CE Jones Limited;Braich yr Alarch;Ruthin;LL152NL;53.0562800;-3.3788800
GB GZ 127;Bradwest;Maes Gamedd Plas;Corwen;LL219ED;53.0150640;-3.3743155
GB GZ 130;Llaethdy Bychan;Tan Y Coed;Bodelwyddan;LL18 5SW;53.0370360;-2.9682694
GB HA 007;Taylors of Biggar;176 High Street;;ML12 6DH;55.6247005;-3.5218215
GB HA 012;Errington Cheese Ltd;Walston Braehead;Carnwath;ML11 8NF;55.6932500;-3.5012300
GB HA 015;DFDS Logistics Limited;Middleton Avenue;Larkhall;ML9 2TL;55.7246619;-3.9594229
GB HA 022;PK Foods (Glasgow) Ltd;1-4 Ballochmill Business Park;Glasgow;G73 1PT;55.8287117;-4.1953685
GB HA 023;Thorntonhall Farmhouse Ice Cream;Meikle Dripps Farm;Thorntonhall;G74 5AD;55.7702492;-4.2706030
GB HA 026;Greggs PLC;Clydesmill Bakery;Clydesmill Estate;G72 7NA;55.8246876;-4.1592847
GB HA 030;Braehead (SFO Enterprises) Ltd;Hornal Road;Uddingston;G71 7EE;55.8135026;-4.0752312
GB HA 040;A McCandlish Family Butchers Ltd;1 Westwood Square;South Lanarkshire;G75 8JQ;55.7572539;-4.2017592
GB HA 042;Hyndford Meat Company;34 Lanark Road;Lanark;ML11 7SS;55.6773065;-3.7962136
GB HA 045;Hebridean Food Group Limited;Unit 1, Block 17;Blantyre Industrial Estate;G72 0XB;51.7767415;-1.4870678
GB HA 048;GSR Distributions Ltd t/a Spiceway;201 Glasgow Road;South Lanarkshire;G73 1SU;55.8327150;-4.2232143
GB HA 050;John Kerr Poultry;Netherton of Poniel Farm;Lanark;ML11 0NH;55.5871900;-3.8584600
GB HA 052;Hillwood Farm;Covington Mains Farm;Biggar;ML12 6NE;55.6469985;-3.6240835
GB HA 053 / UK-7-108;Robert Wilson and Sons;Littlegill Farm;Lanark;ML11 9UT;55.6715900;-3.8856900
GB HA 054;Artisan the Bakery Ltd;5c Wilson Place;;G74 4QD;55.7758414;-4.1651980
GB HA 055;MacNeil Shellfish Ltd;2 Middleton Avenue;Larkhall;ML9 2TL;55.7246619;-3.9594229
GB HA 056;McQueens Dairies;4 Cairn Place;South Lanarkshire;G74 4NQ;55.7755926;-4.1791527
GB HA 057;Hillhead of Covington;Hillhead of Covington;Biggar;ML12 6NE;55.6469985;-3.6240835
GB HA 058;Whats Fresh Limited;Park Farm;East Kilbride;G75 0QL;55.7194615;-4.1657589
GB HA 059;Spice Bothwell Ltd;20 Bothwell Road;;ML3 0AY;55.7975016;-4.0606248
GB HA 061;Soft Drinks Direct Ltd;Reynards Garden Centre;Carluke;ML8 5HW;55.7385900;-3.8997400
GB HA 062;Nether Lethame Farm;Nether Lethame Farm;South Lanarkshire;ML10 6RW;55.6775900;-4.1020000
GB HA 064;Thistle Seafoods Limited;Goldie Road;Uddingston;G71 6LS;55.8182584;-4.0678821
GB HA 067;Breadwinners Nursery Catering;Unit 1 Cathcart Court;Rutherglen;G73 2RA;55.8269237;-4.2222503
GB HA 069;Pronto Deli (Scot) Ltd;11 Hawbank Road;East Kilbride;G74 5EG;55.7728212;-4.2132853
GB HA 070;Wee Knob of Butter;Unit 67;Glasgow;G5 0YE;55.8554543;-4.2578931
GB HA 073;Dunns Food & Drinks Limited;32 Glasgow Road;;G72 0JY;55.7880537;-4.0763397
GB HA 074;Holmhead Organic Farm;Holmhead Farm;Crossford;ML8 5QP;55.6897300;-3.8878200
GB HA 075;Lynas Foodservice;Bothwell Park Industrial Estate;Uddingston;G71 7EE;55.8136494;-4.0737706
GB HA 076;R S Coyle & Son Ltd;19 Stewart Street;;ML3 0RH;55.7815388;-4.0733949
GB HB 005;Leicestershire Handmade Cheese Company;Sparkenhoe Farm;Nuneaton;CV13 6JX;52.5907432;-1.4661099
GB HB 006;Thorp Brothers T/A Gopsall Fresh Ice Cream;Culloden Farm;Twycross;CV9 3QE;52.6573900;-1.5221600
GB HB 007;W J Cobley/ Hilmarco Limited;;Leicester;;52.6362000;-1.1331969
GB HB 008;Pic-a-Chic Limited;Unit 2 & 3;Bagworth;LE67 1BH;52.6583744;-1.3519421
GB HB 009;R Morris & Sons;Mulberry Farm;Stoke Golding;CV13 6HF;51.1459624;-2.6440780
GB HB 011;Ibbeston & Crawley;Sketchley Lodge Farm;Hinckley;LE10 3HU;52.5242283;-1.3764863
GB HB 014;Greenfield Eggs;Norton Barn Farm;Atherstone;CV93QF;52.6626100;-1.4991600
GB HB 015;JayD Meats;17 Merrylees Industrial Estate;Leicester;LE9 9FS;52.6492800;-1.3101600
GB HC 104;Ornua Ingredients Europe (UK) Ltd;Hazel Park;Ledbury;HR8 2JQ;55.7693485;-4.0341190
GB HC 109;Kelsmor Dairy;Yew Tree Farm;Hereford;HR2 8RF;51.3235703;-1.2344285
GB HC 112;Rowlestone Farmhouse Ice Cream;Rowlestone Court;Hereford;HR2 0DW;51.9425300;-2.9115500
GB HC 114;Mondelez UK Confectionery Limited;Marlbrook;Leominster;HR6 0PQ;52.9811769;-3.0629529
GB HC 116;The Handmade Scotch Egg Company Limited;Behind the Hop Pocket;Bishop Frome;WR6 5BT;52.1223222;-2.4939185
GB HC 119;Lay & Robson;Duffryn Farm;Hereford;HR2 9EJ;51.7384048;-3.2677704
GB HC 121;Llandinabo Kitchen;Windmill Hill;Harewood End;HR2 8JS;51.9462819;-2.6959463
GB HC 122;Lodge Farm Kitchen Ltd;2 Great Western Drive;Ross-on-Wye;HR9 7XP;52.4717889;-2.0589791
GB HC 125;Country Flavours Ltd;Lower Bellamore Farm Bellimore;Madley;HR2 9JS;52.0614652;-2.8898352
GB HC 128;New House Farm;New House Farm;Presteigne;LD8 2HN;52.3748522;-2.4859995
GB HC 129;The Bury;Richards Castle;Ludlow;SY8 4EL;52.3199900;-2.7426000
GB HC 134;LEscargot Anglais;The Cabin;Fownhope;HR1 4PS;53.3753940;-1.4752427
GB HC 135;Wild by Nature;Lower House Farm;Hereford;HR2 0NT;51.9892335;0.3308890
GB HC 137;AW & GS Panniers;Wellington Farm;Worcester;WR6 5BY;52.1331200;-2.5084100
GB HC 139;Colwall Organics;Lobden;Malvern;WR13 6PY;53.6543662;-2.1754298
GB HC 142;J Hoddell & Partners;Lewstone Farm;Monmouth;NP25 3SS;51.8515899;-2.6774259
GB HC 143;WW Powell & Sons;Sollers Hope Farm;Hereford;HR1 4RW;51.9935900;-2.5677600
GB HC 146;D F & S L Watts;Little Froome Farm;Bromyard;HR7 4RX;52.1792000;-2.5097000
GB HC 148;Orgee Partnership;Upper Moorend Farm;Bromyard;HR7 4JL;52.1162500;-2.5364800
GB HC 149;JW & EG Sankey;Downfield Farm;Kington;HR5 3SD;52.2105400;-3.0017999
GB HC 151;L K Goulding;Sandford Farm;Ross on Wye;HR9 7UA;51.9259282;-2.5173479
GB HC 152;Hancocks Meadow Farm;Valley View;Ballingham;HR2 6NN;51.9887764;-2.6237200
GB HC 153;RJ & JM Bowen Ltd;The Poultry Unit;Hereford;HR28QF;51.9166700;-2.7752000
GB HC 154;RJ & EE Powell;Kilforge Farm;Bolstone;HR26NE;51.9868600;-2.6417700
GB HC 157;Brooklands Farm;Brooklands Farm;Hereford;HR28ET;51.0284980;-0.5061622
GB HC 158;Long Lane Dairy;Sycamore Cottage;Hereford;HR2 0TE;53.9803654;-0.9740930
GB HC 160;Great Trewen Milk Shed;Great Trewen Farmhouse;Whitchurch;HR9 6ES;51.8610610;-2.6723704
GB HC 162;Cotteswold Dairy Ltd;Green Street;Hereford;HR1 2QW;52.0504603;-2.7083937
GB HC 163;April Williams;Newton Court;Weobley;HR4 8QY;52.7633192;0.4160959
GB HC 164;Monkland Cheesemakers Ltd;The Pleck;Leominster;HR6 9DB;52.2155448;-1.9820223
GB HC 165;Holme Lacy Smokery;Tregye;Hereford;HR2 6LS;50.2221673;-5.0681646
GB HC 166;Mountain View Regenerative Farming;Old School Mid Mc;Hereford;HR2 0HR;51.9712338;-2.9646721
GB HC 167;MrPsBees;Twerne Lodge;Ledbury;HR8 2RD;52.0419708;-2.5165997
GB HC 168;100% Hay;‘Glan Wye’;Hay-On-Wye;HR3 5EW;52.2155892;-3.4428944
GB HC 169;Wicton Farm;Bromyard;Bromyard;HR7 4LR;52.1876394;-2.5107060
GB HD 001;Chesnut Dairies;Stud Farm;Seaton;HU11 5RJ;53.9496369;-0.8870522
GB HE 009;HASS Foods Ltd;Fold Farm;Barnet;EN5 4RA;52.9320687;-1.6082640
GB HF 014;Capital Sea Foods Ltd;Unit 19;London;W10 6AU;51.5134063;-0.3057929
GB HF 016;Txuleta;Unit 1;London;NW10 6RT;51.5297278;-0.2706210
GB HG 003;Scotch Smoked Salmon Company Ltd;Unit B3121314 Suttons Business Park;Rainham;RM13 8DE;51.5233473;0.1756503
GB HG 004;Bestway Cash & Carry Limited;1 Spilsby Road;Romford;RM3 8SB;51.5985487;0.2236520
GB HG 005;Continental Ice Cream Foods Ltd;245 South Street;Romford;RM1 2BE;51.5710751;0.1853222
GB HG 006;Superior Food Products (Essex) Ltd;5 Bridge Close;Romford;RM7 0AU;51.5724472;0.1814296
GB HG 008;Advance Food Limited;Unit 1a-1b;Romford;RM7 0HL;51.5793509;0.1820748
GB HG 013;Total Food Distribution Ltd;10 Easter Industrial Park;Rainham;RM13 8BP;51.5257779;0.1767823
GB HG 015;Atlantic Fish;Unit 2;Rainham;RM13 8BT;51.5221496;0.1902058
GB HG 016;H Smith Food Group Plc;24 Easter Industrial Park;Rainham;RM13 9BP;51.5054500;0.1803200
GB HG 018;Superior Foods (Essex) Limited;3a Danes Road;Romford;RM7 0HL;51.5699645;0.1656247
GB HG 019;Lituanica UK Ltd;22 Lamson Road;Rainham;RM13 9YY;51.5167908;0.1856162
GB HG 021;Pizza Go Go;Unit 6 Teacroft Centre;Rainham;RM13 8UH;51.5108216;0.1733010
GB HG 024;Waakei Limited;Unit 7;Romford;RM3 0BY;51.5793509;0.1820748
GB HG 025;MAV Foods Limited;Unit 1-2;Romford;RM1 2AT;51.5793509;0.1820748
GB HG 026;Eurocross Frozen Foods (London) Ltd;13 Lamson Road;Rainham;RM13 9YY;51.5157671;0.1879824
GB HG 028;Prime Eggs Ltd;Unit 5b;Romford;RM7 0HX;51.5793509;0.1820748
GB HG 030;Great Africa Ltd;Unit D;Romford;RM7 0HL;51.7759412;-1.4871848
GB HG 031;RS Foods Ltd;Unit 1 Wildspace;Rainham;RM13 9YY;51.5163457;0.1876697
GB HH 006;Joseph Morris Butchers;Walcote Road;Lutterworth;LE17 6EG;52.4331653;-1.1167625
GB HH 008;Bitteswell Egg Farm;Bitteswell Farm;Bitteswell;LE17 4LS;52.4770072;-1.2124980
GB HH 009;G C Morris & Son;Hall Farm;Shangton;LE8 0PG;52.5594800;-0.9469200
GB HH 012;Evergreen Enterprises;Pincet Lane;North Kilworth;LE17 6NE;52.4628900;-1.0817634
GB HH 015;Just So Italian;;Market Harborough;;52.4777114;-0.9208575
GB HH 018;Grange Farm Eggs;Grange Farm;Leicester;LE79BF;54.7522237;-1.5367714
GB HH 023;Lifeplan Products Ltd;Unit 1;Lutterworth;LE17 4ND;52.4667954;-1.2063557
GB HH 024;Culina Logistics Ltd;Solar Buliding;Lutterworth;LE17 4XN;52.4591966;-1.2491310
GB HH 025;Kibblecote Dairy;Poultney Lane;Kimcote;LE17 5RX;52.4708262;-1.1399675
GB HI 006;Whiteheath Farm Dairy;;Harefield;UB9 6LH;51.6041828;-0.4825622
GB HI 023;Gate Gourmet London Ltd;Heathrow West;Hounslow;TW6 3AQ;51.4814326;-0.4448329
GB HI 025;Eurest (Central Production Unit);BAA Cargo World;Hounslow;TW6 1LS;54.7023545;-3.2765753
GB HI 029;Dalton Eggs;Long Lane Farm;Ickenham;UB10 8QT;53.7611200;-2.8265148
GB HI 030;Shield Foods;Unit 3;South Ruislip;HA4 0JS;51.4552063;-0.9732178
GB HI 033;Foodspeed Limited;Units 6-8;Hayes;UB4 0TH;51.4974573;-0.4011087
GB HI 034;Trade Away Ltd;Unit 16;Hayes;UB3 1ST;51.5054439;-0.4240828
GB HI 035;Salam Foods Limited;166 Pasadena Close;Hayes;UB3 3NQ;51.5059299;-0.4085815
GB HI 036;Schenker Ltd;Schenker House;London;TW6 3FE;51.4562598;-0.4450075
GB HI 040;Kuehne and Nagel Ltd;Building 1235;Heathrow Airport;TW6 2SQ;51.4683672;-0.4189246
GB HI 041;Dnata Catering UK Limited;Building 521A;Heathrow Airport;TW6 3JJ;51.4589100;-0.4665600
GB HI 042;Food Lovers (UK) Limited;Unit 5a;Hayes;UB3 3NP;51.4981481;-0.4084877
GB HI 045;Gemini Distributors Ltd;Unit C 12;Hays;UB3 1AP;51.7759849;-1.4873944
GB HI 046;Varina Ltd;5 Sperrin Business Centre;Ruislip;HA40BG;51.5562600;-0.3824200
GB HI 047;British Airways World Cargo;Sealand Road;Hounslow;TW62JJ;51.4583475;-0.4604840
GB HI 049;J.D. Supplier;Unit 4;Hayes;UB3 3BE;52.0546550;-0.8472029
GB HI 050;Airport Perishable Handling Ltd;B588 Sandrigham Road;Middlesex;TW63SF;51.4619300;-0.4748300
GB HI 051;Reach Food Services Limited;Unit 1;Hayes;UB4 0JT;51.4974573;-0.4011087
GB HI 052;Maggi Foods Limited;Unit 16;Cowley;UB82SN;51.5384797;-0.4898513
GB HI 054;Eurofoods Ltd;4F Swallowfield Way;Hayes;UB3 1DQ;51.5079539;-0.4344396
GB HI 058;Pacific Seafood Limited;Unit 8;London;UB3 3BL;51.6118692;-0.4568756
GB HI 060;Barfia HQ Ltd;Unit 8  Abenglen Industrial Estate;London;UB3 1SS;51.5066900;-0.4349700
GB HI 061;Shree Balaji Sweets Ltd;Unit 7;Hayes;UB3 3NT;51.4981481;-0.4084877
GB HI 062;SK Foods Limited;Unit 3;South Ruislip;HA4 0QP;51.4552063;-0.9732178
GB HI 064;British Airways plc;Building 553 (s189);Hounslow;TW63FD;51.4622200;-0.4571600
GB HI 065;Air Canada;Building 553;Hounslow;TW63RG;51.4624300;-0.4686900
GB HI 066;Spice of East Ltd;Unit 13;Hayes;UB3 1ST;51.5054439;-0.4240828
GB HI 067;NATCO Cash & Carry Limited;Unit 5;Hayes;UB3 3BL;51.4981481;-0.4084877
GB HI 068;M&O Storage Limited;Windybridge;Northwood;HA6 2SP;51.6045100;-0.4479100
GB HI 069;Woods Foodservice Ltd;Units 5 & 27;Uxbridge;UB8 2YF;51.5424563;-0.4900949
GB HI 070;JFC (UK) Limited;Unit 4;Hayes.;UB3 4FR;51.4981481;-0.4084877
GB HI 071;Anjana Bhog Sweets Ltd;Unit 5;Hayes;UB3 3NT;51.4981481;-0.4084877
GB HI 072;Fresh Bite Co (London) Ltd;Fourways House;Hayes;UB3 1ET;51.5058185;-0.4410444
GB HI 073;H & M Eat;100 Lansbury Drive;Hayes;UB4 8SE;51.5246495;-0.4207745
GB HI 075;Crown Food (Hayes) Ltd;Unit 7;Hayes;UB3 3NE;51.4981481;-0.4084877
GB HI 076;Safa Food 1 Ltd;Unit 7 & 10;Hayes;UB3 3BS;52.4990127;-2.0148058
GB HI 077;Sky Food Services;Unit 4;Hayes;UB3 3NQ;51.4981481;-0.4084877
GB HJ 023;Pentland Poultry Farm Ltd;Millbrook;Small Dole;BN5 9SA;50.9109928;-0.2672432
GB HJ 025;Bangers Galore;Unit 10;Horsham;RH13 5RG;51.0706787;-0.3081671
GB HJ 032;The Easy Lunch Company;Pondtail Farm;Horsham;RH13 8LN;50.9939280;-0.3459197
GB HJ 047;Adur Valley Creamery;Huddlestone Farm;Steyning;BN44 3AD;50.9091125;-0.3231968
GB HJ 048;Knepp Wild Range;The Butchery;Horsham;RH13 8QB;51.0635656;-0.3329798
GB HK 004;Bradburys and Son;Staden Business Park;Buxton;SK17 9RZ;53.2419237;-1.8896639
GB HK 005;B Wild & Sons;Beard Hall Farm;High Peak;SK22 4PW;53.3590900;-1.9881700
GB HK 007;The Dutch Maid Company Ltd;Unit 7;Buxton;SK17 7LF;53.2648958;-1.8987567
GB HK 202;R.G.Morris & Son Ltd;1 Sycamore Close;Buxton;SK17 6FB;53.2638376;-1.9170605
GB HL 003;Riverway Foods Ltd;Progress House;Harlow;CM20 2DN;51.3499656;-0.1005530
GB HL 005;A1 Bacon Co.Ltd;Brook House;Harlow;CM19 5TB;51.7642033;0.0732725
GB HL 009;Sysco GB;Ash Industrial Estate;Harlow;CM19 5TJ;51.7623591;0.0644407
GB HL 010;DHL Supply Chain;Fleet Street;Harlow;CM20 2DW;51.5138306;-0.1108733
GB HL 011;Bidfood;Greenway;Harlow;CM19 5QB;51.7672119;0.0580066
GB HL 013;MVM Pizza Supplies Limited;Unit 4;Harlow;CM20 2BG;51.7841044;0.1078896
GB HL 015;Cook’s Quality Foods Ltd;14 Burnt Mill Industrial Estate;Harlow;CM202HS;51.7794600;0.0868800
GB HL 016;Mare Terra Ltd;9 South Place;Harlow;CM20 2AN;51.7831931;0.1189920
GB HL 023;Zel Foods Limited;;Harlow;;51.7685568;0.0949036
GB HL 024;Che Pasta Limited;Unit 9-10;Harlow;CM20 2AP;51.7834800;0.1338322
GB HL 025;Rania Food Services Limited;3 Capital Place;Harlow;CM19 5AS;51.7653583;0.0740649
GB HL 026;Japan Food Express Limited;Unit 9;Harlow;CM20 2GF;51.7532565;0.0920917
GB HM 001;Atkinsons Smokey;Unit 2;Durley;SO32 2AN;50.9608253;-1.2598998
GB HM 002;Freshways;Hawks Nest Farm;Fareham;PO17 5AS;51.0007185;-1.6653001
GB HM 004;Judes Ice Creams;Units 2 - 6;Twyford;SO21 1QA;51.0222502;-1.2890389
GB HM 007;Bere Dairy;Offwell Farm;Southwick;PO17 6DX;50.8668500;-1.1198100
GB HM 014;Whitewater Organics;Upper Norton Farm;Southampton;SO21 3QF;51.1821800;-1.3181200
GB HM 015;Lycroft Eggs Limited;Lycroft Farm Business Park;Southampton;SO32 2PB;50.9448690;-1.1861313
GB HM 021;Clarkes Dairies;Unit 14;Swanmore;SO32 2PB;50.9481658;-1.1860119
GB HM 024;Kings Crayfish;Chiphall Acre;Wickham;PO17 5AY;50.9141764;-1.1696751
GB HM 025;Vale Farm Free Range Eggs;Vale Farm;Winchester;SO22 5QW;51.2230320;-0.3878979
GB HM 026;Butler Country Estates Ltd;Unit 3B Wintex House;Winchester;SO23 7RQ;51.0660956;-1.3020468
GB HM 027;Food for Now (Wessex Van Sale Operation);Unit 4;Winchester;SO23 7RX;51.0726014;-1.2942335
GB HM 028;Wild Lady;George Ree Farm South Lynch Estate Office;Winchester;SO21 2JH;51.0388754;-1.3917385
GB HM 029;A. G. Axton & Sons (Wholesale) Ltd;Hill Farm;Southampton;SO32 8PY;54.7023545;-3.2765753
GB HN 006;Shepherds Purse Cheeses Ltd;Leachfield Grange;Thirsk;YO7 4DJ;54.2766360;-1.4004423
GB HN 011;Wensleydale Bacon Ltd;Tennant Close;Northallerton;DL6 2XL;54.3487198;-1.4497155
GB HN 012;ABP Wessex Foods;Dale House;Leeming Bar;DL7 9UL;51.3559938;-2.3280713
GB HN 016;Arthur Haigh Ltd;Unit G;Thirsk;YO7 3HE;51.0712602;-0.3137299
GB HN 017;M & M Gaudie;Stamfrey Farm;West Rounton;DL6 2LJ;54.4211000;-1.3620600
GB HN 024;Firmenich UK Ltd;Dalton Airfield Industrial Estate;Thirsk;YO7 3HE;54.1731800;-1.3616400
GB HN 025;Alverton Bacon Supplies Ltd;4 Tennant Close;Northallerton;DL6 2XL;54.3487198;-1.4497155
GB HN 028;Yorkshire Farmhouse Eggs Ltd;Village Farm;Thirsk;YO7 4SQ;54.1969900;-1.4339599
GB HN 030;Manor Farm Eggs;The Manor;Sinderby;YO7 4JD;50.9091106;-0.5547827
GB HN 031;Foster;Smithy House Farm;Northallerton;DL6 2HX;54.4436500;-1.4892500
GB HN 032;Morrison;Grange Farm;Great Smeaton;DL6 2HF;54.7522237;-1.5367714
GB HN 038;Sandersons;Morton Grange Ltd;Morton on Swale;DL7 9RQ;54.3159400;-1.4992900
GB HN 040;C J D Tarran;Smearholme;Burneston;DL8 2JQ;54.2656500;-1.5178300
GB HN 042;Heck! Food Limited;Lime Lane;Bedale;DL8 2NY;52.9504154;-1.4132966
GB HN 043;William Anderson (Farmers) Ltd;Ainderby Myers;Bedale;DL8 2BA;54.2831900;-1.5938699
GB HN 044;John David Porritt;Greencroft;Potto;DL6 3EY;51.2441945;-0.5435509
GB HN 047;Crofters Food Limited;Unit 2 Europark;Thirsk;YO7 3TF;52.0329318;1.2039664
GB HN 048;J D & G Hugill;Turtle Hill Farm;Faceby;TS9 7BZ;54.4205139;-1.2413814
GB HN 054;The British Premium Sausage Co & The Bath Pig;Units 3 & 4 Conygarth Way;Northallerton;DL7 9EE;54.3087743;-1.5660979
GB HN 055;Mount Grace Charcuterie Ltd;The Old Cow Byre;Osmotherley;DL6 3JG;50.5547898;-4.7294259
GB HO 001;F R Bradley Feltham Limited;Bradleys Business Centre;Feltham;TW14 0XQ;51.4600965;-0.4097136
GB HO 007;Bakhtar Dried Meat Ltd;Unit 1C First Floor;Hounslow;TW4 6BH;51.4627685;-0.3980720
GB HO 107;Dnata Catering UK Limited;The Encompass Centre;Heston;TW5 9NJ;51.4912400;-0.3997600
GB HO 108;Mandheys & Manyaman;Unit 6;Feltham;TW14 0RD;51.4396272;-0.4106032
GB HO 110;Tanpopo Japanese Food Ltd;657 & 658 River Gardens;Feltham;TW14 0RB;51.4609452;-0.4038531
GB HO 112;Seafood And Eat It;14 Central Park Estate;Hounslow;TR4 5DJ;51.9107439;-0.5091307
GB HO 115;RG Heston Centre;Unit 7 The Heston Centre;Heston;TW5 9NJ;51.4912400;-0.3997600
GB HO 116;Do & Co Event & Airline Catering;200 Great South West Road;Hounslow;TW4 6FD;51.4742602;-0.3994170
GB HO 118;Allan Reeder Ltd;673 Spur Road;Feltham;TW14 0SL;51.4623905;-0.4059857
GB HO 121;Lasting Impressions Food Co.;Unit 3;Feltham;TW14 0PH;51.4393927;-0.3843997
GB HO 122;Cote @ Home;Units 1-6;Hounslow;TW5 9NW;51.4565495;-0.4037692
GB HO 126;The Ethical Butcher;Unit 24;Hounslow;TW5 9NR;51.4565495;-0.4037692
GB HO 128;Gurkhas & Co. UK Ltd;Unit CO1A;Hounslow;TW4 7EA;51.4695300;-0.3807400
GB HP 002;W Hodgson (Hartlepool) Ltd;Fish Quay;Hartlepool;TS24 0JH;55.0103119;-1.4342047
GB HP 003;Kerry Ingredients and Flavours Ltd;Unit 6 Park View Road West;Hartlepool;TS25 1PE;54.6624681;-1.2129018
GB HR 001;Shepherd Ice Cream;Cwm Farm;Hereford;HR2 0TA;52.0395190;-2.9896043
GB HR 003;Neals Yard Creamery;Caeperthy;Dorstone;HR3 6AX;52.0811700;-2.9891000
GB HS 015;Rustico Enterprises Ltd;Unit A;St Leonards;TN37 6PU;51.7757699;-1.4870197
GB HS 052;PH Fish LLP;Office 3 Hastings Fish Market;Hastings;TN34 3DW;50.8561544;0.5942447
GB HS 053;Hastings Fishmarket Enterprises (HFE);Hastings Fishmarket;Hastings;TN34 3DW;50.8561544;0.5942447
GB HU 001;Norstar Trading Limited;82 Wassand Street;Hull;HU3 4AL;53.7346219;-0.3597344
GB HU 006;Hull Fish Company Limited;43 Strickland Street;Hull;HU3 4AD;53.7349920;-0.3585051
GB HU 007;A E Purdy Ltd;Subway Street;Hull;HU3 4EL;53.7336893;-0.3671960
GB HU 035;Seafish (UK) Ltd;45 Wassand Street;Kingston upon Hull;HU3 4AN;53.7346219;-0.3597344
GB HU 042;P & L Fish Supply;273 Wincolmlee;Hull;HU2 0PZ;53.7530316;-0.3315017
GB HU 044;Three Oceans Fish Company;Flinton Street;Hull;HU3 4NA;53.7320377;-0.3686387
GB HU 045;Roach Bros (Curers) Ltd;Havelock Street;Hull;HU3 2DT;53.7327834;-0.3717517
GB HU 046;C M Roach & Co Ltd;74-76 English Street;Hull;HU3 2DT;53.7367763;-0.3488198
GB HU 048;Copernus Limited;35 West Dock Street;Hull;HU3 4HH;53.7307789;-0.3693350
GB HU 058;Fillet Fish Limited;150 English Street;Hull;HU3 2BT;53.7367763;-0.3488198
GB HU 120;Sunshine Saltfish LTD;Manchester Street;Hull;HU3 4TX;53.7313714;-0.3735125
GB HU 125;Neptune Fish;Unit 14;Hull;HU3 5JB;53.7443842;-0.4129326
GB HU 200;Cranswick PLC;71-72 Helsinki Road;Kingston upon Hull;HU7 0YW;53.7764220;-0.3369492
GB HU 203;Tudor Provisions;Valetta Street;Hull;HU9 5NP;53.7488768;-0.2578694
GB HU 207;Aunt Bessies Limited;Freightliner Road;Hull;HU3 4UW;53.7319753;-0.3770846
GB HU 216;Cranswick Country Foods Poultry Hull;13 Geneva Way;Hull;HU7  0DG;53.7734348;-0.3174460
GB HU 219;Cranswick Gourment Kitchen;72 Helsinki Road;Hull;HU7 0YW;53.7764220;-0.3369492
GB HU 220;Cranswick Prepared Poultry;Helsinki Road;Hull;HU7 0YW;53.7764220;-0.3369492
GB HU 305;CK Food Processing Ltd;Units 3-4;Hull;HU8 7AZ;51.5275565;-0.0955387
GB HU 306;Riva Foods;32 Copenhagen Road;Hull;HU7 0XQ;53.7748448;-0.3328830
GB HU 307;McCain Foods Hull;Freightliner Road;Hull;HU3 4UW;53.7319753;-0.3770846
GB HU 500;Karro Food Frozen Limited;Liverpool Street;Hull;HU3 4HW;53.7312126;-0.3746804
GB HU 602;Andrew Johnson Knudtzon Limited (AJK);South Boulevard;Hull;HU3  4DY;53.7341825;-0.3613247
GB HU 604;Smales Coldstore;Gillett Street;Hull;HU3 4JF;53.7323977;-0.3701852
GB HU 607;GXO Logistics Limited;Brighton Street;Hull;HU3 4XN;53.7302446;-0.3758397
GB HU 608;Turner & Price Limited;29 Wiltshire Road;Hull;HU4 6PD;53.7286171;-0.3879646
GB HU 609;David Miller Frozen Food Limited;Unit 2-5;Hull;HU7 0YN;53.7393047;-0.3347686
GB HU 611;Huttons & Co (Ships Chandlers) Limited;Dianthus House Witty Street;Hull;HU3 4TT;53.7324044;-0.3698414
GB HU 612;Fareshare;6 Bergen Way;Hull;HU7 0YQ;53.7789470;-0.3460343
GB HU 617;Freshfill Ltd;Unit 8;Hull;HU7 0YF;53.7393047;-0.3347686
GB HU 618;Cranswick Country Foods;Aqua Park;Hull;HU6 7QD;53.7689427;-0.3316944
GB HU 620;J.P. Barkworth Ltd;Sunshine House;Hull;HU3 4TX;53.2863827;-3.5831078
GB HV 011;Harry Treagust Butchers Limited;17 High Street;Emsworth;PO10 7AQ;50.8464338;-0.9366481
GB HW 001;Beechdean Dairies;Oldhouse Farm;High Wycombe;HP14 4NL;51.6826865;-0.7731006
GB HW 004;E J Lacey & Sons;Bolter End Farm;High Wycombe;HP14 3LP;51.6207759;-0.8448904
GB HW 008;Chiltern Ice Cream;Unit A;Great Kimble;HP17 0XS;51.7757699;-1.4870197
GB HW 009;The Marlow Cheese Company;13C Westfield Farm;Medmenham;SL72TA;51.2480330;-0.9129044
GB HW 010;E J Lacey & Sons;Bolter End Farm;Lane End;HP14 3LP;51.6207759;-0.8448904
GB HW 011;Peters Food Service Ltd;Cressex Business Park;High Wycombe;HP12 3DH;54.7023545;-3.2765753
GB HW 012;Creed Foodservice;6 Thomas Road;Bucks;HP10 0PJ;51.5825096;-0.6908421
GB HX 002;Robinsons of Stilton;The Depot;Stilton;PE7 3RA;51.5488066;-0.1216541
GB HX 018;Wakefield farming ltd;Rectory Road;Broughton;PE28 3AX;51.5467242;0.0590752
GB HX 019;Wood Farm Free Range Eggs;Wood Farm Vicarage Road;Sandy;SG19 3DA;52.1741502;-0.1716165
GB HX 023;Caldic Ingredients UK;Unit 5 Hitec House;Sandy;SG19 3AH;52.1889305;-0.1367051
GB HX 028;Rambynas;Unit 1;Huntingdon;PE29 6EA;52.3889278;-0.2054171
GB HX 030;St Ives Cheese;49 Needingworth Road;St Ives;PE275JT;52.3271422;-0.0660582
GB HX 031;The Real Pie Company;3 Clifton Road;Huntingdon;PE29 7EL;52.3451916;-0.1840422
GB HX 033;Alpha Farms;Fenstanton Road;Hilton;PE28 9JA;52.2856994;-0.0953513
GB HX 034;Simply Supplements;Unit 5;Yaxley;PE7 3EL;52.5011004;-0.2509505
GB HX 035;Arty Smoked Fish/Rambynas;Unit 4 Brook Farm;Huntingdon;PE28 0AE;52.3325079;-0.2754175
GB HX 036;P&F Foods;Unit 6 Brook Road;Huntingdon;PE280LR;52.3109410;-0.3787084
GB HX 037;Kitchen Range Foods;Kingfisher Way;Huntingdon;PE29 6FL;52.3378041;-0.2107265
GB HY 008;Greenfelds Ltd;54 Stamford Hill;London;N16 6XS;51.5667454;-0.0730511
GB HY 021;Dagim Fish & Deli;105 Dunsmore Road;London;N16 5HT;51.3960930;-0.4114863
GB HY 022;Sticky Fingers Food Limited;Unit 414b;London;E2 8HP;51.5291342;-0.0772534
GB HY 026;Rahim Brothers Limited;Atlas Wharf;London;E9 5NB;51.5451391;-0.0236523
GB HY 028;Lauras Idea;Arch 438;London;E8 1ND;51.5193095;-0.0295661
GB HY 029;The Secret Smokehouse;378 Mentmore Terrace;London;E8 3RR;51.5403422;-0.0576959
GB HY 031;Geshmak;1 Garnham Street;London;N16 7JA;51.5624581;-0.0723821
GB HY 032;Cheffman Limited;97 Digby Cresent;London;N4 2HS;51.5637862;-0.0945006
GB HY 034;Willy’s Pies Limited;Arch 352;London;E8 3RL;51.5555258;0.0187872
GB HY 036;Karum Ltd;41 Buckland Court;London;N1 5JJ;51.8172467;-1.2809242
GB HY 037;Fin and Flounder Wholesale Ltd;375 Helmsley Place;London;E8 3SB;51.5396006;-0.0586016
GB HZ 011;Holt Farm;Holt Street;Rishton;BB1 4PA;53.7697666;-2.4077112
GB HZ 012;Hyndburn Foods;Unit 1B Station Road Industrial Estate;Great Harwood;BB6 7BA;52.4780438;-2.0325996
GB HZ 017;Clayton Park Bakery;Unit 20 Petre Road;Accrington;BB5 5JB;53.7707832;-2.3881802
GB HZ 022;C & G Meat Products Ltd;Empire Street;Blackburn;BB6 7SY;53.7904236;-2.3968048
GB HZ 024;SIS (Science in Sport) Ltd;Unit 8A;Blackburn;BB1 3AL;53.7565772;-2.4427476
GB HZ 025;Proprotein Ltd;Unit 8;Clayton Le Moors;BB5 5JQ;51.4843704;-0.0616191
GB HZ 026;The Hand Crafted Pie Company Ltd;Unit 15 Riverside Industrial Estate;Blackburn;BB1 4NF;53.0906508;-3.0255224
GB HZ 027;Ketolife Ltd;Unit 5B Dorlan Court;Great Harwood;BB6 7UR;51.6820857;-4.1385042
GB HZ 028;Halal Kitchen Ltd;Unit 3a;Blackburn;BB1 3AL;53.7565772;-2.4427476
GB IA 006;Aulds Bakeries Ltd;5 - 9 Brisbane Street;;PA16 8LS;55.9527338;-4.7731721
GB IC 001;J.Rainford and Sons;;Chorley;;53.6531915;-2.6294313
GB IC 002;J & P A Baldwin & Sons;Birchin Lane;Chorley;PR6 8LY;53.6884143;-2.6180008
GB IC 003;J V & S H Rowland;Tootles Farm;Ormskirk;L40 3SW;53.6223600;-2.7429300
GB IC 004;J B Woodcock & Sons;Yew Tree House Farm;Chorley;PR7 4LR;52.5612759;0.6066567
GB IC 005;Browns Butchers;7 Market Place;Chorley;PR7 1DA;53.6529468;-2.6309181
GB IC 011;Fredericks Ice Cream;Bolton Road Dairies;Chorley;PR7 4AL;53.6331974;-2.6130178
GB IC 014;Staveleys Eggs Ltd;;Coppull;;53.6217928;-2.6617438
GB IC 015;Bowen Pies;Unit 5-6;Chorley;PR6 0JN;53.6700955;-2.6238782
GB IC 016;J. Coulthurst Ltd;Altcar Farm;Chorley;PR25 1LE;53.6783770;-2.7143096
GB IC 018;Dalziel Ltd;Drumhead Road;Chorley;PR6 7DE;53.6655368;-2.6252536
GB IC 019;Handleys Bakery Ltd;210-212 Pall Mall;Chorley;PR7 2LH;53.6448366;-2.6366450
GB IH 003;Country Pies;Churchford Grange;Ipswich;IP9 2LA;52.0067400;1.0313500
GB IH 20;Elmsett Eggs;Little Greys;Sudbury;CO10 0QG;51.3570259;-2.7593165
GB IH 21;JD Palmer;Overhall Cottage Farm;Bures;CO8 5BN;51.9801100;0.8105300
GB IL 001;Troytown Farm;Troytown Farm;St Agnes;TR22 0PL;49.8909912;-6.3511408
GB IL 002;Katies Pride;6 Barnes Acre;St Marys;TR21 0AB;49.9225500;-6.2831100
GB IL 006;Island Fish Limited;Newpark;Bryher;TR23 0PR;54.7101880;-6.1762762
GB IL 007;S C Walder Carron Farm;Carron Farm;St Martins;TR25 0QL;49.9607544;-6.2839248
GB IL 010;Tegen Mor Fish;Mount Pleasant;St Marys;TR21 0NW;51.6529115;-0.1596054
GB IL 012;Scilly Eggs;Parting Carn;St Mary’s;TR21 0NE;49.9188433;-6.3071115
GB IL 015;Downs Farm Charcuterie;Downs Farm;St Agnes;TR22 0PL;51.1837644;0.9692659
GB IL 016;Peninnis Farm;Church Road;St Marys;TR21 0NA;51.5479619;-0.2487145
GB IL 020;Western Bell Seafood;Parade Cottage;St Marys;TR21 0LP;51.0733541;1.1454022
GB IL 021;Tresco Farm;Trecsco Farm;Tresco;TR24 0QQ;49.9532307;-6.3375279
GB IN 003;R.F.Brookes;Rogerstone Park;Newport;NP10 9SA;51.5982200;-3.0791600
GB IN 010;Capital Cuisine;Unit 3C;Caerphilly;CF83 8DW;51.5904591;-3.2031641
GB IN 011;Celtic Food Products Ltd;Unit 26;Crumlin;NP11 3EH;51.6792065;-3.1374909
GB IN 014;Wild Water Warehousing Ltd;Pengram Road;Aberbargoed;CF81 9FW;51.6837100;-3.2172800
GB IN 015;Bab Haus Mex;Unit 12;Caerphilly;CF83 8HW;51.5904591;-3.2031641
GB IOM 001 M;Isle Of Man Creamary Ltd;Ballafletcher Farm Road;Cronkbourne;IM4 4QE;54.7023545;-3.2765753
GB IOM 006 FE;Carrick Bay Seafoods;Alfred Pier;Port St Mary;IM9 5EF;54.7023545;-3.2765753
GB IOM 007 FE;Island Shellfish Ltd;Manesca Buliding;Port St Mary;IM9 5EA;54.7023545;-3.2765753
GB IOM 009 FE;Isle Of Man Seafood Products Ltd;Manx Cold Storage Building;Peel;IM5 1TA;54.7023545;-3.2765753
GB IOM 012 FE;Geo Devereau & Sons Ltd;Curing Factory Fish Yards;Peel;IM5 1TA;54.7023545;-3.2765753
GB IOM 014 FE;Ellan Vannin Seafoods;Unit 16 Isle of Man Food Park;Peel;IM5 1TA;54.7023545;-3.2765753
GB IOM 1;Isle of Man Meats;Ballafletcher Farm Road;Braddan;IM4 4QE;54.7023545;-3.2765753
GB IOM 2;Andreas Meat Co.;Technical Site;Andreas;IM7 4ES;54.7023545;-3.2765753
GB IP 008;Procters Speciality Sausages;Proctors Speciality Sausages;Ipswich;IP2 8PJ;52.0416910;1.1468819
GB IS 007;C Carnevale Ltd;107 Blundell Street;Islington;N7 9BN;51.5439523;-0.1232121
GB IS 014;Pasta Pasta London Limited;;Islington;;51.5384287;-0.0999051
GB IS 018;La Fromagerie;30 Highbury Park;Islington;N5 2AA;51.5543879;-0.0980992
GB IS 019;Cobble Lane Cured Ltd;25a Cobble Lane;London;N1 1SF;51.5432330;-0.1050023
GB IS 021;Rezet & Son Limited;489 - 491;London;N19 3QL;51.5692831;-0.1239943
GB IS 024;Ottolenghi LTD;First and second floors;London;N7 6QA;51.5574315;-0.1181953
GB IW 006;Calbourne Classics;Three Gates Farm;Newport;PO30 4NA;50.9651610;-3.4420400
GB IW 046;Isle of Wight Cheese Company Limited;Alverstone Road;Sandown;PO36 0NZ;50.6581827;-1.1969658
GB IW 054;Ventnor Haven Fishery;Eastern Esplanade;Ventnor;PO38 1JR;51.5133731;0.6048443
GB IW 061;Ice of Wight Ice Cream;Medina Food Service;Newport;PO30 5UX;50.7065434;-1.2935753
GB IW 072;Briddlesford Lodge Farm Dairy;Briddlesford Road;Wootton;PO33 4RY;50.7099228;-1.2453448
GB IW 073;Weve Got Crabs;East Cottage;Yarmouth;PO41 0YJ;50.6801184;-1.4709459
GB IW 074;J&B Wholesale;Clifton Buildings;Freshwater;PO40 9UT;50.6833007;-1.5270990
GB IW 076;Hazelgrove Eggs;Hazel Grove Farm;Ryde;PO33 4BD;50.7062045;-1.1659093
GB IW 079;Warren Farm Microdairy;Warren Farm;Totland;PO39 0JB;50.6673415;-1.5587021
GB IW 081;Fulford Farm;Fulford Farm;Newport;PO30 2AP;50.6975793;-1.2853831
GB JY 001 D;La Rocque Fisheries;The Oyster Farm;Grouville;JE3 9BS;50.3066616;-3.8540419
GB JY 001 FE;Aqua-Mar Fisheries;Unit 8 Fish Processing Warehouse;St. Helier;JE2 3WS;54.7023545;-3.2765753
GB JY 002 FE;F Battrick & Sons Ltd;Unit V12A;St. Helier;JE2 3NB;54.7023545;-3.2765753
GB JY 005 FE;Faulkner Fisheries Limited;Les Viviers De LEtacq;St. Ouen;JE3 2EF;54.7023545;-3.2765753
GB JY 007 D;Jersey Oyster Company;La Ferme;Grouville;JE3 9FE;54.7023545;-3.2765753
GB JY 008 FE;Wheelhouse Limited;The Glades;St Mary;JE3 3EH;51.4358563;-3.1688881
GB JY 009 FE;The Fresh Fish Company Limited;Unit 5 Fish Processing Warehouse;St Helier;JE2 3NB;54.7023545;-3.2765753
GB JY 011;The Seymour Oyster Company Limited;Haye Hogard Cottage;St Martin;JE3 6BN;54.7023545;-3.2765753
GB JY 012 FV;Heritage Fisheries Limited;Unit V12 M;St Helier;JE2 3WS;54.7023545;-3.2765753
GB JY 013 FE;Captain Lobster;Fleur des Champs;St Peter;JE3 7AJ;54.7023545;-3.2765753
GB JY 015 FV;Rock Fisheries Limited;Les Tournesol;St John;JE3 4EJ;54.7023545;-3.2765753
GB JY 018 FE;Provider Fisheries;6 Grasett Park Estate;St Saviour;JE2 7PQ;54.7023545;-3.2765753
GB JY 019 FV;Provider Fisheries;6 Grasett Park Estate;St Saviour;JE2 7PQ;54.7023545;-3.2765753
GB JY 020;Ian Syvret Fisheries;Alma Villa;St John;JE3 4BA;56.4033800;-3.4418475
GB JY 025;K.S Fisheries;31 Kensington Court;St Helier;JE2 3PA;51.5005050;-0.1883601
GB JY 026;La Crete Shellfish Limited;La Rue de la Devise;St Ouen;JE3 2AG;54.7023545;-3.2765753
GB JY 027;Crabs Direct;40 Sydney Crill Park;St Clement;JE2 6SY;54.7023545;-3.2765753
GB JY 028;Southern Rocks Fisheries Limited;Albert Pier;St Helier;JE2 3NE;50.1196266;-5.5303806
GB JY 029;Greatcatch Seafood;The Coach House;St Ouen;JE3 2HT;53.0979187;-2.2674219
GB JY 031;The Smokey Shed;Farm View;St John;JE3 4AF;54.7023545;-3.2765753
GB JY 501;Jersey Dairy;La Route de la Trinite;Trinity;JE3 5JP;54.7023545;-3.2765753
GB KA 003;Grant Brothers Meat Canners Ltd;Richmond House;Galston;KA4 8JU;51.5024955;-0.1254231
GB KA 008;Dunlop Dairy;West Clerkland Farm;Ayrshire;KA3 5LP;55.6956800;-4.5186400
GB KA 031;Woodys Ice Cream Ltd;Killoch Farm;Ayrshire;KA4 8NL;55.5548400;-4.3579000
GB KA 034;Brownings The Bakers Ltd;Units 3 & 4;Kilmarnock;KA21 2NP;55.8280479;-4.2839149
GB KA 035 / UK-7-769;Corrie Mains Free Range;Corrie Mains;Ayrshire;KA5 6HN;55.5217600;-4.3351300
GB KA 036;Pollok Williamson;21 The Foregate;;KA1 1LU;55.6106181;-4.4959033
GB KA 040;Mossgiel Ltd t/a Mossgiel Organic Farm;West Mossgiel Farm;Ayrshire;KA5 5LL;55.5265100;-4.3943800
GB KA 041;W W Wales Ltd;3 Mauchline Road;;KA1 5AB;55.5975869;-4.4520616
GB KA 042;C B Shaw and Son;East Montgarswood Farm;;KA5 6HN;55.5217600;-4.3351300
GB KA 043;W and CS Robb;Chalmerston Farm;Ayrshire;KA5 5HN;55.4813800;-4.4437400
GB KA 046;Lochhill Dairy Co (Lochhill Farming Co);Lochhill Farm;East Ayrshire;KA18 4PN;55.4132200;-4.2106100
GB KA 047;Thomsons Artisan Meats;Block 7 Unit 2;Kilmarnock;KA1 4AZ;51.7767470;-1.4871503
GB KC 107;Glen Fisheries;Hayfield Industrial Estate;;KY2 5DH;56.1276948;-3.1677245
GB KC 115;Stenhouse Meats;9 Main Road;;KY1 4RD;56.1592415;-3.0683480
GB KC 116;N and D Walsh;Unit B 5/6;Leven;KY8 4RA;51.7757807;-1.4870721
GB KC 120;W McMillan Foods Ltd;Units 20 and 21;Glenrothes;KY6 2RU;56.1799714;-3.1941414
GB KC 121 / UK-7-947T;Noble Foods Ltd;Strathore Road;Fife;KY1 4DX;56.1624865;-3.1747410
GB KC 126;R Watson Butchers;198 High Street;;KY3 9AH;56.0594187;-3.2322728
GB KC 131;R T Stuart Ltd;Dubbieside Bakery;Methil;KY8 3RE;54.7023545;-3.2765753
GB KC 134 / UK-7-068;D Blyth and Son Ltd;5 Balcurvie Small Holdings;Windygates;KY8 5RZ;56.1993500;-3.0634800
GB KC 138;The Buffalo Farm;Boglily Farm Steading;;KY2 5XY;56.1067700;-3.1999100
GB KC 141;East Neuk Shellfish Ltd;Methil Docks;Fife;KY8 3RE;54.7023545;-3.2765753
GB KC 144;The Buffalo Farm Produce Ltd;Bankhead of Raith;Fife;KY2 5YF;56.1215727;-3.2309684
GB KC 146;Innovate Foods Ltd;Barncraig;Dysart;KY1 2YG;56.1771836;-3.0294032
GB KC 147;Fife Creamery Ltd;Randolph Place;Kirkcaldy;KY1 2YX;56.1355858;-3.1246904
GB KC 148;Balgowan Fine Foods Ltd;Unit 2 Fife Food Centre;Glenrothes;KY6 2RU;56.1799714;-3.1941414
GB KC 149;Forth Bakers;Unit 46 & 47 Flexispace Business Centre;Kirkcaldy;KY1 3NB;56.1373279;-3.1410573
GB KC 201;Grahams The Family Dairy (Milk Products) Limited;Glenfield Dairy;Cowdenbeath;KY4 9HT;56.1199146;-3.3466654
GB KC 207;S M Bayne & Co Ltd;Orwell Bakery;Lochore;KY5 8DD;56.1558900;-3.3181200
GB KC 208;Wm Stephen (Bakers) Ltd;Unit 21;Primrose Lane;KY11 2RN;56.0425282;-3.4375202
GB KC 213;Mowi Consumer Products UK Ltd;Admiralty Park;Rosyth;KY11 2YW;56.0346573;-3.4334215
GB KC 215;Grahams The Family Dairy (Milk Products) Limited;Ice Cream;Glenfield Industrial Estate;KY4 9HT;52.4659188;1.7454079
GB KC 217;Nelsons of Culross Dairy Farm Ice Cream;Blair Mains Farm;Fife;K12 8JW;54.7023545;-3.2765753
GB KC 219;Gillies Seafoods;67 Cross Way;Fife;KY11 9JE;56.0451894;-3.3467700
GB KC 309;G & J Wilson Limited;Unit 1B & 1C;St Monans;KY10 2DW;51.4826351;-0.0439804
GB KC 310;East Neuk Kilnhouse Ltd;Unit 2E;St Monans;KY10 2DW;52.5065065;-2.0270807
GB KC 315;Argo Fish;Unit 1A;St Monans;KY10 2DW;51.6120353;-0.4571352
GB KC 326;St Andrews Farmhouse Cheese Co;Falside Farm;Fife;KY10 2RT;56.2382247;-2.7353508
GB KC 329;East Neuk Shellfish Ltd;8-10 East Street;;KY10 3AT;56.2050362;-2.7639179
GB KC 332;East Neuk Shellfish Ltd;6 Virgin Square;Fife;KY10 2AA;56.2050968;-2.7642463
GB KC 333;RJS Ecosse Ltd;Pittenweem Fish Market;Pitenweem;KY10 2NW;56.2117640;-2.7318705
GB KC 334;Fisher and Donaldson Ltd;Ceres Road;Fife;KY15 5JT;56.3120836;-3.0073184
GB KC 335;Firm of MFV Betty Smith;Lilac Cottage, Meadow Road;Kilconquhar;KY9 1PD;56.2104600;-2.8284700
GB KC 337;East Neuk Eggs;Unit 4B Balcormo Farm;Fife;KY10 2RE;56.2325723;-2.7769012
GB KD 001;Nestle UK Limited;Grangestone Industrial Estate;;KA26 9PL;55.2642500;-4.8326500
GB KD 005;J Pieroni & Sons;47 Peebles Street;South Ayrshire;KA8 8DP;55.4698297;-4.6293617
GB KD 007;Pierinos;17 Whitfield Drive;South Ayrshire;KA8 9RX;55.4759945;-4.5956073
GB KD 008;Scotprime Seafoods Ltd;11 Whitfield Drive;;KA8 9RZ;55.4751958;-4.5966060
GB KD 014;S B Fish;Troon Harbour;Troon;KA10 6DH;55.5479910;-4.6831228
GB KD 019;McCallums Foods Limited;Unit 2;Ayr;KA8 9AF;55.5025724;-4.5929808
GB KD 026;Dalduff Farm Foods;Dalduff Farm;;KA19 7PU;55.3299300;-4.6534500
GB KD 028;A Picken & Son;69-71 Main Street;;KA8 8BU;55.4670290;-4.6305185
GB KD 044;Pollok Williamson;41 Boundary Road;Ayr;KA8 9DJ;55.4809715;-4.6029688
GB KD 045;Blue Fin;Unit 3;Troon;KA10 6LX;55.5423133;-4.6538073
GB KD 052;Punjab Pakora Ltd;9 Crown Street;;KA8 8AG;55.4680681;-4.6319165
GB KD 055;Sea Assets Ltd;14 Deacons Place;;KA26 9BZ;51.9382245;-2.0670700
GB KD 056;Scotprime Seafoods Ltd;The Harbour;;KA10 6DH;51.2064026;0.5912440
GB KD 059;Alexanders Authentic Artisan Scottish Smoked Salmon (AAASSS);28 Henrietta Street;South Ayrshire;KA26 9AL;55.2415964;-4.8585087
GB KD 060;Coastal Diving & Marine Services Ltd;Unit 1;Harbour Road;KA10 6DH;55.5483048;-4.6839598
GB KD 061;Fuel Fit;Unit C;Dundonald;KA2 9BE;51.7759849;-1.4873944
GB KE 001;Woodlands Poultry Farm;Bigbury Road;Canterbury;CT4 7NE;51.2755561;1.0260830
GB KE 005;Whitstable Oyster Trading Co.Ltd;East Quay;Whitstable;CT5 1AB;51.3642927;1.0257806
GB KE 007;Wests Whelks;Fishermans Hut 24;Whitstable;CT5 1AB;51.0642038;1.0765643
GB KE 201;Barnes Offshore Ltd;Seiont A;Whitstable;CT51AB;53.1324070;-4.2586723
GB KE 203;Kershaws Seafoods;West Quay;Whitstable;CT51AB;55.9363892;-4.6881134
GB KG 004;Meat Link UK Ltd;The Wagon Hovel;Sutton Bassett;LE168HL;52.5000197;-0.8599216
GB KG 005;Meatlink UK Ltd;The Wagon Hovel;Market Harborough;LE16 8HL;52.5000197;-0.8599216
GB KH 001;Princess DIsenbourg et Cie Ltd;2 Bard Road;Holland Park;W10 6TP;51.5123276;-0.2199507
GB KH 003;The Grocer Ltd;Unit 6;London;W10 6RQ;51.4764128;-0.1994318
GB KH 009;Gourmet House Caviar;10 Notting Hill Gate;London;W11 3JE;51.5097785;-0.1933282
GB KI 010;Lynn Shellfish Ltd;Alexandra Dock;Kings Lynn;PE30 2ET;52.7608526;0.3904299
GB KI 011;John Lake Shellfish Ltd;Riverside;Kings Lynn;PE30 2HD;52.7635709;0.4255804
GB KI 013;T Large;Malthouse Yard;Kings Lynn;PE31 8BW;51.2137299;-0.8017971
GB KI 019;Pilgrims Pride Ltd Kings Lynn;Beveridge Way;Kings Lynn;PE30 4ND;52.7350032;0.4161897
GB KI 053;P. Loose;Malthouse Yard;Kings Lynn;PE31 8BJ;51.2137299;-0.8017971
GB KI 054;Chris Everritt;Malthouse Yard;Kings Lynn;PE31 8AR;51.2137299;-0.8017971
GB KI 055;C Southerland and Son;The Retreat;Kings Lynn;PE31 8BW;56.8989215;-2.8084884
GB KI 058;Qualipak;c/o XPO Logistics;Kings Lynn;PE30 5JH;52.7449102;0.4009408
GB KI 060;Steinvora Mussels;Steinvora;Kings Lynn;PE31 8BU;52.9662038;0.6741372
GB KI 061;Qualitops (UK) Ltd;Simon Scotland Road;Kings Lynn;PE30 4JF;52.7426126;0.4103305
GB KI 062;Fisher Fleet;Wash Princess LN 161;Kings Lynn;PE302ET;52.7608526;0.3904299
GB KI 063;Fisher Fleet;Georgie Fisher LN 474;Kings Lynn;PE302ET;52.7608526;0.3904299
GB KI 064;Fisher Fleet;Sunny Morn LN 475;Kings Lynn;PE30 2ET;52.7608526;0.3904299
GB KI 066;Fisher Fleet;Pamela Mary LN 471;Kings Lynn;PE30 2ET;52.7608526;0.3904299
GB KI 067;Fisher fleet;Sarah Louise MT 115;Kings Lynn;PE30 2ET;52.7608526;0.3904299
GB KI 068;Donaldsons;Austin Field Industrial Estate;Norfolk;PE30 1PH;52.7578699;0.4018000
GB KI 069;Fisher Fleet;Seagull LN 22;Kings Lynn;PE30 2ET;51.5093433;0.0255775
GB KI 070;Fisher Fleet;Seaswallow LN 20;Kings Lynn;PE30 2ET;52.7608526;0.3904299
GB KI 072;Fisher Fleet;Portunus LN 91;Kings Lynn;PE30 2ET;52.7608526;0.3904299
GB KI 074;Fisher Fleet;John Willy LN 465;Kings Lynn;PE30 2ET;52.7608526;0.3904299
GB KI 080;Malthouse Yard;Catherine Anne LN 476;Kings Lynn;PE31 8BW;52.9667815;0.6666793
GB KI 081;Malthouse Yard;Seadog BN2;Kings Lynn;PE31 8BW;52.9667815;0.6666793
GB KI 082;Fisher Fleet;Audrey Patricia LN 466;Kings Lynn;PE30 2ET;52.7608526;0.3904299
GB KI 083;Fisher Fleet;Tessa LN 487;Kings lynn;PE30 2ET;52.7608526;0.3904299
GB KI 084;Fisher Fleet;Jolene LN 468;Kings Lynn;PE30 2ET;52.7608526;0.3904299
GB KI 085;Fisher Fleet;Charlotte LN 446;Kings Lynn;PE30 2ET;53.3860431;-0.3632337
GB KI 086;Fisher fleet;Audrina LN 483;Kings Lynn;PE30 2ET;52.7608526;0.3904299
GB KI 087;Fisher Fleet;Ana Maria LN 478;Kings Lynn;PE30 2ET;52.7608526;0.3904299
GB KI 088;Fisher Fleet;Two Marks LN 458;Kings Lynn;PE30 2ET;52.7608526;0.3904299
GB KI 089;Law Company Frozen Food Limited;Unit 1 Beveridge Way;Kings Lynn;PE30 4NB;52.7339079;0.4126724
GB KI 093;Fisher Fleet;Lucky Luke LN 6;Kings Lynn;PE30 2ET;52.7608526;0.3904299
GB KI 094;Lynn Princess - LN 175;Fisher Fleet;Kings Lynn;PE30 2ET;52.7608526;0.3904299
GB KI 096;Staithe Smokehouse;Rear of the White Horse;Staithe;PE318BY;52.9660260;0.6793505
GB KI 097;Roger Holme Foods Limited;Unit 2;East Rudham;PE31 6TB;51.7767470;-1.4871503
GB KI 098;The Brancaster Seafood Company (Cold Store);The Garage Cold Store;Kings Lynn;PE31 8AF;52.9577356;0.6478299
GB KI 099;Seadog Shellfish Ltd;Malthouse Yard;Kings Lynn;PE31 8BJ;51.2137299;-0.8017971
GB KI 100;Norfolk Shellfish Company;Paradise Farm Buildings;Walsoken;PE147BQ;52.6602300;0.1925800
GB KI 102;GXO Logistics UK Limited;Wisbech Road;Kings Lynn;PE30 5LQ;52.7401327;0.3894632
GB KI 105;Fisher Fleet;Abbie Lou LO 574;Kings Lynn;PE302ET;52.7608526;0.3904299
GB KI 111;L & R Enefer;;Thetford;;52.4156001;0.7487120
GB KI 112;The Brancaster Seafood Company;Filleting Room at Keepers Lodge;Kings Lynn;PE31 8FD;52.9502234;0.6555500
GB KI 116;Routier Ltd;Pickling Shed;Kings Lynn;PE32 1UA;52.7039874;0.6335276
GB KI 117;Glovers Farm;Fring Road;Hunstanton;PE36 5LT;52.8963731;0.5503358
GB KI 118;Norfolk Seaweed Ltd;Peterstone Barn;Wells Next The Sea;NR23 1RR;52.9509629;0.7707732
GB KI 120;Jaleto MT105;Brancaster Staithe;Kings Lynn;PE31 8BW;52.9667815;0.6666793
GB KL 001;Ryan Benson;42 Main Street;Grange-over-Sands;LA11 7LA;54.1930003;-2.9105219
GB KL 002;JA & R Geldard;;Kendal;;54.3289795;-2.7471830
GB KL 003;James Baxter & Son Ltd;c/o Furness Fish & Game;Grange-over-Sands;LA11 7LS;54.1662800;-2.9691800
GB KL 004;Winter Tarn Dairies Ltd;Unit 20;Kendal;LA9 4RU;54.3365569;-2.7535719
GB KL 007;Furness Fish Poultry and Game Supplies;Moor Lane;Grange over Sands;LA11 7LS;51.3664779;-0.3014481
GB KL 008;Bensons Potted Shrimps;42 Main Street;Flookburgh;LA11 7LA;54.1745504;-2.9740216
GB KL 009;I & K McClure;;Grange-Over-Sands;;54.1930633;-2.9094791
GB KL 010;Mr J T Wilson;40 Market Street;Flookburgh;LA11 7JS;54.1745420;-2.9693648
GB KL 011;Dolphin House Seafoods;29 Somme Avenue;Flookburgh;LA11 7LT;54.1690784;-2.9793594
GB KL 012;T K Manning;Airfield Farm;Grange-over-Sands;LA11 7LS;54.1662800;-2.9691800
GB KL 020;Kendal Nutricare Ltd;Mint Bridge Road;Kendal;LA9 6NL;54.3412757;-2.7390153
GB KL 021;Luxury Lakes;The Old Dairy;Kendal;LA9 6NT;54.3437716;-2.7389221
GB KL 027;Windermere Ice Cream Co;Unit 3 Back Ellerthwaite Road;Windermere;LA23 2AL;54.3749231;-2.9061837
GB KL 036;Holme Farm Dairy Ice Cream;Meathop Road;Grange over Sands;LA11 6QX;54.2004973;-2.8850888
GB KL 037;Holker Farm Dairy;Holker Farm house;Grange over Sands;LA11 7PS;53.7731294;-2.3522789
GB KL 040;Brian Todd;Station Yard;Kendal;LA9 6BT;54.3321349;-2.7415762
GB KL 042;David Willan Quality Fresh Foods;The Station Yard Estate;Kendal;LA9 7HF;54.3049561;-2.7216865
GB KL 044;Cumbrian Way Food Ltd;The Barn at Thrang Farm;Ambleside;LA22 9JJ;54.4396586;-3.0500396
GB KL 045;Lakeland Free Range Eggs;The Howes;Windermere;LA23 1JL;54.3798363;-2.8764738
GB KL 047;J M Pratt Ltd;Birks Mill;Sedbergh;LA10 5HQ;54.3169119;-2.5380973
GB KL 048;Whin Yeats Dairy;Whin Yeats Farm;Carnforth;LA6 2PJ;54.2053700;-2.6791800
GB KL 049;W McClure Ltd;College Road;Windermere;LA23 1BX;54.3783254;-2.9073118
GB KL 050;Ulverston Meat Company Limited;Unit 1;Ulverston;LA12 9DL;54.1844079;-3.1176510
GB KL 051;Kakophony Ltd;2 Barn Mews;Bardsea;LA12 9QS;52.9165962;-1.4973840
GB KL 052;Pappys Texas Barbecue;The Old Smokehouse;Kendal;LA9 4ND;51.7618504;-0.5730105
GB KL 054;Newbiggin Shellfish Ltd;Newbiggin;Cumbria;LA12 0RH;54.1377905;-0.8002463
GB KL 055;The Cheese Larder;Station Yard;Kendal;LA9 6BT;54.3321349;-2.7415762
GB KL 056;Wagtail Kitchen Ltd;Wagtail Kitchen;Kendal;LA8 8QJ;54.3448828;-2.7777562
GB KL 057;Henterprise;Sandgate Farm;Flookburgh;LA11 7LD;54.1732200;-2.9889000
GB KL 058;Strickley Dairy;Strickley Farm;Kendal;LA8 0LU;54.2966652;-2.6953909
GB KM 003;Sailbrand;Unit 11 - 15 New Wholesale Market;Huddersfield;HD2 1YF;53.6606389;-1.7678241
GB KM 004;The Birkby Cheese Company;Unit 8;Paddock;HD1 4RR;53.6415191;-1.7993050
GB KM 011;R G & M E Dearnley;Barkhouse Farm Dairy;Huddersfield;HD8 8LJ;53.5973028;-1.6862504
GB KM 020;Delph House Farm;High Flatts;Huddersfield;HD8 8XY;53.5633848;-1.6808888
GB KM 023;H Buckley & Son;Dry Hill Farm;Huddersfield;HD8 8YN;53.5713140;-1.6361382
GB KM 025;S Brigg & Sons;Far Wortshill;Huddersfield;HD7 5UZ;53.6296300;-1.9128000
GB KM 050;Longley Farm;Longley Lane;Holmfirth;HD9 2JD;53.5520238;-1.7830028
GB KM 072;Plus Foods;Railway Sawmills;Huddersfield;HD1 3UN;53.6322600;-1.7994900
GB KM 073;West Yorkshire Bacon Co Ltd;Savile Street;Huddersfield;HD3 4PG;53.6412723;-1.8279128
GB KM 074;AJ Pies and Pastries Ltd;;Huddersfield;;53.6466645;-1.7822482
GB KM 088;Kober Ltd;Unit 4 West 26 Industrial Estate;Cleckheaton;BD19 4TS;53.7379444;-1.7215173
GB KM 101;Mariams;9-11 Carr Street;Batley;WF12 2HF;53.7013110;-1.6316082
GB KM 103;Munshis Halal (Dewsbury) Ltd;Bretton Street Industrial Estate;Dewsbury;WF12 9BB;53.6784358;-1.6212606
GB KM 107;Bennetts Eggs Liversedge;Clough Lane Hightown;Huddersfield;WF15 8AD;53.7107800;-1.7143200
GB KM 109;C Hinchliffe S Hirst and L Hirst;Sunnyside Farm;Netherton;HD4 7LE;53.2946958;-0.1113688
GB KM 110;PS & SP Kershaw;Bradley Villa Farm;Huddefsfield;HD22JY;53.6802000;-1.7756300
GB KM 113;La Bake Ltd;Unit 3;Cleckheaton;BD19 4EW;53.7192485;-1.7034767
GB KM 124;Hanya Foods;Unit 5;Dewsbury;WF129BQ;53.6882007;-1.6348905
GB KM 125;Hollin House Farm;Hollin House Lane;Huddersfield;HD8 9LH;53.5828534;-1.6067867
GB KM 126;C J Fresh Foods Ltd;Unit 11;Brockholes;HD97BN;53.5945242;-1.7703816
GB KM 128;Happy Snax;52 Wellington Street;Batley;WF17 5HU;53.7121901;-1.6349988
GB KM 129;Moreish Cuisine Ltd;Unit 209;Dewsbury;WF12 9BG;53.6859218;-1.6211332
GB KM 132;Total Foodservice Solutions Ltd;Green Lea Mills;Huddersfield;HD5 9XX;53.6462329;-1.7428322
GB KM 134;Halal Dudes;Unit 208;Dewsbury;WF12 9DB;53.6870193;-1.6233034
GB KM 135;Yorkshire Fine Cheese;Barncliffe Mills;Huddersfield;HD8 8LU;53.5909482;-1.6871931
GB KM 138;HT Enterprise Distribution;Millgate;Huddersfield;HD1 4SD;53.6413345;-1.8012405
GB KM 139;Huddersfield Food Service Ltd;Unit 3  Railway Sawmills;Huddersfield;HD1 3UN;53.6322600;-1.7994900
GB KM 141;Shiso Ltd;The Burnt Hill Herb Co;Huddersfield;HD4 6UN;53.6065171;-1.7447550
GB KM 142;Home Farm Foods Unit;Unit 17;Holmfirth;HD9 7BN;53.5788042;-1.7609798
GB KM 143;Halal Catering Supplies;Units 6 & 7a;Batley;WF17 6JD;53.5504590;-2.0887218
GB KM 144;Delifresh Limited;Unit 1;Oakenshaw;BD12 7AZ;53.7391994;-1.7420434
GB KM 145;H B Food Services Ltd;Vulcan Work;Dewsbury;WF13 2NA;53.6909800;-1.6377400
GB KN 014;Ellies Dairy;Broomhill Farm;Sittingbourne;ME90DS;55.8399931;-3.5368920
GB KN 015;Kingcott Dairy;Iden Manor Farm;Tonbridge;TN12 0ES;51.1510900;0.5530000
GB KN 016;Barradale Eggs Ltd;Maidstone Road;North Ashford;TN27 9PJ;51.1561887;0.8609404
GB KN 020;Ellite Jus Ltd;Unit 15;Maidstone;ME15 9XU;51.2278878;0.5893691
GB KN 021;David Catt & Sons Ltd;East Hall Farm;Maidstone;ME17 4JT;51.2186300;0.5500699
GB KN 022;Curd and Cure Ltd;Clapper Farm;Tonbridge;TN12 0JT;51.3214469;-1.1340199
GB KN 023;Lazy Lobster Wholesale Foods Limited;Barngarth Farm;Maidstone;ME14 3HE;51.3176200;0.5955700
GB KN 025;Subzero (2003) Limited;Unit 3 & 5;Aylesford;ME20 7US;51.2971148;0.4848591
GB KN 027;LAM Food and Fibre Ltd;Wheatsheaf Farm;Stockbury;ME9 7SA;52.9606635;-1.7240344
GB KN 028;Pharmaquipe Ltd;Unit 2;Maidstone;ME15 6JQ;51.2608761;0.5262704
GB KO 008;The Fine Cheese Co.;Tolldown Farm;Chippenham;SN14 8HZ;51.4908389;-2.3552672
GB KO 012;Acar 68 Meat Ltd;Unit 11;Bristol;BS30 5NA;51.1470460;-2.9873779
GB KO 013;EVCargo Logistics;Unit 10;Bristol;BS34 5TA;51.4522479;-2.5503830
GB KO 015;JJ Food Service Ltd;Unit 5 The Cobden Centre;Bristol;BS16 7FQ;51.5052987;-2.4818343
GB KO 016;Charles Saunders Food Service;Great Western Business Park;Bristol;BS37 5NG;51.5469572;-2.4370586
GB KO 018;Chapple and Jenkins;Station Road;Bristol;BS15 4NR;54.7023545;-3.2765753
GB KO 019;Chestnut Farm Eggs;Chestnut Farm;Frampton Cotterell;BS36 2NS;52.0297052;-0.2865196
GB KO 022;Leivers;Unit 7 Ascent;Bristol;BS16 9QH;53.0858812;-1.5764029
GB KO 023;Camp Farm;Latteridge Lane;Alveston;BS35 3FT;51.5696427;-2.4875744
GB KO 024;C. Carnevale Ltd;Apolo Park;Yate;BS37 5AH;51.5486558;-2.4323775
GB KO 025;Kara Catering Ltd;Unit 3;Bristol;BS15 4TA;51.4561999;-2.5719630
GB KO 026;Origin Butchers Limited;Unit 15 & 16;Tortworth;GL12 8HQ;51.6353377;-2.4368637
GB KO 030;The Compleat Food Group (Bristol) Ltd;Unit 4 Bristol Distribution Park;Bristol;BS32 0BF;51.5473319;-2.5504474
GB KO 034;Independent Gourmet Foods;78 Gloucester Road;Bristol;BS32 4HP;51.4740811;-2.5917346
GB KO 035;Centaur Foods;Unit 2;Bristol;BS16 9QH;51.4740929;-2.4911231
GB KS 123;Hazlett Wood Farm House;Stoneings Lane;Sevenoaks;TN14 7PN;51.3007779;0.0924010
GB KS 128;Jardox Limited;Units 1-3 Block 6;Sevenoaks;TN14 5EL;51.2987256;0.1954129
GB KS 129;Blackwoods Cheese Company;Bore Place;Chiddingstone;TN8 7AR;51.2119666;0.1521647
GB KS 131;Fairseat Farm Eggs Ltd;9 Skein Enterprise Park;Sevenoaks;TN15 7LB;51.3386100;0.3367500
GB KS 134;Chiddingstone Dairy Ltd;Hilders Farm;Edenbridge;TN8 7PW;51.0509071;0.1773958
GB KS 135;James Burden Ltd;Upper Hockenden Farm;Swanley;BR8 7QH;51.4015787;0.1509319
GB KT 011;Fridays Limited;Chequer Tree Farm;Cranbrook;TN17 3PN;51.0796400;0.5456100
GB KT 022;Hinxden Farm Dairy;Hinxden Farm;Kent;TN17 4LE;51.0574500;0.5515600
GB KT 026;Anthony Rowcliffe & Son Ltd;Unit B;Tonbridge;TN12 6UU;51.7757807;-1.4870721
GB KT 041;Kentish Mayde;Havisham House;Cranbrook;TN27 8LD;51.4989637;-0.0674740
GB KT 042;Fridays Limited;Knoxbridge Farm;Frittenden;TN17 2BT;51.1372782;0.5555109
GB KT 044;Bidfood Foodservice;Paddock Wood;Tonbridge;TN1 6UU;51.1808464;0.3884498
GB KT 046;Kent Dairy Company Limited;Unit 6-7;Cranbrook;TN17 1HE;51.1138959;0.4708513
GB KT 060;The Franconian Sausage Company Ltd;Unit 26;Tonbridge;TN12 6BE;51.2943256;0.4094714
GB KT 061;Thomas Ridley & Son Ltd;Unit 1A;Paddock Wood;TN12 6UU;51.8061369;-0.3303068
GB KT 062;Nortrade Foods Limited;Units 2-3 Hawkhurst Station Business Park;Cranbrook;TN18 5BD;51.0638000;0.5058600
GB KT 063;FAS 2000;Units N & P Paddock Wood Distribution Centre;Tonbridge;TN12 6UU;51.1841099;0.3981199
GB KU 006;New England Seafood International;48 Cox Lane;Chessington;KT9 1TW;51.3690254;-0.2947276
GB KU 007;Jarvis the Fishmonger;58 Coombe Road;Kingston upon Thames;KT2 7AF;51.4124071;-0.2868671
GB KU 013;H Mart Europe Ltd;Units 1 & 5;New Malden;KT3 3NW;51.3697331;-0.4760473
GB KU 015;Wismettac Harro Foods Ltd;Oakpoint;Chessington;KT9 1RH;51.3707296;-0.2939508
GB KU 016;A Touch of Caviar Ltd;Unit A Barwell Business Park;Kingston;KT9 2NY;51.3553917;-0.3097576
GB KU 017;Andinos Wholesale Limited;;Chessington;;51.3583360;-0.2986216
GB KW 001;Hall and Roberts (Provisions) Limited;Cheshire Oak;Widnes;WA8 0QD;53.3559600;-2.7352400
GB KW 008;Aigburth Bacon Company;Oldgate;Widnes;WA8 8TL;53.3595299;-2.7655787
GB KW 010;Croda Europe Limited;Foundry Lane;Widnes;WA8 8UB;53.3528723;-2.7648240
GB KW 014;Dorton’s Bacon Supplies Ltd;Unit 4F;Widnes;WA8 8TL;53.3458524;-2.7381169
GB KW 018;Heathfield Provisions Limited;Unit 8;Widnes;WA8 8RA;53.3458524;-2.7381169
GB KW 019;Hosokawa Micron;Rivington Road;Runcorn;WA7 3DS;53.3097581;-2.6515604
GB KW 020;County Food Ingredients Ltd;Unit 1 Dennis Road;Widnes;WA8 0YQ;53.3633952;-2.7180909
GB KW 021;Thompson and Capper Ltd;Unit 9 - 12;Runcorn;WA7 1PH;51.7764851;-1.4826481
GB KY 004;IBL Coldstores;Acornfield Road;Liverpool;L33 7YX;53.4870389;-2.8483994
GB KY 009;Dairy Crest Ltd;Moorgate Road North;Liverpool;L33 7XW;53.4696455;-2.8710272
GB KY 010;Total Serve (Wholesale) Ltd t/a Arbour Foods;Unit 2A Arbour Court;Liverpool;L33 7XE;53.4833348;-2.8642504
GB KY 011;Stef Langdons Ltd;2 Owen Road;Knowlsey;L33 7YP;53.4699108;-2.8577716
GB KY 012;Applied Nutrition Ltd;Unit AC2 Trio;Knowsley;L33 7UG;53.4881200;-2.8475100
GB KY 013;Fareshare;1 A/B;Kirkby;L33 7SA;53.4814712;-2.8567027
GB KY 014;The Lids Catering & Co;3 Cornhill Works;Knowsley;L33 7UH;53.4877438;-2.8569028
GB KY 015;Home Foods Asia Ltd;Unit 16;Huyton;L36 6JG;53.4092669;-2.8324155
GB KY 016;Home Foods Asia Ltd;Unit D1 and D2 Penrhyn Court;Knowsley;L34 9AB;53.4628364;-2.8624205
GB LA 001;MOWI Scotland Limited;Blar Mhor Industrial Estate;Fort William;PH33 7PT;56.8383400;-5.0854700
GB LA 002;Loch Leven Shellfish (Scotland) Ltd;Loch Leven;By Fort William;PH33 6RY;53.8535488;-1.8362012
GB LA 010;Glencoe Shellfish Ltd;Floating Dispatch / Purification Centre at:;(NN 146 616);;54.7023545;-3.2765753
GB LA 017;Highland Smoked Salmon (Scotland) Ltd;1-4 Blar Mhor Industrial Estate;Inverness-shire;PH33 7PT;56.8383400;-5.0854700
GB LA 024;Mallaig Fish / Prawn Market and Fish Auction Hall;The Harbour;Inverness-shire;PH41 4QB;51.2064026;0.5912440
GB LB 001;Pukka Pies;The Half Croft;Syston;LE7 1LD;52.7009000;-1.0827317
GB LB 012;D Clarke and Son;29 Main Street;Queniborough;LE7 3DB;52.7025224;-1.0402046
GB LB 018;Bill Cooling Butchers;The Woodlands;Loughborough;LE12 9DE;51.4778194;-0.1037000
GB LB 021;Syed Kamal Frozen Foods Ltd;Unit 5-6 Earls Close;Thurmaston;LE4 8FZ;52.6789638;-1.0865072
GB LB 022;A R Mann;South Croxton Grange;South Croxton;LE7 3RX;52.6982700;-1.0068700
GB LB 023;Sunrise Poultry Ltd;250 Seagrave Road;Sileby;LE12 7NJ;52.7481588;-1.0942037
GB LB 027;A C Birkle;Dungehill Farm;Wymeswold;LE12 6SE;52.8021200;-1.0613400
GB LB 028;Ridgeway Farm;South Croxton Road;Quenniborough;LE7 3RX;52.6963219;-0.9976157
GB LB 032;FDL Cheese Ltd;Pavilion House;Loughborough;LE11 5GW;51.5189692;-0.0679505
GB LB 034;Countryside Enterprises CIC;60 Green Lane;Seagrave;LE12 7LU;52.7576239;-1.0856996
GB LB 035;Manor Farm;40 Ratcliffe Road;Thrussington;LE7 4UF;52.7349818;-1.0419407
GB LC 021;Dani Foods Ltd;No 3 Shed;Boston;PE21 6BN;51.2315723;-0.3358199
GB LC 025;Greencore Boston (Meals);Laburnum Farm;Boston;PE22 9PN;53.0712198;-1.4195187
GB LC 026;Central Production Unit;Pilgrim Hospital Catering Department;Boston;PE21 9QS;52.9913871;-0.0112785
GB LC 028;Willoughby Foods Ltd;The Food Factory;Boston;PE21 7LE;56.3951452;-3.4325981
GB LC 029;Boston Sausage;460 Nursery Road;Boston;PE21 7TN;52.9642363;-0.0124533
GB LC 033;Freiston Shore Shellfish;Southery House;Boston;PE22 0LS;52.9518202;0.0648599
GB LC 037;Ideal Catering Ltd;Units 3 & 4;Boston;PE21 7TW;52.9331680;-0.0587898
GB LC 041;MV Ruby Doo BN3;Port of Boston;Boston;PE21 8AF;52.9689929;-0.0266665
GB LC 043;MV Abigail BN24;Port of Boston;Boston;PE21 8AF;52.9689929;-0.0266665
GB LC 045;MV Kathryn James BN 190;Port of Boston;Boston;PE21 8AF;52.9689929;-0.0266665
GB LC 046;MV Merlin BN39;Port of Boston;Boston;PE21 8AF;52.9689929;-0.0266665
GB LC 049;MV Jaime Louise;Port of Boston;Boston;PE21 8AF;52.9689929;-0.0266665
GB LC 051;MV Patricia - B BN445;Port of Boston;Boston;PE21 8AF;52.9689929;-0.0266665
GB LC 052;MV Seven Sisters;Port of Boston;Boston;PE21 8AF;52.9689929;-0.0266665
GB LC 053;Greenyard Frozen (UK) Ltd;Marsh Lane;Boston;PE21 7PJ;52.9638535;-0.0145293
GB LC 055;MV Cally Seranne;Port of Boston;Boston;PE21 8AF;52.9689929;-0.0266665
GB LC 056;MV Lili Mae (BN439);Port of Boston;Boston;PE21 8AF;52.9689929;-0.0266665
GB LC 057;MV Jarcon - BN62;St Anns Lane Quay;Boston;PE21 8TL;52.9716000;-0.0243899
GB LC 059;MV Tracey Elaine;BN5;Boston;PE21 8AF;53.0086069;-0.0232576
GB LC 061;MV Boy Lukie LO89;London Road Quay;Boston;PE21 8AF;52.9689929;-0.0266665
GB LC 062;MV Louie Lou;BN100;Boston;PE21 6JX;53.0086069;-0.0232576
GB LC 065;MV Cally Seranne;BN 430;Boston;PE22 0LA;52.4031402;-1.5853953
GB LC 066;MV Vicky Ellen;BN86;Boston;PE21 8AF;53.0086069;-0.0232576
GB LC 067;Alu Farm;Grovefield Lane;Boston;PE22 0QL;52.9596737;0.0458083
GB LD 104;Fresh Island Foods;17 Hunslet Trading Estate;Leeds;LS10 1BL;53.7781185;-1.5186671
GB LD 117;GXO Leeds Cold Store;Newmarket Green;Leeds;LS9 0RW;53.7884797;-1.5072504
GB LD 126;Sadlers Cooked Meats;56 Main Street;Wakefield;WF3 2AT;53.7251339;-1.5356183
GB LD 134;David Sadler and Son;Holmsley Field Lane;Leeds;LS26 8TD;53.7521276;-1.4519841
GB LD 136;Leeds Bacon Co (1977) Ltd;102 - 106 Henconner Lane;Leeds;LS13 4LG;53.8016806;-1.6203185
GB LD 200;Harder Bros Limited;Valley Road;Leeds;LS27 8EX;53.7496492;-1.5905276
GB LD 210;Arla Foods;Pontefract Road;Leeds;LS10 1AX;53.7655661;-1.4976656
GB LD 213;TD Goodall;Beech Grove Farm;Leeds;LS14 3HQ;53.8596807;-1.4562643
GB LD 214;DL & J Heron;Bramhope Grove Farm;Leeds;LS16 9JR;53.8772022;-1.6067748
GB LD 215;Dairygold Food Ingredients UK Ltd;19 Astley Way;Leeds;LS26 8XT;53.7629267;-1.4145199
GB LD 218;Istanbul Donor;Units 3 19 21 & 23 Lockwood Way;Leeds;LS11 5TH;53.7681051;-1.5459050
GB LD 226;J And S Foods;Unit 3c;Leeds;LS5 3AP;53.8157770;-1.6077176
GB LD 228;T Quality Limited;Crow Nest Lane;Leeds;LS11 8AT;53.7714449;-1.5791031
GB LD 229;Arla Foods National Distribution Centre;Leodis Way;Leeds;LS10 1NN;53.7641156;-1.5045061
GB LD 233;Maumoniat International Food;39 Canal Road;Leeds;LS12 2LX;53.7999328;-1.5838355
GB LD 235;Sheepcotes Farm;Ledston Luck;Leeds;LS25 7BY;53.7704739;-1.3486752
GB LD 243;Cryer and Stott Cheesemongers;20 - 24 Station Road;Allerton Bywater;WF10 2BP;53.7433152;-1.3651098
GB LD 244;Prince Donor;Rear of 5-9 Upper accomodation Road;Leeds;LS9 8RZ;53.7928438;-1.5230304
GB LD 249;Collins Seafoods Yorkshire;Felnex Crescent;Leeds;LS9 0SN;53.7873014;-1.4982389
GB LD 253;Freshways;2 Loiner Court;Leeds;LS9 0HE;53.7870213;-1.4999151
GB LD 256;Turka Doner;Unit 3 Cockersdale Works;Bradford;BD11 1NQ;53.7644205;-1.6458983
GB LD 260;Imran Samosa;56 Dorset Terrace;Leeds;LS8 3QR;53.8143166;-1.5128642
GB LD 263;Alivini North Ltd;Unit 6b;Garforth;LS25 2DY;53.7951307;-1.3728008
GB LD 264;Basco Fine Foods;Unit 427c Birch Park;Wetherby;LS23 7FG;53.9113465;-1.3125819
GB LD 265;Saviano Food Imports Ltd;Unit 4;Leeds;LS12 6DX;53.8017174;-1.6456231
GB LD 266;J and B Foods;Unit 6;Morley;LS27 0HW;52.9975178;-1.1365454
GB LD 267;Neils Catering Division;Unit 1 Taverners Walk Estate;Leeds;LS7 1AH;53.8054548;-1.5351647
GB LD 268;Haighs Masters Bakers;28a Otley Road;Leeds;LS20 8AH;53.8731987;-1.7109367
GB LD 270;Madeley Dairies;Green Side Farm;Leeds;LS19 7DW;53.8577013;-1.6931335
GB LD 271;Delico;Unit 7 and 8;Leeds;LS7 1AH;53.8054548;-1.5351647
GB LD 273;Yorkshire Pecorino Cheese Ltd;4-5 The Dairy Yard;Leeds;LS21 1BR;53.3714117;0.0092052
GB LD 274;British premium Meats;Unit 18;Leeds;LS12 2DR;53.7953150;-1.5652918
GB LD 275;Hebdon & Poole Fine Foods;Unit 423D;Wetherby;LS23 7FG;53.9113465;-1.3125819
GB LD 277;Khruathai Ltd;Units 4 & 5;Burley;LS42AZ;53.8036642;-1.5765058
GB LD 279;Kent Foods Ltd;Old Run Road;Leeds;LS10 2AA;53.7678150;-1.5364353
GB LD 281;J Kellett Foods Ltd;Unit 4 & Unit 8 Southfield Mills;Leeds;LS27 0HW;53.7350900;-1.5896999
GB LD 282;Moran Logistics;Unit 1 Logistics Way;Leeds;LS10 1TA;53.7646389;-1.4934559
GB LD 284;YOPO Ltd;1 Enterprise Park Industrial Estate;Leeds;LS11 8HA;53.7683300;-1.5664800
GB LD 286;Alanas;96 Town Street;Leeds;LS12 3HN;53.7970199;-1.5960820
GB LD 288;Froch Foods Ltd;Unit 4 Waterside Industrial Park;Leeds;LS10 1RW;53.7746900;-1.5038800
GB LD 289;Sing Kee Foods;Units 1 And 2;Leeds;LS9 7NF;53.7938955;-1.5418298
GB LD 290;Sing Kee Foods;Ground Floor;Leeds;LS7 1BA;53.7969055;-1.5437373
GB LD 291;FareShare Yorkshire;5 Leodis Court;Leeds;LS11 5JJ;53.7903393;-1.5517377
GB LD 292;Fareshare Yorkshire;Unit 7;Leeds;LS11 5JW;53.8065325;-1.5332113
GB LD 293;FCN Frozen Foods;Unit 6C;Leeds;LS9 0SH;53.7882755;-1.5102925
GB LD 294;Ahmad Meats;4 Middleton Grove;Leeds;LS11 5LP;53.7685233;-1.5466469
GB LD 295;Natalino Italian Food Specialists Ltd;Unit 26 Penraevon Industrial Estate;Leeds;LS7 2AW;53.8133588;-1.5425556
GB LD 296;Master Cash And Carry;Unit 50 Scotch Park Trading Estate;Leeds;LS122PY;53.8001000;-1.5780500
GB LD 297;GXO;Sturton Grange;Leeds;LS25 4DZ;53.7933873;-1.3601131
GB LD 298;Boojum;Unit C5;Leeds;LS12 2UA;53.7938955;-1.5418298
GB LD 299;Kitchens LS7 Ltd;Unit 6 Penraevon Industrial Estate;Leeds;LS7 2AW;53.8133588;-1.5425556
GB LD 300;Orient Foods Wholesale Ltd;Unit 9 Sheepscar House;Leeds;LS7 1AD;53.8063151;-1.5332484
GB LD 301;Regency Online Shopping;Unit 9 Kirkstall Industrial Park;Leeds;LS42AZ;53.8035096;-1.5791817
GB LE 003;Meadow Farm;;Hitchin;;51.9486943;-0.2779124
GB LE 004;Kenhurst Fresh Foods Limited;Unit 18;Hitchin;SG4 0TW;51.9601694;-0.2798459
GB LE 006;Dairy Day Limited;Unit 3;Letchworth Garden City;SG61HE;51.4552063;-0.9732178
GB LE 007;The Greek Farmer;Langley Hill Farm;Hitchin;SG4 7PS;51.8867500;-0.2372900
GB LE 008;The Greek Deli;The Greek Deli @ Aztek Logistics Ltd;Letchworth Garden City;SG6 1JZ;51.9835949;-0.2133294
GB LE 009;Saucepan Limited;Unit 14;Hitchin;SG4 0TW;51.9601694;-0.2798459
GB LE 010;Lannock Farm Partnership;Lannock Farm;Weston;SG4 7EE;51.9582537;-0.1859200
GB LE 011;JC Agriculture Ltd;21 The Heath;Hitchin;SG4 8PJ;51.8896367;-0.3317911
GB LF 007;John Owen;53 Britannia Way;Lichfield;WS149UY;52.6843952;-1.8013131
GB LF 008;ELC (UK) Ltd;Lynne Lane;Shenstone;WS14 0AT;52.6389799;-1.8469400
GB LF 015;Snackaway;Units 7a-7b;Burntwood;WS7 3GN;53.5501507;-2.0888057
GB LH 013;James Knight of Mayfair Limited;135-138 Newport Street;Vauxhall;SE11 6AQ;51.4918023;-0.1183221
GB LH 015;Brindisa Ltd;9a Weir Road;London;SW12 0LT;51.4457056;-0.1421782
GB LH 017;Jones the Butcher;2 Effra Parade;London;SW2 1PS;51.4567726;-0.1094104
GB LH 018;Wila Ltd;Unit 17;London;SE24 0HG;51.5655869;-0.1074206
GB LH 020;ODumplings;Unit 10;London;SW12 0PS;51.4291654;-0.1656493
GB LH 021;Deep Red;Arch 514;London;SW9 7EX;51.4647159;-0.1049064
GB LH 022;Milegate Limited;20 Somerleyton Road;London;SW9 8ND;51.4608743;-0.1093358
GB LI 006;Bakkavor Group;Soups and Sauces;Spalding;PE11 2BB;52.8031486;-0.1352089
GB LI 008;Princes Food Ltd;Bridge Road;Spalding;PE12 9EQ;52.7785134;0.1543959
GB LI 020;Bakkavor Group;Chalk Lane;Sutton Bridge;PE12 9YF;52.7621061;0.2055034
GB LI 030;Bakkavor Group Freshcook;Sluice Road;Spalding;PE12 8BH;52.8453442;0.0039558
GB LI 032;Spalding Cold Store Ltd;West Marsh Road;Spalding;PE11 2BB;52.8005429;-0.1347904
GB LI 035;Fowler Welch Ltd;West Marsh Road;Spalding;PE11 2BB;52.8005429;-0.1347904
GB LI 036;Americold Spalding Ltd;Americold;Spalding;PE12 6HA;52.8021425;-0.1257022
GB LI 044;Bakkavor Logistics;Spalding Distribution Centre;Spalding;PE11 2BB;52.8031486;-0.1352089
GB LJ 008;Samworth Brothers Ltd Walkers (Charnwood) Bakery;200 Madeline Road;Leicester;LE4 1EX;52.6738572;-1.1573393
GB LJ 015;Everest Dairies Ltd;Units L M & G;Leicester;LE5 3EB;52.6393100;-1.1141700
GB LJ 018;Food Attraction Limited;Unit 21;Leicester;LE4 9WF;52.6694911;-1.1063182
GB LJ 024;Walkers Midshire Foods;111 Cobden Street;Leicester;LE1 2LB;52.6443545;-1.1169130
GB LJ 036;M & M Seafood Ltd;Unit R S & T;Leicester;LE5 3EB;52.6393100;-1.1141700
GB LJ 039;Speedy Chef Ltd;15 Glenbarr Avenue;Leicester;LE4 0AE;52.6448914;-1.1447826
GB LJ 043;AA Foods Ltd;37-43 Brougham Street;Leicester;LE1 2BA;52.6384189;-1.1226537
GB LJ 046;Bar BQ Base;78 Conduit Street;Leicester;LE2 0JN;52.6314366;-1.1222781
GB LJ 048;Aisha Foods Limited;Unit 5;Leicester;LE5 3BD;52.6114553;-1.1391376
GB LJ 054;Star Dairies Limited;Building F;Leicester;LE5 0DW;52.6443200;-1.1081100
GB LJ 056;Kebab King Wholesale Limited;2 Bradgate Street;Leicester;LE40AW;52.6440334;-1.1438631
GB LJ 059;M&M Seafood Ltd;Unit P;Leicester;LE5 3EB;51.4705570;-3.1402701
GB LJ 060;Samworth Brothers Ltd;Bradgate Bakery Ashton Green;Leicester;LE4 2AD;52.6762800;-1.1471100
GB LJ 061;Samworth Brothers Supply Chain;Oak Meadow;Leicester;LE3 1UR;54.7023545;-3.2765753
GB LJ 062;Solo Distribution;Wholesale Market;Leicester;LE27SN;52.6175000;-1.1363399
GB LJ 063;Kotula;18 Commercial Square;Leicester;LE27SR;52.6168329;-1.1330892
GB LJ 064;M & M Seafood Ltd;17 Hutchinson Street;Leicester;LE20BD;52.6338726;-1.1190604
GB LJ 069;Universal Flexible Packaging;61 Lunsford Road;Leicester;LE5 0HJ;52.6476407;-1.1042684
GB LJ 070;Piping Rock UK Ltd;2 Ashridge Close;Leicester;LE3 1BY;52.5037595;-1.4477056
GB LJ 071;Leicester Sausage and Fast Food Ltd;15 Glenbarr Avenue;Leicester;LE4 0AE;52.6448914;-1.1447826
GB LJ 073;The New Egg Company;Unit 6;Leicester;LE5 1TL;52.6406145;-1.1397806
GB LJ 074;Meadow Farm Dairies (Leicester) Limited;51A Meynell Road;Leicester;LE5 3NE;52.6414458;-1.1017276
GB LJ 076;The Dumpling Company England;Unit 8;Leicester;LE5 3BF;52.6387946;-1.1296116
GB LJ 077;Giggling Squid;Chokdee Ltd;Leicester;LE3 1TU;52.6321800;-1.2104400
GB LJ 078;Walkers Deli And Sausage Co.;66 Cobden Street;Leicester;LE1 2LB;52.6433433;-1.1159030
GB LJ 079;Fresh Food For Now Ltd;1 Radar Road;Leicester;LE3 1DN;52.6325217;-1.1915314
GB LJ 081;Marsico Trading Limited;22 Hawarden Avenue;Leicester;LE5 4NN;52.6399811;-1.0921551
GB LJ 082;Leicester Pastry Company Ltd;12-16 Gopsall Street;Leicester;LE2 0DL;52.6307476;-1.1160561
GB LJ 083;Thalir UK Limited;Unit 7;Leicester;LE5 0DA;52.6114209;-1.1389754
GB LJ 084;Liberty Frozen Foods Limited;Unit B2;Leicester;LE4 9LR;52.6690166;-1.1066376
GB LJ 085;Nehrain UK Trading Limited;148B Unit;Leicester;LE5 4BN;52.6391599;-1.0932700
GB LJ 086;MJA Foods Ltd;Unit 2 Ground floor;Leicester;LE50ET;52.0475546;-0.3645237
GB LJ 087;Marination Station Ltd;Unit 47;Leicester;LE27SQ;52.6433907;-1.1359479
GB LK 002;Ornua Foods UK Ltd;Barnfields Industrial Estate;Leek;ST13 5SP;53.0961354;-2.0348137
GB LK 004;Croda Europe Limited;Barnfield Road;Leek;ST13 5QJ;53.0940889;-2.0308488
GB LK 006;Goldhurst Distribution Ltd;1 Tape Street;Cheadle;ST10 1BB;52.9884289;-1.9870687
GB LK 008;Wheat Brothers Dairy;Bradeley Farm;Cheadle;ST10 2NJ;52.9927200;-2.0143100
GB LK 012;D & S Brassington (Meats) Ltd;Youngs Green Farm;Stoke on Trent;ST10 2EL;53.0199700;-2.0233300
GB LK 013;Allicio Nutrition Limited;Sunnyhills Road;Leek;ST13 5RJ;53.0951444;-2.0349067
GB LK 014;Staffordshire Cheese Company;Unit 12;Cheddleton;ST13 7EF;53.0666216;-2.0334021
GB LK 015;Messrs S B Mellor;Pethills Head;Leek;ST13 7PF;53.0712152;-1.9143266
GB LK 017;Staffordshire Savoury Scotch Eggs;Woodlane Farm;Stanley;ST9 9LZ;53.0628100;-2.0857000
GB LK 018;Rushton Crown;Old Crown Cottage;Rushton James;SK110QY;53.1515700;-2.1082600
GB LK 019;JCB Farms LTD;Wardle Quarry;Cauldon Low;ST10 3HA;53.0261100;-1.8739300
GB LK 020;Cottage Delight Ltd;Brooklands Way;Leek;ST13 7QF;53.0813718;-2.0153862
GB LL 008;Old Grange Farm;;Preston;;53.7593363;-2.6992717
GB LL 014;Summit Foods Ltd;170 Walton Summit Road;Preston;PR5 8AH;53.7179513;-2.6531244
GB LL 018;Rockcliffe Group Int Limited;473 - 475;Preston;PR5 8AR;53.7156206;-2.6489063
GB LL 019;Storelogs Limited;270 Carnfield Place;Preston;PR5 8AN;53.7244231;-2.6450503
GB LL 023;T&J Leigh;Ghyll View Farm;Preston;PR4 4ST;53.7120999;-2.7707782
GB LL 025;Tak Fat Ltd;114-116 Clydesdale Place;Leyland;PR267QS;53.6991425;-2.7221974
GB LL 026;Charnley Consultancy NW Ltd;Unit 3;Bamber Bridge;PR5 6SW;53.7316508;-2.6617780
GB LM 015;Hong Wans Food Supplies;Enterprise Industrial Estate;London;SE16 3LF;51.4861162;-0.0525652
GB LM 016;My Foods Ltd;Enterprise Industrial Estate;London;SE16 3LF;51.4861162;-0.0525652
GB LM 021;Sheng Da Limited;Unit 54 Parkside;Deptford;SE8 5JB;51.4830883;-0.0376828
GB LM 022;Flakey Crust Bakery;Unit 10;London;SE6 3BX;51.4987349;-0.0765129
GB LM 024;Wagashi Japanese Bakery;42-56 Dalmain Road;London;SE23 1AT;51.4437973;-0.0474571
GB LM 025;M W Capture;Unit 6;London;SE16 3LF;51.5114405;-0.0656321
GB LM 026;Zampa Fish Limited;29 Gemini Project;London;SE14 5RL;51.4859800;-0.0449600
GB LM 027;Tom Hixson of Smithfield;Unit 2B;Sydenham;SE26 4PR;51.4292396;-0.0371348
GB LN 005;Kidz Kitchen Ltd;Units 4 & 6;Lincoln;LN5 8HJ;52.0660302;-0.7728551
GB LN 007;The Oink Company;Unit 5;Lincoln;LN2 4JB;53.2275353;-0.5389817
GB LO 007;B F P (Eastern) Limited;23 Herring Market;Lowestoft;NR32 1BZ;52.4740600;1.7532300
GB LO 025;Lowestoft Shellfish Company;Unit B;Lowestoft;NR33 7NA;51.7757807;-1.4870721
GB LO 026;Crystal Waters Ltd;6 Cooke Road;Lowestoft;NR33 7NA;52.4464812;1.7201298
GB LO 037;Birds Eye;Whapload Road;Lowestoft;NR32 1XQ;52.4831242;1.7587104
GB LO 062;B.C & H. Bradshaw;The Pines;Beccles;NR34 8JN;51.6470037;-0.1327130
GB LO 065;Fen Farm;Fen Park Farm;Bungay;NR35 1PD;52.4421194;1.4237515
GB LO 067;Truly Traceable Venison & Game Pies;40 Dukes Drive;Halesworth;IP19 8DS;52.0972968;1.0425405
GB LO 071;Wightman Fishing Co Ltd;Europa Canteen;Lowestoft;NR32 1DQ;52.4745026;1.7537722
GB LO 072;GXO;Mobbs Way;Lowestoft;NR32 3BN;52.4870705;1.7148292
GB LO 078;Black Dog Deli Foods;Unit 13 Ground Floor;Halesworth;IP198QJ;51.7691753;0.0916130
GB LO 081;Coastal Cuisine Ltd;Hadenham Road;Gisleham;NR33 7NF;52.4449379;1.7185710
GB LO 083;Seafast Cold Chain Logistics PLC;Felixstowe Mega Distribution Centre;Felixstowe;IP11 4BA;51.9709211;1.3236894
GB LO 084;KS Fish Ltd;10 Cooke Road;Lowestoft;NR33 7NA;52.4464812;1.7201298
GB LO 086;The Felixstowe Fish Monger;9 Crescent Road;Felixstowe;IP11 7BY;51.9635963;1.3510379
GB LO 087;Sunday Charcuterie;Unit 18 Mobbs Way Business Park;Lowestoft;NR32 3BE;52.4861815;1.7145656
GB LO 089;J R Blackmore Low Farm Eggs;Low Farm;Huntingfield;IP19 0QB;52.3157600;1.4127300
GB LO 090;Silver Darlings Fish Company;The Smokehouse;Lowestoft;NR32 1XA;52.4735069;1.7096028
GB LO 091;C A Cole International Ltd;Unit 3;Lowestoft;NR32 2EP;52.4792733;1.7346317
GB LP 012;Shire Foods Ltd;Tachbrook Road;Leamington Spa;CV31 3SF;52.2728142;-1.5346690
GB LP 015;A & J Audhali Fresh Foods Limited;14 Harriott Drive;Warwick;CV34 6TJ;52.2714506;-1.5517406
GB LP 019;Springfresh Foods Ltd;Welton Road;Warwick;CV345PZ;52.2930235;-1.5971188
GB LP 021;Virtue Pizza;Bericote Park;Leamington Spa;CV32 6QP;52.3224200;-1.5429100
GB LR 003;Ukay Khoa Manufacturing Ltd;Unit E2;Leicester;LE8 6ZG;52.5738109;-1.2005372
GB LR 006;Saladworks;Oak Spinney Park;Leicester;LE3 3JZ;52.6296289;-1.2103560
GB LR 009;Noble Foods Limited;Unit B;Leicester;LE3 3JZ;52.6466604;-1.1455226
GB LR 010;JCH Food Services Limited;Building 4 Carlton Park;Leicester;LE19 0EL;52.5775362;-1.2053552
GB LR 189;Fossefield Farm;Broughton Road;Leicester;LE9 4JA;52.5986241;-1.1409815
GB LT 020;Bhajis Kitchen Ltd;22 Camford Way;Luton;LU3 3AN;51.9212753;-0.4799715
GB LT 022;High Flying Food;Unit L Airport Executive Park;Luton;LU2 9NY;51.8824494;-0.3713014
GB LT 023;House of Westphalia Ltd;153 Camford Way;Luton;LU3 3AN;51.9212753;-0.4799715
GB LT 026;Euroasia Catering Supplies Ltd;15 George Street;Luton;LU1 2BJ;51.8785165;-0.4153015
GB LT 027;Air Culinaire Worldwide UK Ltd;Unit 47;Luton;LU1 1UU;51.8668744;-0.4550656
GB LT 028;GXO Logistics UK Ltd;Luton Cold Store;Luton;LU4 0JD;51.8888300;-0.4824700
GB LT 031;Kosher Deli (UK) Limited;Unit 8 Finway;Luton;LU1 1TR;51.8848971;-0.4466720
GB LT 033;A1 Frozen Foods Ltd;24 Camford Way;Luton;LU33AN;51.9212753;-0.4799715
GB LT 034;Azad Halal Poultry Limited;Unit rear of 82 Roman Road;Luton;LU4 9SE;51.8981165;-0.4581361
GB LT 037;Amee Jee;Unit 10;Luton;LU2 0DX;51.8805046;-0.4078505
GB LT 040;AW Meats;82a Roman Road;Luton;LU4 9SE;51.8980105;-0.4579075
GB LT 041;AL Kashmir Halal Meats;82a Roman Road;Luton;LU4 9SE;51.8980105;-0.4579075
GB LT 043;Eden Farm Ltd;Eden Farm Hulleys;Luton;LU2 8EU;54.7632489;-1.3709877
GB LT 044;Bengal Foods (UK) Ltd;15b Cosgrove Way;Luton;LU1 1XL;51.8867930;-0.4629577
GB LT 045;Alpine Foods;;Luton;;51.8784385;-0.4152837
GB LT 047;Musa BH Ltd;114 Leagrave Road;Luton;LU48HX;51.8878539;-0.4312764
GB LT 048;World Foods Distribution Ltd;Unit 22B;Luton;LU3 3BP;51.9137008;-0.4824181
GB LT 049;Eurovision Frozen Foods Ltd;44 Bilton Way;Luton;LU11UU;51.8864118;-0.4493237
GB LT 050;G2 Naturals Ltd;Unit 7;Luton;LU3 3HP;51.9137008;-0.4824181
GB LT 052;M S Foods Ltd;52 Camford Way;Luton;LU3 3AN;51.9212753;-0.4799715
GB LT 053;Global Kosher Ltd;Unit 1 Butterfield Business Park;Luton;LU2 8DL;51.9129633;-0.3878973
GB LU 001;Mawley Milk;Cleobury Mortimer;Cleobury Mortimer;DY14 8PJ;52.3785385;-2.4810502
GB LU 011;Dairy Dreams;;Montgomery;;52.5620330;-3.1474836
GB LV 006;MCJ Casings;159 Triumph Way;Liverpool;L24 9GQ;53.3567909;-2.8668734
GB LV 008;Liverpool Meat and Fish Market  - Stanley (Wholesale) Fish Market;Stanley Meat Market;Liverpool;L13 3AS;53.4156400;-2.9260100
GB LV 008.01;Harry Jesse Son & Co Ltd;F20 19 & 10 Liverpool Meat and Fish Market - Stanley (Wholesale ) Fish Market;Liverpool;L13 3AS;53.4156400;-2.9260100
GB LV 008.02;New Ling Seafoods Ltd;Units 17- 18 Liverpool Meat and Fish Market;Liverpool;L13 3AS;53.4156400;-2.9260100
GB LV 008.04;JC & W Craig Balfour Ltd;Units F27 & F28 Liverpool Meat and Fish Market;Liverpool;L13 3AS;53.4156400;-2.9260100
GB LV 019;Pat Blood & Partners;Unit 1;Liverpool;L20 8PR;53.3356704;-2.9689890
GB LV 025;Bao Xen Ltd;Parliament Business Park;Liverpool;L8 7BA;53.3977900;-2.9517800
GB LV 032;Wong Kee Foods Ltd;Unit 5 & 6;Liverpool;L8 7BL;53.4376744;-2.9257589
GB LV 035;GXO Logistics UK Ltd;339 361 Prescot Road;Liverpool;L13 3BS;53.4153197;-2.9196210
GB LV 037;Xing Kee;52 Durning Road;Liverpool;L7 5NG;53.4063603;-2.9484048
GB LV 041;Intavola Food and Wine Importer;Unit 3/4;Liverpool;L13 3BS;53.4289069;-2.9122475
GB LV 043;Bidfood Liverpool;4 Shore Road;Liverpool;L24 8AA;53.3394251;-2.8832857
GB LV 044;McBurney Refrigeration;Sandhills Business Park;Liverpoool;L5 9ZS;53.4283800;-2.9897200
GB LV 045;Cottom Foods Limited;1 Holt Lane;Liverpoool;L27 2YB;53.3303087;-2.6936723
GB LV 046;Baranda Ltd;Unit 82;Liverpool;L24 1YA;53.4067833;-2.8906462
GB LV 047;This Little Piggie;104 Speke Hall Industrial Estate;Liverpool;L24 1YA;53.3423900;-2.8639800
GB LV 049;Almonds Catering Ltd;5 Sugarbrook Drive;Liverpool;L11 2BD;53.4584560;-2.9141899
GB LV 050;A/Z Foods;98a  High Street;Liverpool;L15 8HQ;53.3985207;-2.9183257
GB LV 051;Geco International Ltd;Unit 3;Liverpool;L9 7AS;53.6003723;-2.8656433
GB LV 052;Protein Works;PW Campus;Liverpool;L24 9HZ;53.3499822;-2.8588392
GB LV 053;Leonidas Foods;Speke Hall Industrial Estate;Liverpool;L24 1YA;53.3423900;-2.8639800
GB LV 054;Mova Corporation Ltd;Unit 3 & 4;Liverpool;L6 7NF;51.5396926;-0.1065279
GB LW 005;Susmans Best Beef Biltong Co;Unit A;Newhaven;BN9 0DU;51.7757699;-1.4870197
GB LW 010;West Quay Fisheries;Riverside North;Newhaven;BN9 9BP;50.7932656;0.0521752
GB LW 012;Downsview Farm House Ice Cream;Laughton Road;Ringmer;BN8 5UT;50.8964853;0.0778107
GB LW 018;Tailor Made Foods;Enterprise Works;Newhaven;BN9 0PX;50.8029860;0.0596382
GB LW 020;LIsola Buona Ltd;Unit 2 Oak Estate;Newhaven;BN9 0ES;52.4903910;-2.1077254
GB LW 021;Elite Fine Foods;Good Food House;Newhacven;BN9 0HE;51.6454192;-3.0206522
GB LW 022;The Macs Farm;Fourfields Farm;Ditchling;BN6 8GT;50.9259874;-0.1130126
GB LW 028;Wholesome Foodservice Ltd;Halcombe Farm;Peacehaven;BN10 8AJ;50.8086838;0.0144517
GB LW 041;Ancient and Brave;Unit B45-47;Lewes;BN8 5BX;50.9120813;0.0380653
GB LW 042;Samee;32  Avis Way;Newhaven;BN9 0DJ;50.7994542;0.0579119
GB LW 043;Wild Nutrition Ltd;Unit 1;Lewes;BN7 2BY;50.8770959;0.0203876
GB LW 044;Raychel’s Rolls;Halcombe Farm;Peacehaven;BN10 8AJ;50.8086838;0.0144517
GB LX 005;SK Chilled Foods Ltd;Nelson Street;Middlesbrough;TS6 6BJ;54.5803279;-1.1810882
GB LX 009;Jeff the Chef Foods Ltd;Unit 6;Middlesbrough;TS6 6DU;54.5764512;-1.1844953
GB LX 010;Trio Foodservice Ltd;Unit 1D;Middlesbrough;TS6 6BJ;54.5789089;-1.1823826
GB LX 011;East Coast Dairies;Unit 2;Skelton;TS12 2LQ;54.5613071;-0.9506594
GB LX 012;North  East Seafood Ltd;Tod Point Road;Redcar;TS10 5AU;54.6171131;-1.0940431
GB LX 014;The Clucking Pig;The Bungalow;Marske-By-The-Sea;TS11 8EA;53.1534844;-0.2113839
GB LX 015;Café Creations 2 Go;North Skelton Village Hall;North Skelton;TS12 2AR;54.5576646;-0.9583523
GB LX 016;FareShare North East;Unit 1A and Unit 1B;South Bank;TS6 6UT;54.5710200;-1.1773100
GB LY 003;Port of Lancaster Smokehouse Ltd;West Quay;Lancaster;LA2 0DB;55.9363892;-4.6881134
GB LY 007;Diggles Cooked Meats Limited;25 North Road;Lancaster;LA1 1NS;54.0512880;-2.7972374
GB LY 012;Lennox Foods Limited;A1 Coldstore;Lancaster;LA2 9AB;53.9770353;-2.7659248
GB LY 014;SY Shellfish Ltd;;Overton;;53.9952198;-1.1562212
GB LY 032;SJH Food Solutions;Hornbeam Road;Lancaster;LA1 5NA;54.0476561;-2.8194754
GB LY 105;Walling Ltd;Higher Crookhey Farm;Lancaster;LA2 0HA;53.9509169;-2.8085924
GB LY 1381;Ivy Bank Farm;Langthwaite Road;Lancaster;LA2 9EA;54.0356496;-2.7628272
GB LY 205;Althams Fine Foods Ltd;Unit 3-4 Maple Works;Morecambe;LA3 3AZ;54.0615973;-2.8429638
GB LY 214;Conder Mill Free Range Eggs;Conder Mill Farm;Lancaster;LA2 9EB;54.0289700;-2.7505068
GB LY 4731;A1 Public Cold Store;Whams Lane;Lancaster;LA2 9AB;53.9770560;-2.7658089
GB MA 001;Fairfield Dairies T/A Bonaly Farm Dairy;8 Dryden Road;Loanhead;EH20 9LZ;55.8734141;-3.1622316
GB MA 008;William Robertson and Sons Ltd;24 Hardengreen Industrial Estate;Dalkeith;EH22 3NX;55.8836815;-3.0822571
GB MA 009;JB Foods (Scotland) Ltd;Edgefield Road Industrial Estate;Midlothian;EH20 9TB;55.8837025;-3.1503166
GB MA 012;Campbell Brothers Ltd (Fish);Sherwood Industrial Estate;;EH19 3LW;55.8735997;-3.0983723
GB MA 015;Naima Foods Scotland;Unit 11;Polton Road;EH18 1BW;55.8762281;-3.1187549
GB MA 017;Healthy Tots Ltd;Room 59;Roslin;EH25 9RE;55.8679300;-3.1956500
GB MA 018;Mills Milk (Scotland) Ltd - Edinburgh Depot;Unit 12;Polton Road;EH18 1BW;55.8762281;-3.1187549
GB MA 444;Macsween of Edinburgh Ltd;Unit 3 Dryden Road;Edinburgh;EH20 9LZ;55.8734141;-3.1622316
GB MA 445;Macsween of Edinburgh Ltd;Unit 4 Dryden Place;Edinburgh;EH20 9HP;55.9370454;-3.1730708
GB MC 001;Baxters Food Group Ltd;Fochabers;;IV32 7LD;57.6228500;-3.1085800
GB MC 002;Associated Seafoods T/A Lossie Seafoods & Moray Seafoods;5-13  Low Street;Moray;AB56 1UX;57.6780192;-2.9637981
GB MC 005;Murdoch Brothers Butchers;10-12 High Street;Moray;IV36 1DB;57.6113512;-3.6103858
GB MC 009;Cluny Fish Ltd;1 - 3  Low Street;Moray;AB56 1UX;57.6780192;-2.9637981
GB MC 014;Eat Mair Fish Ltd;Old Station Yard;Buckie;AB56 1UT;57.6784744;-2.9596060
GB MC 024;Speyside Enterprises Ltd;No 2 March Road Industrial Estate;Moray;AB56 4BY;57.6781200;-2.9444800
GB MC 029;Speyfruit Ltd;12 Chanonry Road South;Moray;IV30 6NG;57.6487175;-3.2895630
GB MC 032;Lossie Seafoods / Moray Seafoods;2 March Road East;Moray;AB56 4BY;57.6784486;-2.9443880
GB MC 033;Lower Mill of Tynet;Clochan;;AB56 5HJ;57.6420200;-3.0335500
GB MC 035;The Orangerie;Moy House;Moray;IV36 2SP;57.6204447;-3.6494624
GB MC 036;Wester Calcots Farm;Elgin;;IV30 5PH;54.8660051;-1.4086814
GB MC 037;James Taylor and Sons;Wellhill Farm;Forres;IV36 2TG;57.6217222;-3.6750804
GB MC 039;Ocean Tiger Fisheries Ltd (Westro INS20);Suilven;Lossiemouth;IV31 6QS;57.4364658;-4.4808709
GB MC 040;Moray Shellfish Ltd;28 Harbour Head;Buckie;AB56 1XR;57.6759803;-2.9786586
GB MC 042;Rannachy Farm Shop;Rannachie Farm;Moray;AB56 4AT;57.6670400;-2.9386300
GB MC 043;Thorabella Farm;Dallas;Moray;IV36 2RZ;51.4960119;-3.1794462
GB MC 044;All Steak Ltd;1 West Road;Moray;IV36 2GW;57.6071852;-3.6329371
GB MD 005;Salmo Salar Ltd;Unit 9;Righead Industrial Estate;ML4 3LX;53.4451775;-1.3377763
GB MD 013;Muller Milk & Ingredients;3 Noremac Way;;ML4 3NY;55.8301569;-4.0321491
GB MD 018;Bells Food Group Ltd;Hawthorn Bakery;Shotts;ML7 5BD;55.8207535;-3.7747050
GB MD 040;Devro Scotland Ltd;Gartferry Road;Chryston;G69 0JE;55.9133193;-4.0968823
GB MD 046;Lineage UK Warehousing Ltd;Belgowan Street;Bellshill;ML4 3LB;55.8283276;-4.0297710
GB MD 047;Scottish Shellfish Marketing Group Ltd;Pit Road;Bellshill;ML4 3NZ;55.8244259;-4.0299603
GB MD 048;Fresh Food Company (2007) Ltd;5 Drum Mains Park;Cumbernauld;G68 9LD;55.9369255;-4.0613543
GB MD 049;Pasta and Pakora;97 Deerdykes View;Glasgow;G68 9HN;55.9288396;-4.0523278
GB MD 050;STEF Langdons Ltd;10 Coddington Crescent;Motherwell;ML1 4YF;55.8295486;-3.9837856
GB MD 056;AT Wholesale;Unit 14;Righead Industrial Estate;ML4 3LW;51.4766826;-0.1993821
GB MD 057;Transports Mesguen;Mossburn Industrial Estate;Harthill;ML7 5PX;55.8597600;-3.7652700
GB MD 059;Dalziel Limited;8 Belgowan Street;Bellshill;ML4 3NS;55.8283276;-4.0297710
GB MD 060;OToole International Logistics Ltd;Unit 5;Righead Industrial Estate;ML4 3LX;53.0454564;-2.1888124
GB MD 062;Tongmaster Seasonings Ltd;Unit 4E;Coatbridge;ML5 4EF;55.8787719;-4.0093900
GB MD 064;The Natural Fruit and Beverage Company;Viewfield Park;Coatbridge;ML5 5QS;57.8066532;-4.0787987
GB MD 065;Sykes Seafood Ltd;Unit 4;Motherwell Food Park;ML4 3NP;53.5337604;-2.5645925
GB MD 067;Gregory Distribution Ltd;6 Brittain Way;Motherwell;ML1 4XJ;55.8242726;-3.9813695
GB MD 068;Romac Logistics;5 Brittain Way;Motherwell;ML1 4XJ;55.8259480;-3.9789233
GB MD 069;Buffaload Logistics Ltd;4 Sholto Crescent;Bellshill;ML4 3LX;55.8265831;-4.0454681
GB MD 070;STEF Langdons Ltd;Belgowan Street;Bellshill;ML4 3LB;55.8283276;-4.0297710
GB ME 001;Long Clawson Dairy Limited;Normanton Lane;Nottingham;NG13 0EL;52.9617859;-0.7905757
GB ME 003;Long Clawson Dairy Limited;West End;Melton Mowbray;LE14 4PJ;52.8375400;-0.9365500
GB ME 010;Kettleby Foods Ltd;2 Samworth Way;Melton Mowbray;LE13 1GA;52.7537484;-0.9158650
GB ME 012;Northfield Farm Ltd;Whissendine Lane;Rutland;LE15 7QF;52.6948953;-0.8010229
GB ME 017;Brocklebys;Melton Road;Melton Mowbray;LE14 3QU;52.7127344;-1.0488232
GB ME 018;Windy Ridge Farm;Thorpe Satchville Road;Melton Mowbray;LE14 4SQ;52.7123498;-0.9072649
GB ME 019;Brentingby Lodge;Woodfold Lane;Melton Mowbray;LE14 2TH;52.7792572;-0.8349131
GB ME 020;Manor Farm;Stonesby Road;Melton Mowbray;LE14 4AH;52.8233944;-0.7568649
GB ME 024;Dickinson & Morris Ltd;8-10 Nottingham Street;Melton Mowbray;LE131NW;52.7665724;-0.8880861
GB ME 025;Vine Farm;Vine Farm;Melton Mowbray;LE142HA;52.7234534;-0.9066809
GB ME 026;Ferneley’s Ice Cream;Brickfield Farm;Melton Mowbray;LE14 2XJ;51.3948368;0.3138700
GB ME 027;Sherricliffe Farm;Belvoir Road;Grantham;NG32 1SN;52.8613793;-0.8301731
GB ME 028;Ye Olde Pok Pie Shoppe;Craft and Innovation Centre;Melton Mowbray;LE13 0HJ;52.7663905;-0.8912391
GB MF 011;Berry Hill Foods Ltd;Enterprise Road;Mansfield;NG19 7JX;53.1623819;-1.2230051
GB MF 015;Berry Hill Foods Ltd;Unit 4C;Mansfield;NG19 7JZ;53.1605209;-1.1931017
GB MF 022;Geoff Webster;71 Derby Street;Mansfield;NG18 2SB;53.1387642;-1.1873363
GB MG 004;S K Chilled Foods Limited;Brighouse Business Village;Middlesbrough;TS2 1RT;54.5886267;-1.2553942
GB MG 010;Paul Morgans Bakery Ltd;4 Snowdon Road;Middlesbrough;TS2 1LP;54.5821014;-1.2394970
GB MG 014;Casaro Cheese;1 Barton Road;Middlesbrough;TS2 1RY;54.5856523;-1.2558703
GB MG 101;Glanbia Performance Nutrition (UK) Limited;Units 2 & 3 Romaldkirk Road;Middlesbrough;TS2 1XA;54.5798217;-1.2508254
GB MG 102;DaFlavourz;Unit 13;Middlesbrough;TS1 5QZ;54.5615002;-1.2787119
GB MG 103;FareShare North East;4 Cannon Park Way;Middlesbrough;TS1 5JU;54.5761449;-1.2474955
GB MG 104;Weschenfelder Direct Ltd;10 Copeland Court;Middlesbrough;TS2 1RN;54.7717479;-1.5915161
GB MH 002;D And L Goodman;Marsh Court;Eldersfield;GL194PN;53.7973361;-1.6785564
GB MH 004;Wyre Pie Company;Unit 6 Tenbury Business Park;Worcestershire;WR15 8FA;52.3012922;-2.5871316
GB MH 005;Lightwood Cheese;Heath Grange Farm;Worcester;WR2 6RW;52.2054500;-2.2902200
GB MH 007;AC HP Griffiths;Park Farm;Suckley;WR6 5DF;52.1689999;-2.4070700
GB MH 014;Pegoty Hedge;Ryalls Court;Upton on Severn;WR8 0PF;51.6228844;-0.1535776
GB MH 020;The Really Good Dairy;Hollybeds Farm;Earls Croome;WR8 9DA;52.0833106;-2.2066723
GB MI 003;Royalblue Executive Services;3 - 5 Ashford Business Complex;Ashford;TW15 1YQ;51.4323000;-0.4438600
GB MI 006;NHAC Brazilian Food Ltd;5 Station Road;Ashford;TW15 2UW;51.4363677;-0.4672895
GB MK 023;Cranswick Convenience Foods;Steinbeck Crescent;Milton Keynes;MK4 4AE;51.9899408;-0.7944107
GB MK 028;Gilberts Kosher Foods Ltd;;Milton Keynes;;52.0406502;-0.7594092
GB MK 032;Deli 24;Dawson Road;Milton Keynes;MK1 1JN;52.0100362;-0.7259821
GB MK 039;PF Trading Ltd;6 Davy Avenue;Milton Keynes;MK5 8HJ;52.0242871;-0.7709998
GB MK 040;Culina Logistics;Unit 8;Milton Keynes;MK10 0AL;52.0350686;-0.7743403
GB MK 041;Restaurant Solutions Limited;36 Carters Yard;Milton Keynes;MK11 3HL;51.4575428;-0.1964326
GB MK 043;SOFEA;14 Dawson Road;Bletchley;MK1 1LH;52.0095800;-0.7305305
GB MK 044;F&H International Ltd;10 Goulds Close;Milton Keynes;MK1 1EQ;52.0069167;-0.7404563
GB MK 045;The Compleat Food Group;Wimblington Drive;Milton Keynes;MK6 4AH;52.0141929;-0.7459449
GB MK 046;The Bread Factory;15 Tanners Drive;Milton Keynes;MK14 5BU;52.0772993;-0.7447230
GB MK 047;Willen Ice Cream;6 Park Farm;Milton Keynes;MK16 9ES;52.1152254;-0.7487449
GB ML 010;Pinney’s of Orford;Ferry Cottage;Woodbridge;IP12 2BX;52.0914412;1.5382265
GB ML 016;Emmetts Stores;The Street;Saxmundham;IP7 2HJ;51.3359133;-2.5938010
GB ML 018;Pinneys of Orford;Quay Street;Woodbridge;IP12 2NU;52.0917291;1.3170628
GB ML 042;The Mixing Bowl;Raydon Hall;Woodbridge;IP12 2BT;52.0108441;0.9904271
GB ML 044;Suffolk Smokehouse & Deli;Park Barn;Kelsale cum Carlton;IP17 2NP;50.9331261;-0.4104720
GB ML 049;Hamish Johnston Fine Cheeses;Units 5 & 6  Clopton Commerical Park;Woodbridge;IP13 6QT;52.1418263;1.2689492
GB ML 054;Suffolk Meadow Ice Cream;The Solar Shed Walpole Old Hall Farm;Halesworth;IP19 9AU;52.3187000;1.4706200
GB MM 008;Abergavenny Fine Foods Ltd;Unit 4-7;Abergavenny;NP7 7RZ;51.8172364;-3.0573928
GB MM 010FE;Brookes Wye Valley Dairy Ltd;Panta Farm;Chepstow;NP16 6PS;51.6940568;-2.7317957
GB MM 014;Trealy Farm Charcuterie;Unit 1;Goytre;NP4 0AL;51.7509056;-2.9909795
GB MM 016;Croft Farm Eggs;;Nr Pontypool;;54.7023545;-3.2765753
GB MM 019;Rockfield Maid;;Monmouth;;51.8098882;-2.7160441
GB MM 024;Bidfood Foodservice Chepstow;Newhouse Farm Industral Estate;Chepstow;NP166UD;51.6159432;-2.6764268
GB MN 034;C & H Sausage Co. Ltd;9 Cornwall Street;Manchester;M11 2WQ;53.4716947;-2.1729313
GB MN 045;Martins Craft Bakery;30 Holyoak Street;Manchester;M40 1HB;53.5024462;-2.1803734
GB MN 057;Inspired Global Cuisine;Hammerstone Road;Manchester;M18 8BW;53.4678627;-2.1786379
GB MN 059;Tampopo Ltd;16 Albert Square;Manchester;M2 5PF;53.4789179;-2.2458437
GB MN 060;Shefa Mehadrin;Unit 7 & 8;Manchester;M8 8LR;53.4984244;-2.2365164
GB MN 067;Fzami Foods;Unit 1;Manchester;M13 0AF;53.4769083;-2.2260320
GB MN 100;Extons Foods Limited;Units 5 - 8;Manchester;M23 9GE;53.4791902;-2.5518224
GB MN 102;Dnata Catering UK LImited;World Cargo Centre;Manchester;M90 5EX;53.3619400;-2.2915899
GB MN 113;IBCO Ltd;Hulme Hall Lane;Manchester;M40 8AD;53.4912413;-2.2045665
GB MN 114;Newrest;Buliding 316;Manchester;M90 5EW;53.3615600;-2.2895900
GB MN 115;Aleppo Premium Ltd;Unit 6;Manchester;M19 2RB;53.4615913;-2.1734947
GB MN 116;Strawberry Catering Limited;Unit 12;Manchester;M11 2NB;53.4771827;-2.2272095
GB MN 117;Tasty Tasty Foods Limited;108b Church Lane;Manchester;M9 4NJ;53.5120416;-2.2141921
GB MN 119;Mr Murray’s Scotch Eggs;58-60 Higher Ardwick;Manchester;M12 6DA;53.4715693;-2.2190741
GB MN 121;Destiny Foods Limited;Destiny House;Manchester;M18 8DB;53.3880714;-1.4618164
GB MN 122;J & B Wilde Limited;Unit 8 Fish Market;Manchester;M11 2WW;50.9534878;0.7359633
GB MN 123;Panya Limited;Unit A;Manchester;M12 4AS;53.5898735;-2.2770639
GB MN 125;ITR Hospitality Limited;Unit 4;Higher Ardwick;M126DD;53.4718743;-2.2194996
GB MN 126;J2;New Smithfield Market;Manchester;M11 2WP;53.4708800;-2.1780600
GB MN 127;Unit 89;Haverfield Road;Manchester;M9 6LP;53.5250598;-2.2086516
GB MN 128;The Big Fish Little Fish Co;Unit J1;Manchester;M11 2WJ;53.6938660;-1.8214053
GB MO 007;The Welsh Sausage Company  Ltd;Greenfields;Welshpool;SY21 7TR;52.6608108;-3.1397004
GB MO 026;D E & M R Davies;Lower Fawnog;Powys;SY22 6QW;52.7247900;-3.1619400
GB MO 027;Sheriffs Wood Eggs Ltd;Wernddu;Powys;SY16 3HN;52.0998703;-4.7211820
GB MO 029;M A Andrew & Son;Ty Cerrig;Powys;SY22 6YG;51.5298567;-3.1527182
GB MO 030;Fairfield Farm;Montgomery;Powys;SY15 6HP;55.9447083;-2.9553667
GB MO 031;D E K B Owen & Son;Rhallt Isaf;Powys;SY21 0EF;52.6622700;-3.3752100
GB MO 032;Tynewydd;Cwm Nant Y Meichiaid;Powys;SY22 5LZ;52.7433300;-3.2710900
GB MO 033;Wern Farm;Foel;Powys;SY21 0NY;52.6198921;-3.4328822
GB MO 034;D R & E B Evans & Son;Brynrhug;Powys;SY21 0DG;52.6303500;-3.3211100
GB MO 036;G Evans & Son;Upper Ffrydd;Powys;SY17 5QS;52.5138200;-3.4747000
GB MO 040;Belannewydd;Bettws;Powys;NP8 1DF;53.3079274;-4.2443475
GB MO 041;MJBMDT&TA Bates;Rhallt Uchaf;Welshpool;SY21 0EF;52.6622700;-3.3752100
GB MO 042;Trailhead Fine Foods Ltd;Unit 13-14;Welshpool;SY21 7DF;52.5815034;-3.0941737
GB MO 043;Cownwy Valley Produce;Tyn y Ddol;Oswestry;SY10 0NH;52.0914363;-3.9479152
GB MO 044;CL & FE Jerman;Glangwden Farm;Newtown;SY17 5PX;52.4915600;-3.5346700
GB MO 045;DW &SE Richards;Rallt;Caersws;SY17 5JX;52.5376757;-3.4549128
GB MO 046;WL Hammer;Upper Bryn;Montgomery;SY15 6JW;53.2181251;-3.0696941
GB MO 047;PE & GR Jones;Trelystan Poultry Units;Welshpool;SY21 8JA;52.6455399;-3.0814000
GB MO 048;Welshpool Farm Eggs;Raven Square;Welshpool;SY21 7LU;52.6603668;-3.1578334
GB MO 049;Brookes Farm Eggs;Bramble Cottage;Bwlchycibau;SY22 5LL;51.0866160;-1.2720105
GB MO 050;ED & J Morris & Sons;Ty Newydd;Nr Oswestry;SY10 7QF;53.2885505;-4.6400748
GB MO 051;Hall & Co;The Meadow;Churchstoke;SY15 6SS;52.5308800;-3.0784500
GB MO 052;Daisy Bank Dairy;Gate Farm;Montgomery;SY15 6LN;52.5440800;-3.1920799
GB MO 053;Gardd Afon (Meikle Growers Ltd);Tafolwern;Llanbrynmair;SY19 7DT;52.6136578;-3.6403826
GB MO 054;RL & JL Peate;Cross Farm;Welshpool;SY21 0DP;52.6317300;-3.3818500
GB MO 058;Gate Farm Direct Sales Limited (t/a Trefaldwyn Cheese and Daisy Bank Dairy);Units 2 & 9;Caersws;SY17 5NA;51.1520058;-3.1483185
GB MO 059;SM & DG Jones;Rhiwhiriaeth Isaf;Llanfair Caereinion;SY210DU;52.6471600;-3.3588400
GB MO 060;EW ME & GR Williams;Tyn Celyn Oakley Park;Llanidloes;SY18 6LP;52.4625900;-3.4866200
GB MO 062;Stratlab Holdings Ltd T/A Caws Gynog;Isfryn Barn;Powys;SY16 3HX;52.5504400;-3.3746100
GB MO 063;Pleasant Pastures Ltd;The Hafod;Powys;SY22 6EW;51.8268937;-3.1375699
GB MO 064;Oak Tree Eggs;Oak Tree House;Powys;SY15 6NR;53.8817967;-1.0406949
GB MO 065;Maesglyn Egg Co Ltd;Maesglyn;Powys;SY22 6YG;52.6836000;-3.2677600
GB MO 066;Parc Issa Farms - Wyau Tanat Eggs;Parc Issa Farms;Powys;SY10 0DP;52.8259600;-3.2804800
GB MO 301;Burger Manufacturing Company Ltd;Unit 1 and Unit 3;Builth Wells;LD2 3UA;52.1564335;-3.3878579
GB MO 304;Specialist Supplements Ltd;Unit 4;Rhayader;LD65ER;52.2955318;-3.5202926
GB MO 607;Black Mountain Smokery;Unit 1 & 3;Crickhowell;NP8 1DF;51.8566595;-3.1414372
GB MO 608;Holdsworth;Raglan House;Crickhowell;NP8 1EB;51.7325184;-1.2141182
GB MO 609;Trecastle Eggs;Nantgwared Farm;Brecon;LD3 8RE;51.9694800;-3.6439900
GB MO 611;Hill Farm Partnership;Cwmdynant;Brecon;LD30SR;52.0257386;-3.1674635
GB MQ 001;Maldon Oyster Company;Birchwood farm;Chelmsford;CM3 6RF;50.9984240;-1.5730136
GB MQ 008;Kismet Kebabs Ltd;Milton House;Chelmsford;CM3 6LF;51.4568745;-2.5559888
GB MQ 010;Blackwater Seafood Company;Rear Of Walter Cooks Boatyard;Maldon;CM9 5HN;51.7295293;0.6877167
GB MQ 011;Lambton & Jackson Ltd;Chigborough Farm;Maldon;CM9 4RE;51.7417263;0.7188261
GB MQ 013;Tollesbury Depuration Plant;The Boatyard;Tollesbury;CM9 8SE;51.2656312;0.5103636
GB MQ 014;Meatline Limited;12E;Maldon;CM9 6TW;51.7296443;0.6650324
GB MQ 015;International Food Link Limited;Units 5 & 6;Maldon;CM9 4XD;51.7369282;0.6803386
GB MS 007;Southport Seafoods;11 Shellfield Road;Southport;PR9 9US;53.6689574;-2.9654921
GB MS 008;Sykes Seafood Ltd;Unit 7;Liverpool;L31 8BX;53.4883167;-2.8492884
GB MS 019;Bates Farm & Dairy Ltd;21 Stamford Road;Southport;PR8 4ES;53.6269743;-3.0040558
GB MS 023;Manor Lodge Dairy Products;157A Sefton Street;Southport;PR8 5DA;53.6383955;-3.0007983
GB MS 025;The Real Cooked Meats Company Ltd;12 Kensington Park Industrial Park;Southport;PR9 0NY;53.6447700;-2.9932599
GB MS 050;Wills Bakers Ltd t/a Satterwaites Bakehouse;51 Coronation Road;Crosby;L23 5RE;53.4889576;-3.0299276
GB MS 052;Broughs Butchers Ainsdale Ltd;581 Liverpool Road;Ainsdale;PR8 3LU;53.6023967;-3.0344514
GB MS 053;Devine Desserts UK Ltd;C6 Kingfisher Business Park;Bootle;L20 6PF;53.4659000;-2.9943900
GB MS 056;Homebaked Bakery;46 Farriers Way;Netherton;L304XL;53.4733786;-2.9698220
GB MS 058;Chill Cook/Cool Cuisine;24 Maritime Enterprise Park;Bootle;L20 4DY;53.4524880;-3.0018668
GB MS 060;Julie’s Deli;13 Castle Street;Southport;PR9 0NR;53.6500973;-3.0004415
GB MT 015;Jovan Foods Limited;10 Upper Green East;Mitcham;CR4 2PA;51.4047033;-0.1629788
GB MT 016;Kims Foods;284 Western Road;Colliers Wood;SW19 2QA;51.4118691;-0.1761529
GB MT 018;The Savanna;Units 6 7 & 8;Wimbledon;SW19 8UG;51.3640970;1.1068236
GB MT 020;Vallebona Limited;Unit 14;Wimbledon;SW19 8UG;51.4314043;-0.1838792
GB MT 032;La Credenza Ltd;Unit 9 College Fields Business Centre;Wimbledon;SW19 2PT;51.4133814;-0.1741294
GB MT 035;Zafron Foods Ltd;Units E F & G;Mitcham;CR4 4UY;51.3903600;-0.1664600
GB MT 039;BBB Foods;5 & 6 Osier Way;Mitcham;CR4 4NF;51.3944282;-0.1682808
GB MT 044;Bodeans Central Kitchen;Unit 2;Wimbledon;SW19 8UG;51.4011094;-0.2455620
GB MT 049;Zaino Food Service;21 Wates Way;Mitcham;CR44HR;51.3885461;-0.1641732
GB MT 050;Natural Fitness Food;Units 19 20 & 22;Mitcham;CR4 3TD;51.3640970;1.1068236
GB MT 052;Bayley & Sage;Bayley & Sage Production Kitchen;Wimbledon;SW19 8ED;51.4374230;-0.1935632
GB MT 054;Pan Asia GB Ltd;Unit D;London;SW19 8UH;51.5226636;-0.1567357
GB MT 057;Field Goods;Unit 14;South Wimbledon;SW19 2RR;51.4766826;-0.1993821
GB MT 058;Green Farm UK Ltd;Shop;Morden;SM4 4AH;51.4014920;-0.2672081
GB MT 059;Moxon’s Fresh Fish;73 Weir Road;London;SW19 8UG;51.4337403;-0.1920285
GB MT 060;Spiceway Wholesale Limited;Unit 4 College Fields Business Centre;London;SW192PT;51.4133814;-0.1741294
GB MT 062;Chango Empanadas;Unit 14;London;SW16 5BN;51.4766826;-0.1993821
GB MT 063;Excelencias Espafnolas;Unit i;Mitcham;CR4 4UY;51.0710465;-0.3131848
GB MU 102;Rossmore Oysters Ltd;Lakeview;Worth;RH10 4TA;51.1223642;-0.1280782
GB MU 103;High Weald Dairy;Tremaines Farm;Haywards Heath;RH17 7EA;51.0250350;-0.0336962
GB MU 106;Pure Oyster Company Ltd;Imperial House;Crawley;RH11 9AH;53.7552443;-3.0400947
GB MU 109;CJ & SA Holmes;Philpots Farm;West Hoathly;RH19 4PS;51.0733525;-0.0661903
GB MU 115;Long Feng Foods Limited;Unit 3;Burgess Hill;RH15 9LR;50.9538770;-0.1430252
GB MU 117;Balcombe Dairy;Lodgelands Farm;West Sussex;RH176LA;51.0708360;-0.1430286
GB MU 118;Iberica Ltd;Units 24 & 25 Winterpick Business Park;Henfield;BN5 9BJ;50.9519200;-0.2344903
GB MU 120;Gregorys Wholesale Catering;Unit 55 Rowfant Business Centre;Crawley;RH10 4NQ;51.1131097;-0.1015403
GB MU 121;CMB Foods Ltd;Unit 15;East Grinstead;RH19 1XZ;51.1679372;-0.0170698
GB MU 122;G & G Food Supplements Ltd;Vitality House;East Grinstead;RH19 1RL;51.1346721;-0.0323993
GB MU 123;Naked Farm;The Street;Haywards Heath;RH17 5SJ;50.9899545;-0.2045526
GB MV 001;Crediton Dairy Ltd;Church Lane;Crediton;EX17 2AH;50.7900640;-3.6514275
GB MV 002;Quickes Traditional Ltd;Home Farm Cottage;Newton St Cyres;EX5 5AY;51.1255410;-4.1550386
GB MV 004;Hawkridge Farmhouse Dairy Prod;Hawkridge Farm;Crediton;EX17 6AR;51.1191379;-3.1289318
GB MV 036;W F Chinn;Units 3a & 3b West End;Crediton;EX17 1ES;50.7898900;-3.6441000
GB MV 051;Black Dog Free Range Eggs;Cobscombe Farm;Crediton;EX17 4QJ;50.8778000;-3.7083400
GB MV 055;Granny Gothards International Limited;Units B4 & B5 Ethmar Court;Cullompton;EX15 2EZ;50.8940788;-3.3681979
GB MV 056;Fenton Farm;Holcombe Rogus;Wellington;TA210NF;50.9675200;-3.3407200
GB MV 057;Forest Produce Limited;Unit 7B Kings Place;Cullompton;EX153FA;53.0159253;-2.2123175
GB MV 060;JTP Bending;Deerhaven Farm;Tiverton;EX16 8QP;50.9241000;-3.6095700
GB MV 061;The Ginger Cat Deli;Unit 5 & 6;Cullompton;EX15 1BS;50.8313151;-3.4163177
GB MV 062;Crosses Ice Cream;;Tiverton;;50.9025623;-3.4875797
GB MV 063;Appledore Farm;Burlescombe;Tiverton;EX16 7LQ;50.3282440;-3.9497819
GB MV 065;Aquafish Solutions Limited;The Barn;Tiverton;EX16 7DU;50.9190311;-3.3793268
GB MV 066;Ambrose Farm;Ambrose Farm;Tiverton;EX16 7EB;50.9096221;-3.3795524
GB MV 067;Rivermead Dairy Ltd;Westcott Farm;Tiverton;EX16 7EW;51.0779716;-3.4312292
GB MV 068;GXO;Unit 4 Carlu Close;Cullompton;EX15 3FG;50.9029300;-3.3501000
GB MV 069;Bako Western Limited;Bako House;Cullompton;EX15 1BS;50.8623877;-3.3794823
GB MV 070;DCS Food Group Ltd;Unit 4;Tiverton;EX16 4NG;50.9093916;-3.4350930
GB MV 071;The Pure Stock Company;;Silverton;;50.8314334;-3.4800925
GB MV 072;Redwoods Farm;Redwoods Farm;Tiverton;EX16 7PD;50.9654100;-3.3978100
GB MW 1001;Suffolk Farmhouse Cheeses;Whitegate Farm;Creeting St Mary;IP6 8PG;51.1353839;-2.9722068
GB MW 915;Bidfood Foodservice Stowmarket;Stowmarket Depot;Stowmarket;IP14 2QU;52.1780479;1.0117553
GB MW 917;Elm Valley Foods;Grove Lane;Bury St Edmunds;IP30 9HN;52.2468941;0.9289398
GB MW 919;Brook Street Foods Ltd;Williamsport Way;Needham Market;IP6 8RW;52.1463004;1.0650095
GB MW 920;Havensfield Eggs;Birch Farm;Eye;IP215BZ;52.3514025;1.2169809
GB MW 922;Kings Farm Foods;Kings Farm;Eye;IP23 7PA;52.3002272;1.1825398
GB MW 923;Broughton Hall Dairy;Broughton Hall;Stowmarket;IP14 6AB;53.9523533;-2.0904640
GB MW 925;Amon Seafoods;Unit H2 Plot 4;Bury St Edmunds;IP30 9HR;52.5099448;-2.0342855
GB MW 927;Gate Farm;Flowton Road;Flowton;IP8 4LH;52.0723693;1.0323920
GB MW 928;Ellis Family Flock;Whitehouse Farm;Stowmarket;IP14 5HE;51.7900349;-1.4323038
GB MW 929;Hay Rack/Green Tractor Eggs;Walnut Tree Farmhouse;Henley;IP6 0QS;52.1215100;1.1493900
GB MW 930;Reddy Foods Ltd;5 Park Way;Bury St Edmunds;IP31 3TB;51.7834966;1.1397338
GB MX 009;Top-Op Foods;7 Garland Road;Stanmore;HA7 1QU;51.6039364;-0.2967694
GB MX 010;Healthaid Limited;Healthaid House;Harrow;HA1 1UD;51.5883300;-0.3411200
GB MX 011;Medicare Europe Limited;Unit 2;Harrow;HA8 5EF;51.6361689;-0.3099969
GB MX 012;Lemar Foods Limited;Unit 2;Harrow;HA1 2RF;51.5859439;-0.3420840
GB MX 013;Shahs Halal Food;Unit 6;Harrow;HA1 2RZ;51.5859439;-0.3420840
GB MX 014;Epiros UK Ltd;Unit 9;Harrow;HA1 4TR;51.5934800;-0.3468848
GB MX 015;Creamy Bite;Unit E5;Harrow;HA1 2SP;51.5859439;-0.3420840
GB MY 004;Celtic Cold Storage Ltd;Unit 12;Merthyr Tydfil;CF47 8PE;51.8461983;-3.3198444
GB MY 005;Castell Howell Foods Ltd;Unit 2;Merthyr Tydfil;CF48 4DR;51.7682078;-3.3427274
GB MZ 004;J.R. Harding (Wessex Cold Storage);Wessex Cold Store;Frome;BA11 4RJ;51.2200886;-2.3275607
GB MZ 005;Framptons Ltd;76 Charlton Road;Shepton Mallet;BA4 5PD;51.1880070;-2.5362729
GB MZ 006;Andros UK Limited;Staplemead Creamery;Frome;BA11 2NQ;51.2550100;-2.3067900
GB MZ 012;A J & R G Barber Ltd;Maryland Farm;Shepton Mallet;BA4 6PR;50.9573917;-0.4822920
GB MZ 013;R L Clapp & Sons Limited;West Town House Farm;Glastonbury;BA6 8RH;51.1137789;-2.6585726
GB MZ 015;Somerset Cheese Company;Ditcheat Hill Farm;Shepton Mallet;BA4 6TL;51.1313900;-2.5418400
GB MZ 017;Batch Farm Cheesemakers Ltd;Batch Farm;Shepton Mallet;BA4 6TU;51.4208127;-2.7925697
GB MZ 036;Ivy House Farm;Beckington;Frome;BA11 6TF;50.7098827;-3.4528091
GB MZ 041;Westcombe;Lower Westcombe Farm;Evercreech;BA4 6ER;51.1523765;-2.4609115
GB MZ 043;Eurilait Ltd;Leighton Lane Industrial Estate;Shepton Mallet;BA4 6LQ;51.1477200;-2.5106700
GB MZ 046;Midway Farm;Midway;Radstock;BA3 5JE;51.2223852;-2.5005483
GB MZ 051;Brown Cow Organics;Perridge Farm;Shepton Mallet;BA4 4EW;51.1714461;-2.6010487
GB MZ 052;White Lake Cheeses;Bagborough Farm;Shepton Mallet;BA4 6SX;51.1540800;-2.5391600
GB MZ 056;Eggsew;Old Red House Farm;Radstock;BA3 4QE;51.2724500;-2.4686900
GB MZ 057;D R & R Reakes;Pinelea;Wells;BA5 3ET;53.3853683;-2.3351973
GB MZ 058;Castlemead Poultry;Depot Cottage;Radstock;BA3 5UF;51.2829500;-2.4071400
GB MZ 060;Peter Green Chilled;Leighton Lane Industrial Estate;Shepton Mallet;BA4 6LQ;51.1477200;-2.5106700
GB MZ 061;Wookey Farm;Monks Ford;Wells;BA5 1DT;51.2096802;-2.7062050
GB MZ 064;Little Jack Horners Ltd;Unit 3 Block 6;Frome;BA11 3RH;53.3751345;-1.4739296
GB MZ 065;Barbery Ltd;Maryland Farm;Shepton Mallet;BA4 6PR;50.9573917;-0.4822920
GB MZ 067;The Wiltshire Smokehouse;Millard Hill Stables;Frome;BA11 5DS;51.1837800;-2.3519400
GB MZ 069;Bini Fine Foods Ltd;Unit 14 New Rock Trading Estate;Radstock;BA3 4JE;51.2530400;-2.5058700
GB MZ 070;Bighams Ltd;Dulcote Quarry;Wells;BA5 3PY;54.7023545;-3.2765753
GB MZ 071;Perry’s Bridge Farm Ltd;Perry’s Bridge Farm;Somerton;TA11 7BF;51.0723900;-2.6035700
GB MZ 077;Marston Foods Ltd;Unit 5 Marston Park;Frome;BA11 5BS;52.6293968;-1.7079667
GB NA 003 M;Grahams Dairies Ltd;Balmakeith Industrial Estate;Nairn;IV12 5QW;57.5834701;-3.8515636
GB ND 006;Coombe Fisheries Ltd;Riverside Road;Barnstaple;EX31 1QN;51.0842527;-4.0753947
GB ND 016;Ivan Clarke Catering Butchers;Unit 4C;Ilfracombe;EX34 8PL;51.1621303;-4.1230743
GB ND 027;F J Hartnoll & Son;Dashfields;Braunton;EX33 1HG;51.1099400;-4.1804700
GB ND 029;Verneys Molton Ice;Parsonage Farm;South Molton;EX36 3QL;51.6395480;-1.8594705
GB ND 034;Freebird Free Range Poultry;March End Farm;Braunton;EX33 1JN;51.1394900;-4.1945600
GB ND 038;Lanes Barn Eggs;4 Crossways Cottages;Landkey;EX32 0JY;51.0655100;-4.0067900
GB ND 040;Philip Dennis Food Service;Unit 4 Oakwood Close;Barnstaple;EX31 3NJ;51.0654444;-4.0808669
GB ND 044;John Hill Eggs;56 Ellerslie Road;Barnstaple;EX31 2HT;51.0740735;-4.0875363
GB ND 061;Blakewell Fisheries;Blakewell Trout Farm;Barnstable;EX31 4ET;51.1043800;-4.0607400
GB ND 063;Plaistow Mills Trout Farm;Plaistow Mills;Barnstaple;EX31 4EX;51.1130700;-4.0514300
GB ND 065;Claire Jeans;Rowley Moor Farm;Barnstaple;EX31 4NP;51.1729900;-3.9335200
GB ND 066;Smoke on the Waters Pit Barbecue & Smokehouse;Quiet Waters;Umberleigh;EX37 9HZ;52.3562519;1.2489677
GB NE 009;Mitchells Pies;Unit 3B;Dronfield;S18 2XP;53.3046568;-1.4803405
GB NE 014;Meadowfresh of Chesterfield;36 Market Street;Chesterfield;S45 9JE;53.2663731;-1.3542428
GB NE 015;Underwood Meat Company;Unit 2;Holmewood;S42 5UY;53.7823802;-1.7149381
GB NE 016;Jacksons The Bakers Ltd;Pilsley Road;Chesterfield;S45 9BU;53.1644412;-1.3973104
GB NE 021;Stretton Hall Farm;Newmarket Lane;Chesterfield;S45 9AP;53.1639548;-1.4310423
GB NE 022;Walton Lodge Farm;Walton;Chesterfield;S42 7LG;53.2130400;-1.4687300
GB NE 023;Lineage UK Warehousing Ltd;B and C Cold Stores Holmewood Field Industrial Park;Chesterfield;S42 5BX;53.1949200;-1.3598700
GB NE 026;Magnavale Chesterfield Limited;Unit 5  Holmewood Business Park;Chesterfield;S42 5UY;53.1939534;-1.3671981
GB NE 027;Magnavale Chesterfield Limited;Unit 2;Chesterfield;S42 5UY;53.2018470;-1.4395985
GB NE 028;Magnavale Chesterfield Limited;Unit 3;Chesterfield;S42 5UY;53.1892756;-1.3644981
GB NE 030;CS2 Transport Limited;Park Road;Chesterfield;S42 5UY;53.2287931;-1.4324423
GB NE 031;Elitepak Limited;Unit 4 Freshwaters;Chesterfield;S42 5UY;51.7719878;0.1049158
GB NE 033;Cutthorpe Creamery;Hall Farm;Chesterfield;S42 7AR;53.2561410;-1.4889632
GB NE 034;Prime Halal Marination Ltd;Unit 17;Clay Cross;S45 9NU;53.1643459;-1.1126186
GB NF 007;New Forest Ice Cream Ltd;630 Ampress Lane;Lymington;SO41 8LW;50.7713040;-1.5463682
GB NF 014;CWK & S Atyeo & Sons;Lower Ashley Road;New Milton;BH25 5QF;50.7533848;-1.6342805
GB NF 015;H C Swayne and Sons;;Lymington;;50.7583753;-1.5426885
GB NF 021;Earlmaur Shellfish;Beckley Farm;Christchurch;BH23 7EB;51.0388090;-0.3350952
GB NF 023;H G Witt & Son;Midgham Farm Bungalow;Fordingbridge;SP6 3DA;50.9126700;-1.8085900
GB NF 025;Future  Farms - Martin Ltd;St Hildas;Fordingbridge;SP6 3LG;51.2588366;0.3046487
GB NF 033;Catch (Isle of Wight) Limited;Ower Barns Courtyard;Calshot;SO4 1BE;54.7023545;-3.2765753
GB NF 036;Fareshare Southern Central;Unit 1;Totton;SO40 3WX;50.9193335;-1.4882614
GB NF 037;The Moody Cow;Arch Farm Industrial Estate;Fordingbridge;SP6 1NQ;50.9377600;-1.7959500
GB NF 039;Hook to Plate;Beaver Lake Farm;Ringwood;BH24 3DE;50.8348942;-1.7504133
GB NG 016;Pork Farms;Dunsil Drive;Nottingham;NG2 1LU;52.9352030;-1.1611184
GB NG 022;A.E. Chambers Ltd;Unit C Cowlairs;Nottingham;NG5 9RA;53.0014928;-1.1790208
GB NG 041;A Bekiarudis;Unit 3 Greasley Street;Nottingham;NG6 8ND;52.9999301;-1.2019117
GB NG 048;DF Dickens;Little Tennis Street South;Nottingham;NG2 4EU;52.9449812;-1.1199617
GB NG 050;Riverside Bakery;Crossgate Drive;Nottingham;NG2 1LW;52.9367990;-1.1639737
GB NG 054;Murphy & Son Ltd;Alpine Street;Nottingham;NG6 0HQ;52.9806586;-1.1814540
GB NG 056;The Fishrich Company Limited;Unit 8;Nottingham;NG7 3JG;52.9452712;-1.1487050
GB NG 057;Nutrition Works;Unit 13;Nottingham;NG5 9RG;52.9560736;-1.1504912
GB NG 058;Fareshare Midlands;1 Harriman’s Lane;Nottingham;NG72SD;52.9346303;-1.1815509
GB NG 061;Easy Mix Food Ltd;Unit 25 Bar Lane Industrial Park;Nottingham;NG60JA;52.9802536;-1.1839702
GB NG 062;Nottingham Seafoods;Unit 2c County Business Park;Nottingham;NG2 3JJ;54.3490741;-1.4411493
GB NG 064;Romega Distribution Ltd;Unit 7 & 11;Nottingham;NG73JG;51.7770064;-1.4812005
GB NG 065;Chrysalis Health & Beauty Business Solutions Ltd;Liquids Facility;Glaisdale Parkway;NG8 4GP;52.9586964;-1.2273314
GB NH 003;Giorgios Continental Ltd;Dunsil Road Engine Lane;Nottingham;NG16 3PX;53.0244952;-1.2916526
GB NH 009;Hillcrest Poultry Farm;Alma Hill;Kimberley;NG16 2JF;53.0048342;-1.2675158
GB NH 011;Maid Marinade Ltd;Unit 12 Ballon Wood Industrial Estate;Nottingham;NG9 3GJ;52.9506927;-1.2503557
GB NJ 012;Cultech Ltd;Unit 2;Port Talbot;SA12 7BZ;51.6484798;-3.9788570
GB NJ 013;Master Catering Ltd;Unit 13;Port Talbot;SA13 2PE;51.6484798;-3.9788570
GB NJ 014;Master Catering Ltd;Unit 9 (Cold Store);Port Talbot;SA13 2PE;52.4765660;-1.8911906
GB NK 001;Noble Foods Ltd;Hives Lane;North Scarle;LN6 9HA;53.1944850;-0.7361778
GB NK 002;Pilgrims Pride Ltd Ruskington;Sleaford Road;Sleaford;NG34 9BL;53.0417340;-0.3849321
GB NK 022;The Farm Kitchen Limited;Ewerby Thorpe Farm;Sleaford;NG34 9PR;53.0147800;-0.3123500
GB NK 024;Good Lookin Cookin;17 Enterprise Park;Auburn;LN5 9PF;53.2695155;-0.4966794
GB NK 028;Gary Simpson Butchers;11 Cameron Street;Sleaford;NG34 9RW;52.9827774;-0.2981308
GB NK 029;Ideal Catering Ltd;10 Reedspire Industrial Estate;Sleaford;NG34 8GL;53.0096287;-0.3977382
GB NK 036;Gary Simpson Butchers Ltd;Pennells Garden Centre;Lincoln;LN6 9NT;53.1785799;-0.6214900
GB NK 041;G Simpson Butchers Ltd;Four Seasons Garden Centre;Sleaford;NG348NY;54.4250165;-2.9619875
GB NK 044;S. Lamyman and Son Ltd;The Manor Farm;Lincoln;LN4 4AP;53.2873459;-0.3032865
GB NK 045;White Swan Farm Eggs Ltd;Enfield Farm;Lincoln;LN6 9HF;53.2012300;-0.7143900
GB NM 002;Classic Cuisine;7 Pond Wood Close;Northampton;NN3 6RT;52.2760712;-0.8629331
GB NM 005;Houghton Hams;58 - 68 Tenter Road;Northampton;NN3 6AX;52.2792567;-0.8764341
GB NM 007;TMI Foods Ltd;Lodge Way;Northampton;NN5 7US;52.2578646;-0.9427572
GB NM 010;Cooked Meat Company Ltd;12 Gate Lodge Close;Northampton;NN3 8RJ;53.8036709;-1.8922798
GB NM 018;LTA Foodservices Ltd;9 Low Farm Place;Northampton;NN36HY;52.2799471;-0.8781656
GB NM 020;Greencore Northampton;Moulton Park Industrial Estate;Northampton;NN3 1RX;54.7023545;-3.2765753
GB NM 021;Collins Fresh Foods Ltd;6 Cirrus Park;Northampton;NN3 6UR;52.2808400;-0.8706700
GB NM 022;Altis Catering Ltd;1 Cirrus Park;Northampton;NN3 6UR;52.2808400;-0.8706700
GB NM 025;Adugs Foods Ltd;Unit 2;Northampton;NN48HQ;52.2717713;-0.8399140
GB NM 026;Bengal Foods Ltd;32-34 Henry Street;Northampton;NN1 4JE;52.2439040;-0.8807757
GB NM 027;RB & CA Evans;Manor Farm;Towcester;NN12 8HP;52.1605599;-1.0666400
GB NM 028;Ro Meat Factory Ltd;Unit 5;Northampton;NN3 6NN;52.2766776;-0.8589331
GB NM 029;Cotswold Eggs Limited;Limes Farm;Farthinghoe;NN13 5PB;53.0187766;0.0106080
GB NM 030;The Urban Dairy;Unit 21;Daventry;NN11 8PG;52.2473722;-1.1560219
GB NM 031;North Cooked Food Ltd;9 Rothersthorpe Avenue;Northampton;NN4 8JH;52.2262307;-0.9128312
GB NN 035;D J Little;Treetops;Cromer;NR27 9JU;51.4180809;-2.5074959
GB NN 041;Bywater Shellfish;Sea Scape;Cromer;NR27 9PH;53.3161547;0.2816240
GB NN 058;A & M Frary;Unit 9;Wells-Next-The-Sea;NR23 1LB;53.4451775;-1.3377763
GB NN 059;S & M Shellfish;Unit 11;Wells-Next-The-Sea;NR21 8HD;53.4771521;-2.2270848
GB NN 062;C A Seafoods;3 Station Road;Weybourne;NR25 7HQ;52.9416537;1.1430320
GB NN 076;Pointen Bros;Grange Farm;Melton Constable;NR24 2EB;54.5294871;-1.2205650
GB NN 077;Mrs Temples Cheese;Copys Green Farm;Wells-Next-The-Sea;NR23 1NY;52.9168328;0.8904880
GB NN 105;Ferndale Cheeses;Ferndale Farm;Little Barningham;NR11 7AG;53.6109668;-1.7500316
GB NN 106;Davies Fishmonger;Sea Acres;Cromer;NR27 9PH;53.1219663;0.3338671
GB NN 108;Mr S Bywater;36 Buston Close;East Runton;NR27 9PJ;52.9325814;1.2667545
GB NN 111;Perfect Pie Ltd t/a Brays Cottage Pork Pie;12 Bayfield Brecks;Holt;NR25 7DZ;52.9251731;1.0637779
GB NN 119;J.J. and C.A.S. Davies Ltd;Rear of 7 Garden Street;Cromer;NR27 9HN;52.9318845;1.2995091
GB NN 121;Broadland Eggs;Chequers Street;East Ruston;NR12 9JT;52.7891009;1.4879487
GB NN 122;Sunrise Poultry Farms Ltd;Poplar Farm;Waxham;NR12 0EF;51.2257890;-2.7026676
GB NN 123;SP Game Ltd;The Manse;Neatishead;NR12 8YF;54.1762605;-6.3286639
GB NN 124;Henry Stewart & Co. ltd;Heath Farm Top Site;Fakenham;NR21 8LZ;52.8333217;0.8802686
GB NN 125;E J Perowne;Top Farm;Great Snoring;NR21 0HW;51.6722816;-2.0203864
GB NN 126;Breck Farm;Weybourne Road;Weyborne;NR25 6QL;52.9423013;1.1217689
GB NN 128;Cley Smokehouse;High Street;Holt;NR25 7RF;52.9525110;1.0430451
GB NN 130;MER Windows;Charlbury;East Runton;NR27 9PB;51.8744584;-2.1392382
GB NN 132;Jonas Seafood Ltd;Stonehill Way;Cromer;NR27 9JW;52.9266892;1.2847720
GB NN 134;Gavin Watling;32 Lighthouse Close;Happisburgh;NR12 0QE;52.8194148;1.5345416
GB NN 142;Heaven Made Foods of Holt Ltd;Units 1-3 Heath Drive;Holt;NR25 6ER;52.9023641;1.1040255
GB NN 144;Blue Boy Seafood;1 Hall Close;Bodham;NR25 6PW;52.9160828;1.1597843
GB NN 145;R. Matthews Shellfish;Rocky Bottoms;Norfolk;NR27 9QA;52.9371551;1.2520267
GB NN 148;Osprey Foods Ltd;Hempstead Road Business Centre;Holt;NR25 6EE;52.9011446;1.1009578
GB NN 150;Stephen Neal;14 Woodland Rise;Sheringham;NR26 8PR;52.9338453;1.2160467
GB NN 153;J&S Shellfish Ltd;7 The Close;Holt;NR25 6DD;52.9020399;1.0962120
GB NN 154;G&G Farm Produce Ltd;265 Scottow Enterprise Park;Scottow;NR10 5FB;52.7575357;1.3502824
GB NN 155;Ambry Foods Limited;Hall Farm House;Skeyton;NR10 5DJ;52.6427591;1.6754943
GB NN 156;Tavern Tasty Meats;Farm Shop;Swafield;NR28 0RQ;52.8373391;1.3936882
GB NN 157;Witham Livestock;The Forge;Erpingham;NR11 7QF;55.8065246;-4.2890345
GB NO 003;Hunts Food Service Ltd;Station Road;Newton;DT10 2SR;54.7023545;-3.2765753
GB NO 006;Blackmore Vale Farm Cream Ltd;Wincombe Lane;Shaftesbury;SP7 8QD;51.0133524;-2.1802389
GB NO 007;Leopard Dairy Products;Home Farm;Blandford Forum;DT11 8LT;50.9314105;-2.1898179
GB NO 036;Crook and Churn Dairy;Applins Farm;Blandford Forum;DT11 8RA;50.9355349;-2.2266720
GB NO 047;Parkers Packing Station;School Close;Blandford;DT11 8JL;50.9146909;-2.1044324
GB NO 048;Lakesbrook Farm;East Orchard;Shaftesbury;SP7 0LH;52.7230764;-1.1064288
GB NO 050;Woodlands Park Dairy Ltd;27a Sunrise Business Park;Blandford Forum;DT11 8ST;50.8752305;-2.1563702
GB NO 053;M.G. Mills;Copse Corner;Shaftesbury;SP7 0QL;51.3636498;-2.5714410
GB NO 057;Jamess Cheese;The Byre;Child Okeford;DT11 8HD;57.6817756;-4.0378027
GB NO 062;The Real Cure;Hartgrove Farm;Shaftesbury;SP7 0JY;50.9660500;-2.2263099
GB NO 063;The Dorset Dairy Co;Crib House Farm;Stalbridge;DT10 2RT;50.9658600;-2.3507300
GB NP 005;Muller UK and Ireland LLP;Tern Valley Business Park;Market Drayton;TF9 3SQ;52.8969135;-2.5144552
GB NP 006;Applebys;Hawkestone Abbey Farm;Shrewsbury;SY4 5LN;52.8728273;-2.6326717
GB NP 008;Belton Farm Limited;Belton Farm;Whitchurch;SY13 1JD;52.9455488;-0.6145106
GB NP 015;Americold Whitchurch Ltd;Shakespeare Way;Whitchurch;SY13 1LJ;52.9653398;-2.6629014
GB NQ 005;Burma Bacon Supplies Limited;Unit 1 Loomer Road Industrial Estate;Newcastle under Lyme;ST5 7LB;53.0330219;-2.2575409
GB NQ 006;James T Blakeman (Services) Ltd;Millennium Way;Newcastle-under-Lyme;ST5 7UF;51.4955502;0.0076175
GB NQ 008;Buttercross Butchers Ltd;Shiffords Grange Partnership;Market Drayton;TF9 2QS;52.9146558;-2.4443520
GB NQ 012;Bri-Ton Fine Foods Ltd;Rowhurst Close;Newcastle-under-Lyme;ST5 6BE;53.0393424;-2.2623851
GB NQ 014;Brockleys Puddings;54 High Street;Newcastle Under Lyme;ST5 0HR;53.0108199;-2.2285393
GB NQ 015;James T Blakeman & Co Ltd;Millennium Way;Newcastle under Lyme;ST5 7UF;51.4955502;0.0076175
GB NR 018;Finedale Foods Limited;Bunwell Street;Bunwell;NR16 1SH;52.4954583;1.1328914
GB NR 021;R S Baker and Sons Ltd;146 Colman Road;Norwich;NR4 7AA;52.6252711;1.2597442
GB NR 022;E F Shingfield & Son;Hall Farm;Norwich;NR9 4PX;52.5947860;1.0177501
GB NR 023;R W Nurse;Hall Moor Road;Norwich;NR9 4LB;52.5748918;0.9875241
GB NR 024;Mr Hewitt;Gore Lane Farm;Norwich;NR9 4LB;51.5144708;-1.6126993
GB NR 025;Mr Shearwood;Ketts Oak;Norwich;NR9 4LB;52.5749150;0.9878469
GB NR 028;Mr Peacock;;Shelfanger;;52.4167700;1.0849945
GB NR 031;J & J Renaut;Hill Farm;Harlston;IP20 9QN;52.4098750;1.3158180
GB NR 032;Mr J Reeder;Lime Tree Farmad Lane;Norwich;NR15 2RD;52.5097406;1.2608841
GB NR 034;R D & J Burridge;Manor Farm;Norwich;NR16 1DS;52.6811457;1.1574166
GB NR 038;Broadland Hams;Beckhithe;Norwich;NR9 3NP;52.6119295;1.1804874
GB NR 039;Home Field Hens;Red House Farm;Forncett St Mary;NR16 1JR;53.7412264;-0.2137395
GB NR 041;E S Burroughs & Son;Oaklands Farm;Beccles;NR34 0BL;50.9749406;-0.3923606
GB NR 042;Havensfield Eggs;White House Farm;Needham;IP20 9LG;53.9983354;-1.5977155
GB NR 043;Clinks Care Farm;Eaton Farm;Beccles;NR34 0ET;52.5055900;1.5743700
GB NR 044;Cawick House Farm;Cawick Road;Wymondham;NR18 9PJ;52.5686730;1.1005770
GB NR 047;Waveney Valley Ices;South Farm;Alburgh;IP20 0BS;52.4250800;1.3405800
GB Nr 048;Dyvine Ltd;Robert Kett Court;Wymondham;NR18 0LH;52.5785242;1.1124686
GB NR 050;St Jude Cheese;Dairy Farm;Wheatacre;NR34 0BZ;51.6442821;-1.9402425
GB NR 051;Greencore Logistics;Unit 407;Wymondham;NR18 0WY;52.5764547;1.1386398
GB NS 002;Noble Foods Ltd;Longbelt Farm;Rufford;NG22 9HB;53.1615700;-1.0300500
GB NS 004;G Fisher and Son (1987) Ltd;Tomkins Farm;Newark;NG23 7HX;50.9547353;0.0027975
GB NS 005;Lineage UK Warehousing Ltd;Belle Eau Park;Newark on Trent;NG228TX;53.1281000;-1.0152000
GB NS 026;Haskell & Co;Baulker Lane;Mansfield;NG21 9BG;53.1653112;-1.1042732
GB NS 030;Thermotraffic Limited;Jessop Way;Newark;NG24 2ER;53.0807731;-0.7884320
GB NS 033;Tsui Tak Supreme Foods;Unit A5;Ollerton;NG22 9FS;53.2016367;-1.0205425
GB NS 035;Lineage Belle Eau Park;Belle Eau Park;Nottingham;NG22 8TX;53.1281000;-1.0152000
GB NS 036;Ohannes Food Solutions Limited;Unit 3;Blidworth;NG21 0RY;53.1053890;-1.1241313
GB NS 037;Phoenix Speciality Oils;Kennelwood;Newark;NG22 9HB;51.7627248;-0.2247357
GB NS 038;Bakkavor Desserts;Jessop Way;Newark on Trent;NG24 2ER;53.0807731;-0.7884320
GB NS 039;Brimble’s of Mansfield Ltd;Longlands Farm;Newark;NG22 8HW;52.8087687;-1.2978818
GB NT 001;North Shields Fish Quay Development Company;Southern Loading Platform;North Shields;NE30 1JA;55.0097630;-1.4340453
GB NT 031;Taylor Foods;Elm Road;North Shields;NE29 8SE;51.4500146;-0.4373034
GB NT 036;Lindisfarne Seafoods;2 Cliffords Fort;North Shields;NE30 1JE;55.0108482;-1.4330117
GB NT 102;Greggs plc (Balliol Park);Balliol Business Park;Newcastle Upon Tyne;NE12 8EW;55.0190895;-1.5874456
GB NT 103;Shahi Frozen Foods Limited;Unit 16 Planet Place;Killingworth;NE12 6RE;55.0288549;-1.5780983
GB NT 107;Farsi Foods Ltd;Unit 9DEF;North Shields;NE29 8SD;55.0173700;-1.4950900
GB NT 110;Greggs Plc (Balliol 2);Balliol Business Park;Newcastle Upon Tyne;NE12 8EW;55.0190895;-1.5874456
GB NT 117;Larrys;3-4 Prospect Terrace;North Shields;NE30 1DX;55.0126170;-1.4357971
GB NT 118;Frank Round Ltd;5 Prospect Terrace;North Shields;NE30 1DX;55.0126170;-1.4357971
GB NT 120;North Shields Traditional Smoke House;Unit 10;North Shields;NE30 1DX;55.0082040;-1.4480850
GB NT 123;J. G. Seafoods;Unit 3A;North Shields;NE30 1HR;55.0081222;-1.4473390
GB NT 125;TC Fish;Unit 1;North Shields;NE30 1JA;55.0081222;-1.4473390
GB NT 126;55 Fisheries Limited;Unit 3a;North Sheilds;NE30 1HR;53.7592972;-2.7056783
GB NT 127;55 Fisheries Limited;Tanners Bank;North Shields;NE30 1JH;55.0123156;-1.4333841
GB NT 128;Sykes Seafood;Harveycombe;Newcastle Upon Tyne;NE12 6QQ;55.0342876;-1.5811420
GB NT 130;Belle & Herbs Fermentary;33 Bellingham Drive;Newcastle upon Tyne;NE12 9SZ;55.0185750;-1.5451620
GB NT 2137;Storelogs Limited;Kittiwake Close;Wallsend;NE28 9ND;55.0145981;-1.4959730
GB NU 007;Saputo Dairy UK.;Walsingham Drive;Nuneaton;CV10 7RG;52.4991746;-1.4817353
GB NU 009;GXO Logistics;St Davids Way;Bedworth;CV10 7SE;52.4972430;-1.4801085
GB NU 011;Blue Ocean Seafoods Ltd;Unit B4;Coventry;CV7 9QS;52.4717497;-1.4784038
GB NU 012;The Nursery Catering Company Limited;Unit 3;Coventry;CV7 9EP;52.4512055;-1.7781771
GB NU 013;Open Group Food Manufacturing Limited;Unit 3;Coventry;CV7 9EN;52.4512055;-1.7781771
GB NV 017;Sangham Paneer Manufacturing Ltd;Unit 17 Cedar Court;Coalville;LE67 1TU;52.7041400;-1.3303100
GB NV 021;Trunature Limited;Unit D;Ashby De La Zouch;LE65 2UZ;51.7759412;-1.4871848
GB NV 022;Oakland International Limited;Interlink Beveridge Lane;Coalville;LE67 1TB;52.7025773;-1.3263885
GB NV 023;Moran Logistics Limited;Moran House;Derby;DE74 2HJ;51.5044637;-0.0572550
GB NV 024;Hopwells Limited;Unit 6E3;Derby;DE74 2HA;52.8466168;-1.3585748
GB NW 001;Chan Brothers Ltd;Unit 2 Block B;London;E6 7FF;52.0755350;-1.9333155
GB NW 011;Micks Eels Supply;North Crecent;Canning Town;E16 4TG;51.5231753;0.0003912
GB NW 019;Ping Pong;Unit 3F;London;E16 2ES;51.4989938;0.0564922
GB NW 026;Golden Flakes Enterprise Limited;Unit 15;London;E15 2SP;51.5115175;-0.0665003
GB NW 031;World Gourmet Restaurants Limited - Wrap it Up;Unit 6-7;London;E15 3NW;52.4936429;-2.0204937
GB NW 037;Atlantic Distributions Ltd;51-53;London;E7 9PA;51.4161924;-0.0723167
GB NW 038;Moubon;111 Central Park Road;London;E63DW;51.5288544;0.0433587
GB NW 039;Boss Niu;Units 38-40;London;E6 6LP;51.3640970;1.1068236
GB NX 007;Deli Serve Ltd;Wern Industrial Estate;Newport;NP10 9FQ;51.5894651;-3.0549363
GB NX 010;Eurofoods Group Ltd;Langland Way;Newport;NP19 4PT;51.5751621;-2.9631960
GB NX 011;Country Fresh Eggs;Ty Mawr Farm;Newport;NP10 8JF;51.5768300;-3.0583500
GB NX 015;Yummies Fastfood Supplies Ltd;Unit 15;Newport;NP19 4SP;51.5870000;-2.9939057
GB NX 021;Total Asia Food Ltd;Unit 8A;Newport;NP20 2NS;51.5705462;-2.9854854
GB NX 023;ECO Food Service Ltd;Unit 5 Factory Road;Newport;NP20 5FA;51.5933242;-2.9983707
GB NX 024;Wild Water Cold Storage Ltd;Unit 32;Newport;NP194SL;51.5705462;-2.9854854
GB NX 025;S W Catering Supplies Limited;Unit 5 Foxhill Building;Newport;NP10 9FQ;51.5894651;-3.0549363
GB NX 026;C&A Food Group Ltd;Unit 13B;Newport;NP19 4SL;51.5705462;-2.9854854
GB NX 027;Starlet Farming Ltd;Castle Farm;Newport;NP18 2DZ;54.2210330;-3.2723658
GB NY 004;BART Ingredients Company Ltd;Building 300 West;Newbury;RG19 6HN;51.3749800;-1.2838700
GB NY 009;Beechwood Eggs;Beechwood Poultry Farm;Thatcham;RG18 0TL;51.4851100;-1.2291200
GB NY 011;JV Foods Ltd;12a Exeter Way;Theale;RG7 4PF;51.4726495;-0.4286210
GB NY 022;Snaffling Pig Limited;Unit 8;Ashampstead Common;RG8 8QT;51.4700251;-0.0657034
GB NY 032;Newbury Fine Foods;7 Turnpike Industrial Estate;Newbury;RG14 2LR;51.4096508;-1.2965085
GB NY 033;Eurasia Food Services;39 Youngs Industrial Estate;Reading;RG7 4PW;51.9136548;-0.6387762
GB NY 034;Robinson Foods LLP;6/7 Turnpike Industrial Estate;Newbury;RG14 2LR;51.4096508;-1.2965085
GB NY 036;The Kennet Crayfish Company Ltd;Unit 15;Thatcham;RG19 3TL;51.4037511;-1.2570162
GB NY 038;Indul Ltd;Unit A;Hungerford;RG17 7RZ;51.5224615;-0.1569772
GB NY 039;Morgiel Fine and Organic Foods Ltd;32a Easter Park;Reading;RG7 2PQ;51.3701656;-1.1203641
GB NY 040;Game Changer Charcuterie Ltd;Sheepdrove Organic Farm;Lambourn;RG17 7UU;51.5345900;-1.4848400
GB NZ 001;Lowrie Foods Ltd;Brinkburn Street;Newcastle upon Tyne;NE6 2BU;54.9746990;-1.5802653
GB NZ 201;Dnata Catering UK Limited;Maintenance Area;Newcastle upon Tyne;NE13 8BZ;55.0379824;-1.7039717
GB NZ 206;Pars Halal Foods;Unit B2;Newcastle upon Tyne;NE6 4NQ;51.5627827;-2.9903089
GB NZ 207;Rise and Shine Bakery;Unit 12/13 Bath Street Industrial Estate;Newcastle upon Tyne;NE6 3PH;54.9767700;-1.5399400
GB NZ 212;Fareshare North East;Palatine Bulidings;Newcastle upon Tyne;NE5 5HH;55.0013910;-1.6984586
GB NZ 213;Quality Food Services;Unit 13-15 Invincible Drive;Newcastle upon Tyne;NE4 7HX;54.9617631;-1.6358685
GB NZ 216;Inovocan;Unit 7 Gosforth Industrial Estate;Newcastle Upon Tyne;NE3 1XD;55.0095879;-1.6074811
GB NZ 217;Acropolis Street Food (Catering) Ltd;Unit 4 Cobblestone Court;Newcastle Upon Tyne;NE6 1AB;52.2215097;-0.9382798
GB OA 001;Orkney Cheese Company Ltd;Hatston Industrial Estate;Orkney;KW15 1RG;58.9938425;-2.9718379
GB OA 002;The Orkney Creamery;Crantit Dairy;St Ola;KW15 1RZ;58.9726082;-2.9725783
GB OA 009;Jollys of Orkney;Scotts Road;Kirkwall;KW15 1GR;51.5030746;-0.2311982
GB OA 021;Grimbister Farm Cheese;Grimbister Farm;Firth;KW15 1TT;58.9953694;-3.0936446
GB OA 022;O-Fish-Shell Limited;Lobster Ponds;Holm;KW17 2SF;52.2185056;-4.3619921
GB OA 031;The Island Smokery;Cairston Road;Orkney;KW16 3JS;58.9702987;-3.2888418
GB OA 033;Pierowall Fish Ltd;Broughton Road;Orkney Islands;KW17 2DA;59.3161493;-2.9785519
GB OA 036;Cooke Aquaculture Scotland Ltd;Factory H43;St Ola;KW15 1RG;58.9938425;-2.9718379
GB OA 039;Donaldsons of Orkney;38 Albert Street;Orkney;KW15 1HQ;58.9829281;-2.9589663
GB OA 040;MacNeil Shellfish Ltd;Store H46;Hatston Industrial Estate;KW15 1RG;58.9938425;-2.9718379
GB OA 101;Russells Orkney Cheese;Maynrys;Kirkwall;KW15 1TZ;58.9916357;-2.9901363
GB OA 142;Millennium K108;Millennium (Orkney) Ltd;St Margarets Hope;KW17 2TJ;58.8118718;-2.9353031
GB OA 143;Orkney Shellfish Ltd;Shoreside;Orkney;KW17 2TQ;58.8350795;-2.9294449
GB OA 149;QA Fish Limited;46 Crowness Road;Orkney;KW15 1RG;58.9936357;-2.9717851
GB OA 152;The Orkney Dairy;Bain Farm;Orkney;KW16 3HZ;59.0345649;-3.2923890
GB OA 153;Burnside Cheese;Braevilla;Orkney;KW17 2NZ;59.0597306;-3.0766893
GB OA 154;Magnus Norquay Shellfish Ltd;New Store;Burray;KW17 2SS;58.8453648;-2.9146252
GB OA 155;Williamsons;East Road;Orkney;KW17 2SS;58.9849241;-2.9486678
GB OA 159;Orkney Crab;Garson Food Park;Orkney;KW16 3BL;58.9691309;-3.2823345
GB OA 160;Orkney Crab Ltd;Lobster Ponds;Stromness;KW16 3AA;52.2185056;-4.3619921
GB OA 161;Viking Shellfish Ltd;46 Crowness Road;Orkney;KW15 1RG;58.9936357;-2.9717851
GB OA 164;QA Fish Ltd;Lindisfarne;Westray;KW17 2BZ;54.8949402;-1.5285737
GB OA 165;Loki Seafood Shack;c/o Orkney Crab;Stromness;KW16 3BL;58.9691309;-3.2823345
GB OA 166;Orkney Scallops Ltd;Yard 8;Hatston Industrial Estate;KW15 1GF;52.9492474;-1.1529127
GB OA 318 / UK-7-093;Halls Holding;Lochend;;KW17 2DE;55.6022533;-2.7705713
GB OA 319 / UK-7-098;Toms Eggs;The Old Lodge;Orkney;KW17 2DX;51.7059984;-2.2130780
GB OA 321;DD and JA Scott;Grutha;South Ronaldsay;KS17 2TH;58.8325088;-2.9064647
GB OA 323;R Smith;Lower Cornquoy;Orkney;KW17 2SD;58.8835282;-2.8296566
GB OA 324;RJ and L Scott;2 West Greaves;St Marys;KW17 2RU;58.9011427;-2.9060403
GB OA 328;Gina Marshall;Cotland Eggs;Scapa Brae, St Ola;KW15 1SF;58.9561262;-3.0132630
GB OA 329;JM & EN Croy;Outer Dale;Orkney;KW17 2RB;58.9364861;-3.0959913
GB OA 330;RJ Calvert;West Langamay;;KW17 2BP;59.2832300;-2.4577600
GB OD 019;Nettlebed Creamery Ltd;Manor Farm;Henley-on-Thames;RG9 5DA;51.5349194;-0.9799650
GB OD 020;E G Ryall &Sons;;Wallingford;;51.5982886;-1.1251402
GB OD 023;T W Ludgate & Son Limited;Unit 3B;Oxon;OX9 3UD;51.5500561;-1.6467371
GB OD 025;Sandy Lane Farm Eggs;Sandy Lane;Thame;OX9 2LA;51.7326207;-1.0625967
GB OD 030;Blackwoods Foods;Hayden Farm;Nuffield;RG9 5TX;51.5763100;-1.0166300
GB OD 032;Hedges Butchers Ltd;33 Monument Business Park;Oxford;OX44 7RW;51.6792086;-1.0792218
GB OD 033;Maspo Ltd;Unit 9;Thame;OX9 2FZ;51.7481356;-1.0041230
GB OD 034;Everfreeze Storage Ltd;Unit B;Watlington;OX49 5LU;51.7757807;-1.4870721
GB OD 035;Booker Retail Partners;Basil Hill Road;Didcot;OX11 7HJ;51.6154931;-1.2516987
GB OD 036;Asco Foods Ltd;Unit 10;Thame;OX9 2FZ;51.7481356;-1.0041230
GB OD 037;H & H Prevenance Ltd;The Didcot Enterprise Centre;Didcot;OX11 7PH;51.6202200;-1.2484200
GB OF 012;Wychwood Fine Foods Ltd;Groves Industrial Estate;Chipping Norton;OX7 6JF;51.8615200;-1.6133900
GB OF 014;Cool Cuisine Foodservice Ltd;Unit 5;Lovell;OX20 0SR;53.7958428;-1.5483594
GB OF 015;Daylesford Organic Ltd;Daylesford;Moreton in Marsh;GL56 0YG;51.9360858;-1.6314784
GB OF 024;Daylesford Organic Farms Ltd;New Farm;Moreton in Marsh;GL56 0YG;51.9303614;-1.6464303
GB OF 025;Lydgate Eggs;Witney Road;Ramsden;OX7 3AS;51.8338948;-1.5011054
GB OF 026;Mayfield Eggs;Ambury Farm;Witney;OX29 6XE;51.7915599;-1.4111800
GB OF 027;Westwell Farms Ltd;Downs Farm;Westwell;OX18 4JY;51.1837644;0.9692659
GB OF 030;Smokin’ Brothers;Daylesford Organic;Moreton-in-Marsh;GL56 0YG;51.9303614;-1.6464303
GB OF 032;SaltPig Curing Company;Unit 12;Chipping Norton;OX7 5XW;51.9182072;-1.5429337
GB OF 033;FarmED CIC;Honeydale Farm;Chipping Norton;OX7 6BJ;51.4131217;0.1370011
GB OF 034;Kelmscott Country Pork Ltd;22-24 Signals House North;Bampton;OX18 2ET;51.7131800;-1.5489000
GB OG 006;Talgarth Bakery Ltd;Unit 8-13;Maesteg;CF34 0TY;51.6274444;-3.6588141
GB OG 010;Ty Tanglwyst Dairy;Pyle;Bridgend;CF33 4SA;51.5140100;-3.6988700
GB OG 014;Cabalen Oriental Foods Ltd;Unit 4;Bridgend;CF31 1NW;51.6101055;-3.6612208
GB OG 017;Mr Philip R Thomas;Brynchwith Farm;Bridgend;CF35 6NL;51.5522599;-3.5164600
GB OG 018;Fresh Food For Now;Units 7&8;Bridgend;CF31 3RW;51.4967840;-3.5474287
GB OG 19;Welsh Egg (Porthcawl) Limited;Sea View Farm;Porthcawl;CF365TB;51.4047559;-3.4849878
GB OG021;A-Head of the Game Nutrition;Heol Ffaldau;Bridgend;CF31 2AJ;51.5160076;-3.5583792
GB OH 019;Chippindale Foods Limited;York Road;Knaresborough;HG5 0RP;54.0056510;-1.4476163
GB OH 029;Paynes Dairy Limited;Bar Lane;Boroughbridge;YO51 9LS;54.0894267;-1.4147661
GB OH 036;The Masham Sausage Shop;5 Hallikeld Close;Ripon;HG4 5GZ;54.1739469;-1.4828296
GB OH 041;True Foods Limited;Units 9 Hallikeld Close and 7 & 8 Keld Close;Ripon;HG4 5GZ;54.1743200;-1.4826200
GB OH 044;Voakes Pies;Whixley Grange;York;YO26 8AY;54.0256800;-1.3204100
GB OH 045;B T & E J Mosey;;Boroughbridge;;54.0943398;-1.3947113
GB OH 046;Ian Taylor;Hambleton View Farm;Harrogate;HG3 3ST;54.0749800;-1.4996400
GB OH 050;New World Foods (Europe) Limited;Unit 1 & 2;Moor Monkton;yo26 8la;52.5136566;-2.0243079
GB OH 053;Voakes Free From Ltd;Whixley Grange;York;YO26 8AY;54.0256800;-1.3204100
GB OH 054;Reed Boardall Cold Storage Ltd;Bar Lane;Boroughbridge;YO51 9NN;54.0916751;-1.4055593
GB OH 063;Stonebeck Cheese;Low Rigg Farm;Harrogate;HG3 5TA;54.1650700;-1.8836700
GB OH 064;Kirstys;Unit 15;Felliscliffe;HG3 2SG;51.5115175;-0.0665003
GB OH 065;WM Morrison’s Supermarkets Ltd;York Road;Harrogate;HG5 0RP;53.9940464;-1.5503827
GB OH 067;TMR Foods Ltd;1 Juniper Grove Business Park;Ripon;HG4 2DZ;54.1401500;-1.5403500
GB OH 068;Heros Journey;Unit 4 Barugh Close;Ripon;HG4 5NJ;54.1729592;-1.4811752
GB OH 069;Yorkshire Speciality Foods;Unit 18 Springfield Farm Business Park;Harrogate;HG3 2SG;54.0043370;-1.6675151
GB OK 121;Jigsaw Food Ltd;Unit 1 Redbridge Close;Mansfield;NG20 8RU;53.1937237;-1.2095396
GB OL 002;Lower Lydgate Farm;Quickedge Road;Oldham;OL4 5TX;53.5331641;-2.0428870
GB OL 004;Grotton Head Farm;Platting Road;Oldham;OL4 4JN;53.5447555;-2.0419641
GB OL 006;Ralphs Farm;Huddersfield Road;Oldham;OL3 5SB;53.5907866;-2.0370692
GB OL 008;Roundhill Farm;Long Lane;Oldham;OL3 5QH;53.5582284;-2.0108909
GB OL 022;Grandpa Greenes Luxury Ice Cream Ltd;The Gated Compound;Oldham;OL1 3PY;53.5444356;-2.1015387
GB OL 023;Home Made Products;60 Mortar Street;Oldham;OL4 2BA;53.5465603;-2.0888055
GB OL 027;Kefco Fresh;Unit 1;Oldham;OL8 1HE;53.5380647;-2.1168106
GB OL 032;Mancunian Foods Ltd;Green Lane;Manchester;M35 0PP;53.4658397;-2.1731839
GB OL 033;Best Food Logistics;Salmon Fields;Oldham;OL2 6JG;53.5610137;-2.1038913
GB OL 035;Worldwide Catering (NW) Ltd;Units 23 & 8;Manchester;M35 0BN;53.5501507;-2.0888057
GB OL 038;Chi Yip Group Limited;Treasure House;Middleton;M24 1SW;51.7567185;-0.4725127
GB OL 039;Halal Farm Ltd;20 Sidlaw Close;Oldham;OL8 3WQ;53.5229793;-2.1139555
GB OL 040;Inspired Global Cuisine Ltd;Unit A;Oldham;OL9 9GQ;51.7757699;-1.4870197
GB OL 041;Paul Phillips Fish Merchants;Unit 65;Oldham;OL1 3NE;53.5428210;-2.1010662
GB ON 008;Eagles in Flight;Eagles Marketplace;Banbury;OX15 0SE;51.9816035;-1.3217153
GB ON 012;Fresh Kitchen;Bainton Close;Bicester;OX26 4SW;51.9007566;-1.1284870
GB ON 017;Willowbrook Farm;Hampton Gay;Kidlington;OX5 2QQ;51.8439123;-1.2842263
GB ON 018;RJ Taylor & Son;Brook Farm;Ploughley Road;OX25 1NY;51.8568571;-1.1143506
GB ON 022;Ampersand;Unit 1;Bloxham;OX15 4LL;52.0291697;-1.3412019
GB ON 023;Peter Goss Butchers Limited;54 Bucknell Road;Bicester;OX262DW;51.9048007;-1.1601486
GB ON 024;Bidfood Foodservice;Charbridge Way;Bicester;OX26 4ST;51.8992348;-1.1293729
GB ON 025;Savona Foodservice Ltd;11-12 Oxonian Park;Kidlington;OX51FP;51.8256100;-1.3015500
GB ON 026;Sysco GB;Charbridge Way;Bicester;OX26 4SW;51.8998602;-1.1292106
GB ON 034;DB Foods;Unit 1;Banbury;OX16 4XS;52.0719670;-1.3141828
GB ON 041;Court Partners;Eastwood Farm;Banbury;OX15 6HQ;51.3780467;0.1344962
GB ON 042;Metrow Foods Ltd;Unit 6;Banbury;OX16 4UZ;52.0719670;-1.3141828
GB ON 043;Best Food Logistics;Dorcas Way;Banbury;OX164XJ;52.0634100;-1.3128000
GB ON 044;The Menu Partners;14 Empire Road;Bicester;OX26 2FL;52.4058687;-1.5849808
GB ON 045;M & J Seafood;Charbridge Way;Bicester;OX26 4SW;51.8998602;-1.1292106
GB ON 046;Absolute Taste;The Shed;Bicester;OX26 4SS;51.9145660;-1.1412357
GB ON 047;The Oxford Health Company;4 Longlands Road;Bicester;OX26 5AH;51.9082724;-1.1289573
GB ON 048;Coble Lane Cured Ltd;The Shed;Bicester;OX26 4SS;51.9145660;-1.1412357
GB ON 049;Johan RD Limited;Unit 21;Bicester;OX26 4LN;51.9053912;-1.1294821
GB ON 050;Yourchefs;116 Churchill Road;Bicester;OX16 4XD;51.9076319;-1.1482938
GB ON 051;Hook Norton Butchers;1 Heath Court;Banbury;OX15 5EG;51.9965017;-1.4835719
GB OR 004;Yew Tree Dairy;1 Pit Hey Place;Skelmersdale;WN8 9PS;53.5317204;-2.7641706
GB OR 006;J Peet Potted Shrimps;66 Station Road;Southport;PR9 8BB;53.6778738;-2.9237359
GB OR 008;Langs Farm Gate Eggs;21 Wood Moss Lane;Ormskirk;L40 9RJ;53.6224700;-2.9196300
GB OR 010;Kershaw Frozen Foods Ltd;Pool Hey Lane;Southport;PR8 5LD;53.6310367;-2.9555483
GB OR 011;Traditional Fayre;Unit 3 & 4A;Ormskirk;L39 2YW;51.7767798;-1.4875148
GB OR 012;P & A Rowley;Toogood Farm;Wigan;WN6 9PN;53.6137900;-2.7180000
GB OR 014;A & L Poultry;Brookside Farm;Halsall;L398SA;51.2295611;-0.7909514
GB OR 018;DFDS Logistics Ltd;Stopgate Lane;Liverpool;L33 4YB;53.4503378;-2.9360883
GB OR 019;MJM Foods (Wigan) Ltd;Unit 1 Pendle Place;Lancashire;WN8 9PN;53.5260944;-2.7584792
GB OR 020;D & E Monk Limited;Bannister Farm;Bispham;L40 3SR;53.6107299;-2.7583400
GB OR 021;Trade Distribution Limited;1 Paxton Place;Skelmersdale;WN8 9QH;53.5292491;-2.7661447
GB OR 024;R. Hannah & Sons Food Service;4 Garnett Place;Skelmersdale;WN8 9UB;53.5429735;-2.7830703
GB OR 025;Fridge Freight Ireland Limited;Buffaload Store;Skelmersdale;WN8 9TA;53.5411977;-2.7860315
GB OR 026;Pip Foods;1 Wellfield Cottages;Ormskirk;L40 6HH;53.5576800;-2.8590600
GB OS 001;Arla Foods Limited;Maes y Clawdd;Oswestry;SY10 8NL;52.8457203;-3.0346154
GB OS 009;Cold Move Ltd;Glovers Meadow;Oswestry;SY10 8JN;52.8491122;-3.0400507
GB OSW 4791;Pentons Haulage Coldstore Warehouse and Premises;Pentons Haulage and Cold Storage;Oswestry;SY10 8NN;52.8500855;-3.0299113
GB OW 001;Fareshare;Unit 10;South Wigston;LE18 4TP;51.4738483;-3.1562724
GB PA 025;George Campbell & Sons;1-8 Whitefriars Street;;PH1 1PP;56.3977579;-3.4451263
GB PA 037;Stewart Tower Dairy;Stanley;;PH1 4PJ;56.5087151;-3.4786670
GB PA 042;Dunkeld Smoked Salmon;Springwells Smokehouse;Dunkeld;PH8 0BA;56.5654093;-3.5838030
GB PA 043;Drumturk Cheeses;Shieldrum;Blairgowrie;PH10 7JX;56.6923800;-3.4023900
GB PA 044;Swarna Spice;Unit 1 & 2;Islay Place, Arran Road;PH1 3FU;52.5136566;-2.0243079
GB PA 046;The Wee Dairy Ltd;Bankhead Farm;;PH2 0PU;56.3523910;-3.5482457
GB PC 028;Kittos of Devon Limited;Unit E;Plymouth;PL4 0PG;50.3738309;-4.1435535
GB PC 047;Wild Water Cold Storage Ltd;23 Estover Road;Plymouth;PL6 7PF;50.4172776;-4.0881236
GB PC 048;Pilgrims Pastries Ltd;1B Walkham Business Park;Plymouth;PL5 3LA;50.4069600;-4.1568699
GB PC 049;Friary Mill Bakery Ltd;8 Oakfield Place;Plymouth;PL4 0QA;50.3680975;-4.1155861
GB PC 051;Devon & Cornwall Food Action;Unit 4;Plymouth;PL6 7DB;50.3903378;-4.0753035
GB PC 052;Westcountry Seafoods Ltd;No 3 Depot;Plymouth;PL6 7PF;50.4189500;-4.0880500
GB PE 004;Hartleys Farm Foods Ltd;Pendleside;Nelson;BB9 6RY;53.8369268;-2.2369297
GB PE 025;Pendle Cold Stores Limited;40 Churchill Way;Nelson;BB9 6RT;53.8334529;-2.2304085
GB PE 026;Pendle Frozen Foods Limited;40 Churchill Way;Nelson;BB9 6RT;53.8334529;-2.2304085
GB PE 031;Sunmagic Juices Limited;14 Lindred Road;Nelson;BB9 5SR;53.8329704;-2.2360530
GB PF 002;Jade Fisheries;7A Dock Avenue;Fleetwood;FY7 6NN;53.9154133;-3.0167693
GB PF 006;Seaking Fisheries Ltd;5 Dock Avenue;Fleetwood;FY7 6NN;53.9154133;-3.0167693
GB PF 012;Dockside Ltd;188 Dock Street;Fleetwood;FY7 6NU;53.9207909;-3.0122116
GB PF 013;G R Wilson;6 Dock Avenue;Fleetwood;FY7 6NN;53.9154133;-3.0167693
GB PF 024;Oban Fish Selling Co Ltd;8 Dock Avenue;Fleetwood;FY7 6NN;53.9154133;-3.0167693
GB PF 031;Coombefish Fleetwood Ltd;Siding Road;Fleetwood;FY7 6NS;53.9180040;-3.0174533
GB PF 047;Midland Fish Company Ltd;1 Dock Avenue;Fleetwood;FY7 6NN;53.9154133;-3.0167693
GB PF 049;Neve Fleetwood Ltd;19 Copse Road;Fleetwood;FY7 6RP;53.9182097;-3.0184716
GB PF 058;A.Welsh Seafoods Ltd;Unit 2;Fleetwood;FY7 7PA;53.9054093;-3.0314219
GB PF 063;Wyre View Fisheries;8 Dock Avenue;Fleetwood;FY7 6NN;53.9154133;-3.0167693
GB PF 065;Cottage Fish Company Ltd;Nicholsons Building;Fleetwood;FY7 6NS;53.9192088;-3.0157971
GB PF 066;My Fish Company Ltd;Unit 10;Fleetwood;FY7 7PA;53.9054093;-3.0314219
GB PF 068;KJT Fish Ltd;Unit 7;Fleetwood;FY7 7PA;53.9054093;-3.0314219
GB PF 070;John Ward Agency Ltd;3 Dock Avenue;Fleetwood;FY7 6NN;53.9154133;-3.0167693
GB PF 072;Kendal Fish and Seafoods Ltd & Westcoast Seafoods & Wavesea;4 Dock Avenue;Fleetwood;FY7 6NN;53.9154133;-3.0167693
GB PF 142;VMS Solutions;Imperial House;Thornton-Cleveleys;FY5 4HE;51.5138679;-0.1183966
GB PF 201;A & B Wright;Hill View Farm;Rawcliffe;PR3 6ST;51.4180883;-1.2763303
GB PF 202;JM & TJ Livesey;Hodgkinson Farm;Inskip;PR4 0TT;53.8353435;-2.8289892
GB PF 204;D & M Foster;Church Farm;Out Rawcliffe;PR3 6TB;53.8754409;-2.9125239
GB PF 300;Dewlay Cheesemakers;Garstang By-Pass Road;Preston;PR3 0PR;53.8885976;-2.7842202
GB PF 301;J.J. Sandham Ltd;889 Garstang Road;Barton;PR3 5AA;53.8368474;-2.7391809
GB PF 318;J & SA Barton;Stirzaker House Farm;Preston;PR3 1GE;53.8864500;-2.7334900
GB PF 319;Tootsies Ice Cream;Old Holly Farm;Garstang;PR3 1AA;53.9371036;-2.7786815
GB PF 410;Dawsons Bakery;Unit 1;Fleetwood;FY7 7PA;53.9054093;-3.0314219
GB PH 021;Quattro Foods Ltd;8 The Nelson Centre;Portsmouth;PO3 5SF;50.8221200;-1.0566500
GB PH 022;Solent Seafood Ltd;Unit 5 Marshlands Road;Portsmouth;PO6 1SS;50.8416466;-1.0356328
GB PH 024;Mum and Dads Kitchen;7 Claybank Road;Portsmouth;PO3 5NH;50.8175164;-1.0589915
GB PH 025;GB Gourmet Foods;Cosmopolitan House;Portsmouth;PO3 5XR;50.8248600;-1.0539300
GB PH 026;Fowler Welch Limited;Blueprint 2000;Portsmouth;PO3 5FJ;50.8205446;-1.0565331
GB PH 030;Johnsons Enterprises Ltd;Unit 4;Portsmouth;PO3 5HT;50.8277557;-1.0582202
GB PH 031;Brighton and Newhaven Fish Sales Limited;Shed 9;Portsmouth;PO12JX;50.8151003;-1.0954047
GB PH 032;The Pie Punks;7 Claybank Road;Portsmouth;PO3 5NH;50.8175164;-1.0589915
GB PI  001;First Milk Cheese Co Ltd;Haverfordwest Creamery;Haverfordwest;SA61 1JN;51.7913600;-4.9756900
GB PI 001;First Milk Cheese Co Ltd;Haverfordwest Creamery;Haverfordwest;SA61 1JN;51.7913600;-4.9756900
GB PI 003;Marys Farmhouse Ice Cream;The Fairfield;Crymych;SA41 3QG;51.2128119;-0.7916706
GB PI 004;Pant Mawr Farmhouse Cheese;Rosebush;Clynderwen;SA66 7QU;51.9299220;-4.7999244
GB PI 015;Caerfai Cheese;Caerfai Farm;St Davids;SA62 2QT;54.7023545;-3.2765753
GB PI 048;Nev George Shellfish;Felinwynt;Haverfordwest;SA62 6YA;51.9229100;-5.1692600
GB PI 050;Totally Welsh Limited;Fresh Produce Centre;Haverfordwest;SA62 4BW;51.8313827;-4.9564237
GB PI 057;Dash Shellfish;Inglenook Cottage;Haverfordwest;SA62 3UA;50.9968084;0.0881085
GB PI 058;Welsh Sea Foods Ltd;The Docks;Milford Haven;SA73 3AE;51.1332331;-3.0049691
GB PI 063;The Egg Shed Ltd;Ratford Farm;Haverfordwest;SA62 3LT;51.7850700;-5.0447400
GB PI 072;Solva Sea Harvest;Solva Farm;Haverfordwest;SA62 6TN;51.8745072;-5.1961892
GB PI 073;Cleddau Free Range Eggs;Cwm Parc Farm;Llawhadden;SA67 8HR;51.8211592;-4.8056672
GB PI 074;Country View Farm Produce;Rafael Bach;Fishguard;SA65 9QG;51.9833300;-4.9927400
GB PI 077;Pembrokeshire Food Company Ltd;Hasguard Cross;Haverfordwest;SA62 3UX;51.7591200;-5.1220300
GB PI 079;Coachlands Farm Free Range Eggs;Coachlands Farm;Sageston;SA70 8SB;51.6950600;-4.7955700
GB PI 084;Simply Seafoods;Primrose Cottage;Pentlepoir;SA69 9BN;51.4764979;0.0167088
GB PI 086;Jenkins Farming Limited;New House Farm;Haverfordwest;SA623TS;50.9563369;-0.2136517
GB PI 090;The Orange Tree;11a High Street;Pembrokeshire;SA65 9AN;51.9932216;-4.9773270
GB PI 094;From Our Farm Limited;Unit 2;Narberth;SA67 7ET;51.7041681;-4.7230508
GB PI 095;Langdon Enterprises Ltd;Langdon Farm;Kilgetty;SA68 0NJ;51.0446070;0.8978793
GB PI 098;Beeview Farm;Golwg-y-Gwenyn;Newport;SA42 0QD;52.0107500;-4.8300000
GB PI 100;Syren Shellfish Ltd;White Lodge;Haverfordwest;SA62 6HN;51.8373000;-5.0330100
GB PI 102;Williams Marine Limited (TA as The Welsh Lobster Company);K Shed;Milford Haven;SA73 3AE;50.4186833;-4.4219313
GB PI 103;Efan Rees Dyfed Ltd;Unit 8;Milford Haven;SA73 2RS;51.5114470;-0.0658808
GB PI 104;Trebover Eggs;Trebover Farmhouse;Llanychaer;SA65 9SA;51.9775599;-4.9583199
GB PI 105;Penbicas Eggs;Penbicas;Haverfordwest;SA62 5XD;51.9562500;-4.9790200
GB PI 107;Atlantic Edge Shellfish Ltd (Atlantic Edge Oysters);K Shed;Pembrokshire;SA73 3AQ;50.4186833;-4.4219313
GB PI 108;Salt and Smoke Co;Unit 2;Tenby;SA70 7NG;51.6712110;-4.6982443
GB PI 109;Car-y-Mor;Clegyr Uchaf;Haverfordwest;SA62 6QN;51.8810916;-5.2438160
GB PI 110;Capestone Organic Poultry Ltd;Dowty Park;Milford Haven;SA73 2RS;51.7277200;-5.0300900
GB PI 113;Rose Valley Eggs;Ardanley;Haverfordwest;SA62 4EH;51.8379000;-4.9199200
GB PI 114;Pembrokeshire Creamery Limited;Unit 1;Haverfordwest;SA62 4BZ;51.9231284;-4.9843404
GB PI 115;Pencw Cheese;Penrhiw;Goodwick;SA64 0AQ;53.2820354;-3.5854288
GB PI 116;Nant Neel Dairy;Hafod;Pembrokeshire;SA35 0AX;52.0385523;-4.6281353
GB PI 118;Upton Farm Frozen Foods Limited;Unit 5 Warrior Way;Pembrokeshire;SA726UB;51.6971842;-4.9262176
GB PM 008;Ambassador Cooked Meats Ltd;12-13 Nobel Square;Basildon;SS13 1LS;51.5872249;0.5143195
GB PM 014;J Buckland PLC;Ground Floors Units 1 16 17 19 & 20;Basildon;SS14 3DB;51.5861800;0.4960100
GB PM 018;Abis Catering Supplies Ltd;Adams Business Centre;Basildon;SS14 3JF;51.5855800;0.4890400
GB PM 025;Essex Farm Foods;Unit 2 Swinborne Court;Basildon;SS13 1QA;51.5864207;0.5100437
GB PM 028;Osem UK Ltd;Hemmells Industrial Park;Basildon;SS15 6ED;51.5837737;0.4221526
GB PM 032;Bradfields Farm Dairy;Burnt Mills Road;Wickford;SS12 9JX;51.5841375;0.5218146
GB PM 034;Biltong Direct;Unit 5;Basildon;SS13 1QD;51.5812316;0.4398156
GB PM 035;Nursery Kitchen Ltd;76 Wollaston Way;Basildon;SS13 1DJ;51.5860261;0.5191284
GB PM 036;Essex Meats;17-21 Bowlers Croft;Basildon;SS14 3DX;51.5868253;0.4903435
GB PM 037;World of Spice;Unit 22 Bebington Close;Billericay;CM120DT;51.6317409;0.4149601
GB PM 038;Brian’s Sausages;Amanda;Laindon;SS15 5SH;56.6456099;-2.8815568
GB PM 039;Darcies Sandwich Fillings;15 Bowlers Croft;Basildon;SS14 3DX;51.5868253;0.4903435
GB PM 040;Robins Pie and Mash Ltd;21A Town Square;Basildon;SS14 1BA;51.5703960;0.4579992
GB PM 041;S & D Foods;Unit 38;Basildon;SS15 6SS;51.5796027;0.4275191
GB PM 042;Pod by Anurag Food Story;Unit 15;Basildon;SS14 3WN;51.5812316;0.4398156
GB PN 001;Butlers Farm House Cheeses;Wilson Fields Farms;Preston;PR3 2LH;53.8633800;-2.6839700
GB PN 002;Clifton Dairies Ltd;Ambrose Hall Farm;Woodplumpton;PR4 0LJ;53.8088305;-2.7589957
GB PN 005;Carron Lodge Ltd;;Preston;;53.7593363;-2.6992717
GB PN 006;G & D Gornall;;Preston;;53.7593363;-2.6992717
GB PN 008;A.D & P.E Shorrock;Newhouse Farm;Preston;PR3 2FD;51.5985226;-2.6248242
GB PN 009;Greenfield Dairy Products Ltd;Syke House Lane;Preston;PR3 2EN;53.8564890;-2.6655390
GB PN 012;Mrs Kirkham Lancashire Cheese Ltd;Mill Lane;Preston;PR3 2FL;53.8451002;-2.6729931
GB PN 015;European Freeze Dry Ltd;Romay Way;Preston;PR2 5BD;53.7877100;-2.6373700
GB PN 016;D & E Wilson & Sons;60 Bold Street;Preston;PR1 7NX;53.7684021;-2.7155219
GB PN 027;Hen House Wholesale Ltd;Elliott Street;Preston;PR1 7XN;53.7681671;-2.7083318
GB PN 033;Kosher Direct Ltd;Ambrose Hall Farm;Preston;PR4 0HQ;53.8150600;-2.7986900
GB PN 036;FareShare Lancashire and Cumbria;Unit A20;Preston;PR2 5NE;53.7873462;-2.6414774
GB PN 037;Good Company;1 Pittman Way;Preston;PR2 9ZD;53.7932646;-2.6840821
GB PN 039;Bako North Western;74 Roman Way;Preston;PR2 5BB;53.7880755;-2.6350544
GB PO 001;Frank Greenslade Ltd;16 New Quay Road;Poole;BH15 4AF;50.7111171;-1.9939022
GB PO 007;Pork Farms Caspian Ltd;10-20 Sterte Road;Poole;BH15 2AS;50.7260410;-1.9860772
GB PO 023;Wrights Foodservice Ltd;Unit 8 Concept Park;Poole;BH12 4QT;50.7438100;-1.9525000
GB PO 024;Dorset Oysters Ltd;5 & 12  Benson Road;Poole;BH17 0GB;50.7396914;-1.9777003
GB PO 027;Seafresh Seafoods Ltd;Unit 14 Allens Lane;Poole;BH16 5DA;50.7295092;-2.0184498
GB PO 028;Friars Pride Limited Poole;213 Haymoor Road;Poole;BH15 3NT;50.7362021;-1.9553624
GB PO 032;Praeservare;12 Eastlake Avenue;Poole;BH12 3DG;50.7331397;-1.9445056
GB PO 035;Dorset Fish & Shellfish Ltd;4 Benson Road;Poole;BH17 0GB;50.7396914;-1.9777003
GB PO 036;Dorset Shellfish Company (Poole) Ltd;4 & 8 Allens Lane;Poole;BH16 5DA;50.7295092;-2.0184498
GB PO 044;Dorset Crab;Unit 14;Poole;BH16 5DA;50.7374752;-2.0201514
GB PR 001;LFI (UK) Ltd;256 Ikon Trading Estate;Hartlebury;DY10 4EU;52.3493074;-2.2127509
GB PR 002;Holdsworth;Holdsworth Distribution Centre;Evesham;WR11 2QL;52.0637600;-1.9735100
GB PR 003;Harvey and Brockless;Millennium Way;Evesham;WR11 1GL;52.0734702;-1.9358790
GB PR 004;3B Meats;Birmingham Road;Badsey;WR11 7TE;52.0945674;-1.8949135
GB PR 007;Artisan Cheesemakers Ltd;Pond Farm;Worcester;WR5 2RQ;52.1754502;-2.1798590
GB PR 009;Cotswolds Provisions Ltd;6 Briar Close;Evesham;WR11 4JT;52.0948811;-1.9486159
GB PR 011;Knight Provisions Ltd;Honeybourne Airfield Trading Estate;Evesham;WR11 7QF;52.0780200;-1.8310100
GB PR 012;Dawn Foods Ltd;Worcester Road;Evesham;WR11 4QU;52.1003830;-1.9496189
GB PR 013;Dawn Foods Frozen Ltd;Worcester Road;Evesham;WR11 4QU;52.1003830;-1.9496189
GB PR 014;Muller Milk and Ingredients;Stone Cross Business Park Pointon Way;Droitwich;WR9 0NX;52.2856876;-2.1700422
GB PR 015;Bidfood Worcester;Unit 8A;Worcester;WR40AN;52.2400168;-2.1727209
GB PR 022;AIM Logistics Ltd;Unit 5D;Evesham;WR11 1GP;52.0771141;-1.9350488
GB PT 006;Meadow Foods Limited - Peterbrough;1 Whitehead Drove;Peterborough;PE1 5BF;52.5708471;-0.2114428
GB PT 008;Stef Langdons Ltd;Shrewsbury Avenue;Peterborough;PE2 7LB;52.5517397;-0.2622461
GB PT 009;JS Davidson Ltd;Shrewsbury Avenue;Peterborough;PE2 7LB;52.5517397;-0.2622461
GB PT 011;Plant Eggs of Stamford;Waterside;Stamford;PE9 3BB;52.6346308;1.3085115
GB PT 012;Trans Food;22 Wainman Road;Peterborough;PE2 7BU;52.5535382;-0.2660410
GB PT 015;Barsby Cooked Meats Ltd;Northey Road;Peterborough;PE6 7YX;52.5734849;-0.1842789
GB PT 016;Lineage UK Warehousing Ltd;Unit 4 Waterworth Road;Peterborough;PE7 3AG;52.5329612;-0.3083972
GB PT 018;B & P Fine Foods;Unit 19;Peterborough;PE2 6TD;52.5723103;-0.3249738
GB PT 020;Khan Frozen Food;15 Leofric Square;Peterborough;PE1 5TU;52.5783937;-0.2115340
GB PT 021;Kitchen Range Foods;Bakewell Road;Peterborough;PE2 6XU;52.5397078;-0.3169051
GB PT 024;Eagle Foods Ltd;Anteon House;Peterborough;PE1 5FL;52.5785757;-0.2075221
GB PT 025;Fenchick;;Peterborough;;52.5725769;-0.2427336
GB PT 026;Greencore;Unit 1;Peterborough;PE3 8YD;52.5406442;-0.2635525
GB PU 002;Purbeck Ice Cream;Lower Scoles Farm;Wareham;BH20 5LG;50.6202400;-2.0580900
GB QQ 007;F/V Espemar Dos;L & J Management Office 3;Penryn;TR10 8GZ;50.1667300;-5.0985100
GB QQ 009;Feitizo;L & J Management Office 3;Penryn;TR10 8GZ;50.1667300;-5.0985100
GB QQ 010;FV Armaven Uno;18 Glebelands;Buckfastleigh;TQ11 0BJ;50.4854412;-3.7866523
GB QQ 013;Seacombe Limited;Mar Blanco;Aberdeen;AB10 1UR;57.1450248;-2.1191061
GB QQ 017;Ondar Fishing Co Limited;Vessel Name - Eder Sands;Dorking;RH5 6HJ;51.1710400;-0.3567800
GB QQ 023;F/V Tahame;L & J Management;Penryn;TR10 8GZ;50.1667300;-5.0985100
GB QQ 026;Basonas Limited;15 Duncan Terrace;London;N1 8BZ;51.5324633;-0.1042461
GB QQ 029;Basonas Ltd;Vessel Name - Brisan;Dorking;RH5 6HJ;51.1710400;-0.3567800
GB QQ 043;Euroscott Limited;Vessel Name - Udra;Frasherburgh;AB43 9EQ;57.6931500;-2.0069499
GB QQ 048;F/V Patricia Marta;L & J Management Office 3;Penryn;TR10 8GZ;50.1667300;-5.0985100
GB QQ 052;M.F.V Manuel Laura;18 Glebelands;Buckfastleigh;TQ110BJ;50.4854412;-3.7866523
GB QQ 053;M.F.V Spica;18 Glebelands;Buckfastleigh;TQ110BJ;50.4854412;-3.7866523
GB QQ 054;Susa Uno;18 Glebelands;Buckfastleigh;TQ110BJ;50.4854412;-3.7866523
GB QQ 056;Neptune Fisheries Ltd;M.F.V. Gonpez I;Buckfastleigh;TQ11 0BJ;50.4855345;-3.7857948
GB QQ 058;Osprey (Jacoba Maria) Ltd;M F V Jacoba Maria;Aberdeen;AB10 6SA;57.1413660;-2.1170824
GB QQ 060;Genesis II;14 Carden Place;Aberdeen;AB10 1UR;57.1449875;-2.1193702
GB QQ 061;Louwe Senior -  PW447;31-33 Union Grove;Aberdeen;AB10 6SD;57.1414947;-2.1139157
GB QQ 062;Neeltje - PD141;31-33 Union Grove;Aberdeen;AB10 6SD;57.1414947;-2.1139157
GB QQ 063;Good Hope - LH - 357;Brodies House;Aberdeen;AB10 6SD;57.1414947;-2.1139157
GB QQ 064;Henk Senior - LH - 356;Brodies House;Aberdeen;AB10 6SD;57.1414947;-2.1139157
GB QQ 065;Jannetje Cornelis - H144;Brodies House;Aberdeen;AB10 6SD;57.1414947;-2.1139157
GB QQ 066;Ansgar  - E - 104;Brodies House;Aberdeen;AB10 6SD;57.1414947;-2.1139157
GB QQ 067;M.F.V Faithful Star;FR83;Fraserburgh;AB43 7EJ;57.6745100;-2.0825400
GB QQ 068;FV Annalijdia;Buchan (WN1) Limited;Aberdeen;AB10 6SD;57.1413865;-2.1148244
GB QQ 069;MFV North Sea (H255);Osprey (PW447) Limited;Aberdeen;AB10 6SD;57.1413865;-2.1148244
GB RA 009;J R Pearson (Glasgow) Ltd;Lomond Cold Store;Linwood;PA3 3AF;55.8635100;-4.4641400
GB RA 011;Gate Gourmet London Ltd - Glasgow;Glasgow Unit;Glasgow Airport;PA3 2SG;55.8385297;-4.2539667
GB RA 014;Dnata Catering UK Limited;Unit E2, Air Cargo Centre;Glasgow Airport;PA3 2AY;55.8666481;-4.4238483
GB RA 015;Gormac Foods;Sandyford Abattoir;Paisley;PA3 4HP;55.8622991;-4.4131798
GB RA 023;Rice n Spicy;15 Edison Street;Hillington;G52 4JW;55.8619963;-4.3772081
GB RA 028;Gleddoch Family Butchers;60 Glasgow Road;;PA1 3PW;55.9429453;-4.5584679
GB RA 029;CFPU, Royal Alexandra Hospital;Corsebar Road;;PA2 9PN;55.8312611;-4.4442912
GB RA 032;Bidfood Glasgow;30 Bramwell Street;Renfrewshire;PA3 2EU;53.4546540;-2.7033156
GB RA 033;M J Stark Ltd;Sandyford Road;;PA3 4HP;55.8620995;-4.4132759
GB RA 034;Muirhead Foods Ltd;Lomond Cold Store;Linwood;PA3 3AF;55.8635100;-4.4641400
GB RA 035;UHU Scotland Limited;1B Lyon Road;Paisley;PA3 3BQ;55.8426944;-4.4941663
GB RA 036;Hebridean Shellfish Ltd;Unit 10 Mossedge Industrial Estate;Linwood;PA3 3HR;55.8510100;-4.4898600
GB RB 006 FE;Aquascot Ltd;Fyrish Way;Ross-shire;IV17 0PS;57.6906003;-4.2697907
GB RB 008 FE;Bannerman Seafoods;The Burgage;Ross-shire;IV19 1BW;51.9148278;-2.0488942
GB RD 005;Montine Food Company Ltd;Purdeys Industrial Estate;Rochford;SS4 1ND;51.5768990;0.7176141
GB RD 010;Thorpe Bay Fisheries Limited;Cold Store Compound;Rochford;SS4 1JU;51.5774478;0.7242631
GB RE 002;Interlink Direct Ltd;402-404;Woodford Green;IG8 8EY;51.5903789;0.0445344
GB RE 003;Mandarin Palace;559-561 Cranbrook Road;Ilford;IG2 6JZ;51.5771292;0.0680391
GB RE 005;Neptune Import & Export Ltd;Unit I;Hainault;IG6 3UF;51.0710465;-0.3131848
GB RE 007;No.1 Foods Ltd;Unit 3;Hainault;IG3 3TU;51.5936574;0.1163447
GB RE 008;Smoke Theory Ltd;637 High Road;Ilford;IG3 8RA;51.5644063;0.0988474
GB RE 009;Classic Halal Foods;629b High Road;Ilford;IG3 8RA;51.5644063;0.0988474
GB RE 010;Romanian Food Shop;Unit 1 Thompson Enterprise Centre;Ilford;IG1 1TY;51.5616000;0.0820599
GB RF 001;Cropwell Bishop Creamery Ltd;14 Nottingham Road;Nottingham;NG12 3BQ;52.9125599;-0.9872511
GB RF 002;Colston Bassett & District Dairy Ltd;Harby Lane;Nottingham;NG12 3FN;52.8831029;-0.9406111
GB RF 004;Shirevale;Unit 7 Canalside Industrial Park;Nottingham;NG12 3BE;52.9077629;-0.9896344
GB RF 009;Cropwell Bishop Creamery Ltd;107 Nottingham Road;Nottingham;NG12 3BA;52.9740810;-1.1615585
GB RF 014;Sherwood Farms Ltd;Hickling Road;Melton Mowbray;LE14 3AR;51.5497523;0.0735495
GB RF 015;Bumpkin Dairy Co Limited;Grange Farm;Normanton on Soar;LE12 5EE;54.5294871;-1.2205650
GB RF 016;Hungary Lane Farm;Hungary Lane Farm;Sutton Bonington;LE12 5NB;52.8213754;-1.2398180
GB RG 017;Sadar Food Products;441 Oxford Road;Reading;RG30 1HD;51.4570013;-0.9974970
GB RG 021;JNP Foods Limited;61-73 Loverock Road;Reading;RG301DZ;51.4616149;-0.9956805
GB RG 024;Avilah Foods;535 Oxford Road;Reading;RG30 1HJ;51.4577816;-1.0011428
GB RG 025;7 Bone Reading CPU;Unit 57;Reading;RG1 8LG;51.4593862;-0.9730645
GB RG 026;Love Sum;15 Boulton Road;Reading;RG2 0NH;51.4371185;-0.9732473
GB RG 027;Southern Seafoods;57 Loverock Road;Reading;RG30 1DZ;51.4616149;-0.9956805
GB RH 010;Stef Langdons;Studley Road;Redditch;B98 7JW;52.2903062;-1.9158137
GB RH 012;Blue Earth Foods Ltd;9B Oxleasow Road;Redditch;B98 0RE;52.3095490;-1.8920707
GB RH 017;Constellation Cold Logistics UK Limited;Moons Moat Drive;Redditch;B98 9HA;52.3103195;-1.9054170
GB RH 018;Calderhead Refrigerated Transport Ltd;Little Forge Road;Redditch;B98 7SF;52.2880159;-1.9079778
GB RH 020;Lake Manufacturing Services;7 Colemeadow Road;Redditch;B98 9PB;52.3145909;-1.8909039
GB RH 021;Mudwalls Ltd;Ocean House;Redditch;B98 0RE;51.5461034;-0.0748626
GB RJ 015;Priest Garth Farm Milk Processing/Gillamoorganics;Priest Garth Farm;York;YO62 7HX;54.3008061;-0.9534587
GB RJ 020;Pro-Pak Foods Limited;Seven Street;Malton;YO17 6YA;54.1268390;-0.8183919
GB RJ 027;The Original Baker Limited;Unit 1;Norton-on-Derwent;YO17 9HQ;51.7767415;-1.4870678
GB RJ 028;Cranswick Country Foods Plc (Yorkshire Baker);Norton Grove Industrial Estate;Malton;YO17 9NE;54.1315689;-0.7726606
GB RJ 036;J R Johnson & Son;Flat Top Farm;York;YO60 6PB;54.1309300;-0.9977900
GB RM 001;Greencore Prepared Meals Ltd;Kiveton Mansfield Road;Sheffield;S26 5PF;53.3447900;-1.3007700
GB RM 032;Morthern Milk;Lawns Farm;Morthen;S66 9JH;51.8030097;0.5202230
GB RN 009;Holland Pies;Blackburn Road;Accrington;BB5 2SA;53.7526868;-2.3628418
GB RN 013;The Real Lancashire Black Puddings;The Pudding Mill;Haslingden;BB4 5EN;53.7013252;-2.3320085
GB RN 015;Mannings;Thornfield Avenue;Rossendale;BB4 9AP;53.6941876;-2.2505354
GB RN 017;Cissy Green Ltd (Wholesale);Unit 2 Old Towns Yard;Rossendale;BB4 5JH;53.7157500;-2.3266300
GB RO 027;Richard Whittaker Ltd;Mayfield Centre;Rochdale;OL16 2UZ;52.5785519;-1.9862600
GB RO 029;Lineage UK Warehousing Ltd;Hareshill Road;Heywood;OL10 2TP;53.5770454;-2.2216033
GB RO 030;Pakeeza Dairies;Moss Bridge Road;Rochdale;OL16 5LX;53.6085826;-2.1380735
GB RO 031;B & G Food Products Ltd;Unit 123 Phoenix Park Industrial Estate;Heywood;OL10 2JG;53.5866400;-2.2033600
GB RO 038;Ian Barker & Co Ltd;Unit 20-21;Heywood;OL10 1PW;53.5770911;-2.2071786
GB RO 043;Martin Brower (UK) Ltd;Hareshill Road;Heywood;OL10 2TN;53.5770454;-2.2216033
GB RO 045;Yearsley Food Limited;Hareshill Road;Heywood;OL10 2TP;53.5770454;-2.2216033
GB RO 046;Danish Crown UK Ltd;Unit 1;Rochdale;OL16 4SY;53.5902651;-2.1241124
GB RO 048;V.A.Whitley & Co Ltd;Milward House;Heywood;OL10 1NW;51.4174493;-2.4999327
GB RO 049;Booker Middleton;Site C Stakehill Industrial Estate;Manchester;M24 2FL;53.5681500;-2.1713200
GB RO 204;Jacksons Farm Fayre;Harbour Lane;Rochdale;OL16 4EL;53.6060142;-2.1103582
GB RP 001;William Dyer Ltd;Units 2 And 3;Aldershot;GU12 4DN;52.6509697;1.2620767
GB RP 003;Slice of Pie;21 Pegasus Court;Aldershot;GU12 4QP;51.2450512;-0.7401286
GB RP 004;The Old Malthouse Bakery;5 Chapel Lane;Camberley;GU17 9ET;51.3160292;-0.7654006
GB RP 006;Euro Frozen Foods Ltd;Unit 1;Aldershot;GU12 4DJ;51.2398569;-0.7411637
GB RP 008;Everest Wholesale;Units 7 to 9;Aldershot;GU124DJ;51.2397058;-0.7418289
GB RP 009;Sweet Brazilian Bite;13 Dukes Court;Farnborough;GU14 7SU;50.8319970;-0.7566784
GB RQ 003;St Marcus Fine Foods;21C Holmethorpe Avenue;Redhill;RH1 2NB;51.2493798;-0.1567624
GB RQ 004;Simons Free Range Eggs;Moat Farm;Horley;RH6 0HL;51.1150400;0.2565256
GB RQ 005;The Compleat Food Group;Granville House;Redhill;RH1 3AS;51.2404998;-0.1744919
GB RQ 006;Frith Park Farm Limited;Frith Park;Walton On The Hill;KT20 7AG;51.2706786;-0.2563664
GB RQ 007;Nutraceuticals Group Europe Ltd;Unit 3;Rehill;RH1 2NB;53.7227800;-1.3339938
GB RR 003;J Botterill;Seafarers;Rye;TN31 7TT;51.3601946;1.0264735
GB RR 005;The Weald Smokery;The Mount Farm;Wadhurst;TN5 7QL;51.0541325;0.4498348
GB RR 009;Northiam Dairy;Gate Court Farm;Northiam;TN31 6QT;51.0087952;0.6146586
GB RR 020;Hoads Egg Packers;Hoads Farm;Broad Oak;TN31 6EP;50.9522783;0.5997884
GB RR 023;FK Carter;Little Woodlands Farm;Battle;TN33 9BG;50.8919148;0.4590648
GB RR 026;Chapmans of Rye;Unit 1;Rye;TN31 7HJ;51.4664136;-0.0657550
GB RR 028;Southdown Food Supplies Limited;The Old Orchard Nursery;Burwash Common;TN197NB;50.9867000;0.3300900
GB RR 030;Nortrade Foods Ltd;Haremere Hill;Etchingham;TN19 7AP;51.0104931;0.4441255
GB RS 002;Dairy Crest Ltd (t/a Wensleydale Creamery);Gayle Lane;Hawes;DL8 3RN;54.3023822;-2.2012821
GB RS 005;Brymor Ltd;High Jervaulx;Ripon;HG44PG;54.2585448;-1.7275400
GB RS 017;FF & R Allinson;Milton Lodge;Leyburn;DL8 5NB;51.6339600;-0.1004406
GB RS 022;The Gluten Free Kitchen Ltd;Unit 4D;Leyburn;DL8 5QA;54.2934869;-1.8184106
GB RS 023;Wensleydale Ice Cream;The Old Calf House Manor Farm;Leyburn;DL8 3AN;54.2958200;-2.0428799
GB RS 024;Holly Acre Farm;Gilling West;Richmond;DL10 5ET;54.4433300;-1.7051900
GB RS 026;Curlew Dairy Ltd;East House Farm;Leyburn;DL8 4DB;54.3057600;-1.9848100
GB RS 027;Carkin Moor Farm Eggs Limited;Carkin Moor Farm;Richmond;DL117PA;54.4710400;-1.7461400
GB RS 028;Swaledale Cheese Co Ltd;Washfold Farm;Leyburn;DL8 5JZ;54.3242600;-1.8497800
GB RS 029;Girl Gone Wild Ltd;Unit 1;Richmond;DL10 4FD;51.4646925;-0.2660758
GB RT 001;L & J King Ltd Kings Purveyors of Finest Caviar;Unit 6;Hanworth;TW4 5PY;51.4477984;-0.3821559
GB RV 004;Proctors Cheeses Ltd;Saunders Raike;Preston;PR3 2QB;53.8757900;-2.5772700
GB RV 005;Little Town Dairy;Chipping Lane;Preston;PR3 2TB;53.8372530;-2.6087884
GB RV 006;Alston Dairy Ltd;Preston Road;Preston;PR3 3BD;53.8061527;-2.6192294
GB RV 012;Dowsons Dairy Ltd;Hawkshaw Farm;Clayton le Dale;BB2 7LP;53.7850332;-2.5506378
GB RV 041;Mark Clegg & Co;Blackburn Road;Preston;PR3 2YY;53.8303121;-2.5839462
GB RV 045;Butlers Farm House Cheeses Ltd;Shay Lane Industrial Estate;Preston;PR3 3BT;53.8211050;-2.6149703
GB RV 054;Deli Solutions Ltd;Salthill Industrial Estate;Clitheroe;BB7 1QL;54.7023545;-3.2765753
GB RV 057;Hills Fine Foods;Shay Lane Industrial Estate;Preston;PR3 3BT;53.8211050;-2.6149703
GB RV 060;Uncle Bobs Ice Cream;Startifants Farm;Preston;PR3 2QB;53.8757900;-2.5772700
GB RV 069;Pearson Farming;Alker Bottoms Farm;Wilpshire;BB19PP;53.7849500;-2.4792300
GB RV 070;Stables Pies Ltd;Unit 4 Meadow Court;Barrow;BB7 9AE;53.8337600;-2.4015500
GB RV 071;Carron Lodge Ltd;Mill Farm;Longridge;PR3 3AN;53.8278300;-2.6076800
GB RV 075;Breda Murphy Food Services Ltd;Unit 51;Whalley;BB7 9YE;53.8271898;-2.4136799
GB RV 077;Nu Protein Foods Limited;Unit 14 Baublock;Burnley;BB127FS;53.7972800;-2.3380899
GB RV 079;The Doner Factory Ltd;Ramsgreave Business Park;Blackburn;BB1 8RP;53.7734000;-2.4855000
GB RV 080;Robinsons Eggs;Woodhill Farm;Slaidburn;BB7 3AF;51.1958023;1.0095096
GB RW 014;Empowered Education Midlands Ltd;42 Pit Lane;Ketton;PE9 3SZ;52.6387407;-0.5560905
GB RW 015;Liquidsun Ltd;Unit 25 - 26;Stamford;PE9 4LT;52.5205692;-2.0218149
GB RW 03;A W Watchorn;Loodal Farm;Oakham;LE15 7EW;52.7194999;-0.7645800
GB RW 04;P. Hinch;Greetham House Farm;Oakham;LE15 7NF;52.7211700;-0.6337600
GB RW 07;Hambleton Farms Ltd;29 Pillings Road;Oakham;LE15 6QF;52.6786122;-0.7348112
GB RX 003;Golden Choice;Lanley Road;Pontyclun;CF72 8XX;51.5319400;-3.3965300
GB RX 014;The Authentic Curry Company Limited;Units 46 - 47;Aberdare;CF44 9UP;51.1520058;-3.1483185
GB RX 019;Something’s Cooking;18a East Road;Ferndale;CF43 3HF;51.6528913;-3.4330553
GB RX 024;Cwmtaf NHS Trust University Health Board - Central Production Unit;Unit 20-22;Pontypridd;CF42 6EQ;51.6115671;-3.4085900
GB RX 036;The Welsh Pantry;Unit 10;Llantrisant;CF72 8LF;51.5565709;-3.3602401
GB RX 039;Celtic Coast Fish Company;Unit C3;Pontyclun;CF72 9HG;50.9546730;-0.1520312
GB RX 042;Ellis Eggs Ltd;Unit 45;Aberdare;CF44 9UP;51.7481120;-3.6086340
GB RX 043;Mother Hen Eggs;12;Pontyclun Cardiff;CF728RA;51.5338131;-3.3928984
GB RX 044;Sub Zero Ice Cream Ltd;Unit 16;Tonypandy;CF40 1RA;51.4752276;-3.1595893
GB RY 001;Sercombes Newbold Ltd;3 Tiber Way;Rugby;CV21 1ED;52.3900378;-1.2689131
GB RY 005;Calita Nutraceuticals Limited;Unit 1B;Rugby;CV21 3XH;52.3800477;-1.2335957
GB RY 007;J.W.G. Dalby & Son;Cestersover Farm;Rugby;CV23 0QP;52.4348900;-1.2589200
GB RY 009;Malt Kiln Farm Shop;Stretton-Under-Fosse;Warwickshire;CV23 0PE;52.4287414;-1.3315732
GB SA 001;Pelagia Shetland Limited;Gremista;Shetland;ZE1 0PX;60.1031440;-1.2272251
GB SA 002;Shetland Farm Dairies Ltd;10 Gremista Industrial Estate;Shetland;ZE1 0PX;60.1700807;-1.1632147
GB SA 003;Cooke Aquaculture Scotland Ltd;Yell Packing Station (New);Yell;ZE2 9BN;60.6007169;-1.0686313
GB SA 034;C & A Thomason Limited;Cullivoe Harbour Industrial Estate;Yell;ZE2 9DD;60.7120581;-1.0214744
GB SA 036;Scottish Shellfish Marketing Group Ltd;Sparl;Shetland;ZE2 9QJ;60.3895808;-1.3487282
GB SA 044;Unst Shellfish Limited;South the Voe;Unst;ZE2 9DT;60.7520343;-0.8514553
GB SA 063;QA Fish Limited;Unit 1;Scalloway;ZE1 0TQ;60.1520071;-1.2366103
GB SA 069;E & M Rivera Ltd, T/A Imex International;Gremista Pier;Shetland;ZE1 0PX;60.1700807;-1.1632147
GB SA 077;Island Fish (Shetland) Limited;Unit 1;Gremista;ZE1 0TA;60.1685834;-1.1663707
GB SA 078;Euro-shell SAS / Vivier Lorry-Trailer;c/o Turniebrae;Shetland;ZE2 9JW;59.9225473;-1.2971271
GB SA 079;Seaspray (Shetland) Limited;The Extension, Old Fish Market;Lerwick;ZE1 0LL;60.1551781;-1.1451678
GB SA 080;MV Aqua Harvester;Aqua Ship UK Ltd;Lerwick;ZE1 0NY;60.1583527;-1.1537161
GB SA 081;Shetland Oyster Company;Heglabister;Shetland;ZE2 9LN;60.2319625;-1.3132904
GB SA 082;Scottish Sea Farms Limited;Gremista;Shetland;ZE1 0PX;60.1031440;-1.2272251
GB SA 101;Scalloway Fish Market;Blacksness Pier;Shetland;ZE1 0TQ;60.1354865;-1.2736897
GB SA 102;Lerwick Fish Market;Mairs Yard;Shetland;ZE1 0PW;60.1632420;-1.1604582
GB SB 002;West Coast Sea Products Ltd;Dee Walk;Dumfries and Galloway;DG6 4DQ;54.8410802;-4.0468965
GB SC 011 M;Grahams Family Dairy;Airthrey Kerse Dairy;Bridge of Allan;FK9 4RW;56.1494213;-3.9329983
GB SC 019;Katy Rodger Creamery;Knockraich Farm;;G63 0LN;56.0600525;-4.2320039
GB SC 024;Vics Catering Supplies Limited;Prentis Quay;Sittingbourne;ME10 2QD;51.3464232;0.7336710
GB SD 001;Jess Fine Foods;Charcuterie Continental Limited;Twechar;G65 9QA;55.9560700;-4.0834900
GB SD 011;Gordons Chickens Limited;Barraston Holdings;;G64 4DW;55.9492046;-4.2244781
GB SE 001;Loch Laxford Shellfish;Weavers Bay;By Lairg;IV27 4PA;58.3616200;-4.9861500
GB SE 001 M;Culloden Foods Ltd T/A Capaldis;Unit 6;Stafford Terrace;KW9 6LA;58.0142936;-3.8556766
GB SE 010;Kinlochbervie Fishmarket;Kinlochbervie Harbour;By Lairg;IV27 4RR;58.4583413;-5.0534411
GB SE 016;Sutherland Game and Shellfish;Achnairn;By Lairg;IV27 4DN;58.0773300;-4.4445800
GB SF 030;Highland Fine Cheeses Ltd;Blairlaith;Ross-shire;IV19 1EH;57.8137755;-4.0551407
GB SF 032;Keltic Seafare (Scotland) Ltd;Unit 6 Strathpeffer Road Industrial Estate;Ross-shire;IV15 9SP;57.5980831;-4.4393282
GB SF 035 FE;Wester Ross Fisheries Ltd;Taigh Na Bradan;Dingwall;IV15 9XD;57.6017123;-4.4514758
GB SF 037;Letterfinlay Foods Ltd;Units 1, 2 and 3 Annat Point Industrial Estate;Fort William;PH33 7NA;56.8446236;-5.1526958
GB SF 041 FE;JPL Shellfish (Scotland) Ltd;Seafood Park;Caithness;KW14 7UJ;58.6118501;-3.5501619
GB SF 048 FED;Bruce Shellfish;9 Balconie Street;Ross-shire;IV16 9UN;57.6634514;-4.3364911
GB SF 052;Highland Salmon Products Ltd;4 Averon Way;Alness;IV17 0PF;57.6905239;-4.2585780
GB SF 054;Shieldaig Export Ltd;The Packing Shed;Strathcarron;IV54 8XN;50.8222359;-0.4560596
GB SF 058 FE;Scot West Limited;Unit 26E Kyle Industrial Estate;Ross-shire;IV40 8AH;57.2806118;-5.7126747
GB SF 064 FE;M.F.V. APOLLO - INS 179;C/O Knlochbervie Fishselling Co. Ltd;Kinlochbervie;IV27 4RR;58.4583413;-5.0534411
GB SF 066 DPC;Loch Eishort Mussel Culture;9 Drumfearn;Isle Of Skye;IV43 8QZ;57.1730648;-5.8501179
GB SF 068;Fassfern Mussels (Dispatch Centre);Marine Harvest Site;Garvan;PH33 7AW;56.8457100;-5.2885900
GB SF 073;Arisaig Mussels;The Gatehouse;Morar;PH40 4PD;52.5104616;1.7030089
GB SF 077 DPS;Connage Highland Dairy;Milton of Connage;Inverness;IV2 7QU;57.5582806;-4.0360388
GB SF 082;D M & A MacLeod;218 Altandhu;Ullapool;IV26 2YR;58.0561700;-5.4149300
GB SF 083 FE;Caithness Smokehouse;Inkstack;Caithness;KW14 8SY;58.6194900;-3.2812800
GB SF 084;Nevis Bakery Ltd;Unit 5 Annat Industrial Estate;Fort William;PH33 7NA;56.8446236;-5.1526958
GB SF 096;Mikietyn Ltd;Unit 8A;Ullapool;IV26 2UN;57.9042618;-5.1547635
GB SF 106;George Cockburn and Son Ltd;19 Mill Street;Ross-shire;IV15 9PZ;57.5975397;-4.4378259
GB SF 109;Just Hooked Ltd;Unit 1;Portree;IV51 9BE;57.4154159;-6.2001312
GB SF 110;Great Glen Charcuterie;The Old Butchers Shop;Inverness-shire;PH31 4AE;52.7568560;1.3121500
GB SF 112;Jumping Goat Dairy;Hillview;Bettyhill;KW14 7SR;51.0191567;-0.4544243
GB SF 113;Ullapool Smokehouse Ltd;Units 6A3 and 6A4;Ullapool;IV26 2SR;57.9062300;-5.1611000
GB SF 114;Sunart Sea Farm Ltd;Salen;Argyll;PH36 4JN;55.5050318;-5.3362063
GB SF 117;Ritchies of Aultbea;55 Mellon Charles;Ross-shire;IV22 2JW;57.8334983;-5.6089839
GB SF 119;Black Isle Dairy;Rootfield Farm;;IV6 7RF;57.5415900;-4.4154600
GB SF 120;Aquascot Ltd;Riverside;Alness;IV17 0PJ;57.6917762;-4.2580269
GB SF 123;J & D Cowper Ltd;Airfield Road;Evanton;IV16 9XJ;57.6700945;-4.3061477
GB SF 124;Duncan Mackerlich Ltd;Shingle Bay;By Kyle;IV40 8DY;57.2807359;-5.5310350
GB SF 127;Scot Live Ltd;Unit 4 A/B River Close North;Alness;IV17 0PB;57.6946284;-4.2585588
GB SF 128;Ockran Oysters;Ockran;by Ullapool;IV23 2RH;57.8658656;-5.0920926
GB SF 130;SCEA Huitre JMC;Unit at Old Pier;Tongue;IV27 4YR;58.5160900;-4.4337200
GB SF 135;Highland Charcuterie and Smokehouse Ltd;142 Oldshoremore;By Lairg;IV27 4RS;58.4733521;-5.0629284
GB SF 137;Q A Shellfish Ltd;Harbour Business Park;Ullapool;IV26 2SR;57.9062300;-5.1611000
GB SF 139;Isle of Skye Smokehouse Limited;Scalpay View;Broadford;IV49 9AJ;57.2833929;-6.0148079
GB SF 141;Bells Seafood Ltd;Unit 3;Scrabster Harbour;KW14 7UJ;51.4552063;-0.9732178
GB SF 145;Maorach Beag;Ruabhal;Ross-shire;IV14 9EV;54.7023545;-3.2765753
GB SF 147;GC Shellfish Ltd;Unit 5B3;Fort William;PH33 7PT;56.8383400;-5.0854700
GB SF 148;GC Shellfish Ltd;Vivier vehicle registration SB68 MVY;Fort William;PH33 7PT;56.8383400;-5.0854700
GB SF 149;Cape Warth Oysters;Keoldale Farm;Durness;IV27 4QE;58.5492451;-4.6631087
GB SF 150;Loch Duart Salmon Ltd;1 Strathview;Dingwall;IV15 9XD;57.5817439;-4.4029518
GB SF 151;Ullapool Harbour Trustees;Harbour Office;Ullapool;IV26 2UH;50.6075022;-2.4521981
GB SF 152;Lochinver Harbour;Lochinver Fishmarket;Lochinver;IV27 4LE;58.1470981;-5.2428985
GB SF 153;Mowi Scotland Limited;Mallaig Harvest Station;Mallaig;PH41 4PX;57.0054531;-5.8311857
GB SF 154;Sea Stocks;54 Seafield Road;Highland;IV1 1SG;57.4885351;-4.2132013
GB SF 156;Wee Shell Fish Ltd;Unit 1 Kendal Crescent;;IV17 0UG;57.6951011;-4.2432493
GB SF 157;Campbells Dairies;Thrumster Mains;Wick;KW1 5TX;58.3860108;-3.1410408
GB SF 160;Muscot Shellfish Ltd;5b3, Blar Mhor Industrial Estate;Fort William;PH33 7PT;56.8383400;-5.0854700
GB SF 161;The Isle of Skye Black Pudding Company;The Warren;Dunvegan;IV55 8ZH;51.3475436;-0.1772335
GB SF 164;Mv Aqua Vikness;Garthspool;;ZE1 0NY;60.1583527;-1.1537161
GB SF 166;Isle of Skye Mussel Company Ltd;Floating Farm Croft;Tarskavaig;IV46 8SD;57.1040800;-5.9691599
GB SF 167;Sunart Sea Farm Ltd;Ardtoe Marine Laboratory;Acharacle;PH36 4JN;56.7137698;-5.7799797
GB SF 168;Fort William Seafoods;Unit 2, Blar Mhor Industrial Estate;Fort William;PH33 7PT;56.8383400;-5.0854700
GB SF 169;Plockton Oyster Company;The Anchorage;Plockton;IV52 8TN;53.3912637;-2.9829746
GB SF 170;Great Glen Charcuterie Ltd - The Barn;Allta-Bhruais;Highland;PH34 4EU;56.8945487;-4.9124778
GB SF 171;MV FSV Scotia;Aquaship UK Ltd;Lerwick;ZE1 0NY;60.1583527;-1.1537161
GB SF 172;Dolan Fisheries;Westro UL9, Shieldaig;Ard Achaidli, Highfield Park;IV7 8AP;57.5451500;-4.4207599
GB SG 001;Penny Lane Foods Ltd;Unit 1A;Bridgwater;TA6 5NA;51.1525812;-2.9867700
GB SG 004;STEF Langdons Ltd;Showground Road;Bridgwater;TA6 6AJ;51.1122950;-2.9920356
GB SG 005;Muller Milk and Ingredients;Bridgwater Road;Bridgwater;TA6 6PR;51.1023817;-3.0003987
GB SG 006;Superior Powders Limited;Factory Lane;Highbridge;TA9 4RN;51.2080192;-2.9347216
GB SG 007;Westcroft Eggs;Red Road;Burnham-on-Sea;TA8 2LY;51.2655800;-3.0052900
GB SG 009;Stream Farm;Shelthorne;Bridgwater;TA5 2EN;51.0851331;-3.0871930
GB SG 013;The Cheddar Gorge Cheese Company Ltd;The Cliffs;Cheddar;BS27 3QA;51.2803221;-2.7723007
GB SG 014;Yeo Valley Organic Company Ltd;Cannington Creamery;Bridgwater;TA5 2ND;51.1442404;-3.0747160
GB SG 017;Newdeal Ltd;The Packing Unit;Bridgwater;TA5 1JG;51.1577471;-3.1195411
GB SG 025;STEF Langdons Ltd.;Plot 5;Bridgwater;TA6 4RN;51.1325973;-2.9977222
GB SG 028;Somerset Sausage Co. Ltd;Orchard Farm;Wedmore;BS28 4HS;51.6664616;-0.7570702
GB SG 029;Colin Reasons Quality Meats;54 Chapel Road;Bridgwater;TA6 4SJ;51.1859881;-3.0164973
GB SG 031;The Valley Smokehouse Ltd;Wheatsheaf Inn;Axbridge;BS26 2NH;50.8453089;0.4332666
GB SG 032;Somerset Larder Ltd;Units 2 & 3 Huntworth Way;Bridgwater;TA6 6FA;51.1001049;-2.9985791
GB SG 034;Windsor Catering Ltd;Unit 7 Blake Mills Business Park;Bridgewater;TA6 5LT;51.1202435;-2.9942552
GB SG 035;Calleva Limited;Market Way;Bridgwater;TA6 6DF;51.1000222;-3.0004243
GB SG 037;Brent House Farm Milk Store;Brent House Farm;Weston-super-mare;BS24 0JA;51.2763711;-2.9256788
GB SG 038;Refresco Beverages UK Limited;Unit 4;Bridgwater;TA6 4RN;51.1508779;-2.9933554
GB SG 100;My Local Indian;Unit 1A Trafalgar House;Taunton;TA1 5LY;51.0113411;-3.1289152
GB SG 101;Ruxstons;20-22 High Street;Wellington;TA21 8RA;50.9784959;-3.2275130
GB SG 102;Times Past Cheese Dairy;Unit 3 Badgworth Barns;Axbridge;BS26 2JU;51.2661200;-2.8531100
GB SG 104;Gregory Distribution Ltd;Mendip Distribution Centre;Shepton Mallet;BA44NH;51.1798400;-2.5301900
GB SG 105;Wyke Farms Ltd Cheese Stores;Cheese Stores;Shepton Mallet;BA4 6NX;51.1149300;-2.5020100
GB SG 107;Igloo Thermo Logistics;Beeching Close;Chard;TA20 1BB;50.8814999;-2.9510682
GB SG 108;Tom Parker Creamery;Unit 19;Wincanton;BA9 9DT;51.5033539;-2.4926029
GB SG 109;Cluckingham Farm;;Yeovil;;50.9420451;-2.6318629
GB SG 113;The Exmoor Harvest;Wreford;Minehead;TA24 8RH;51.1797322;-3.5214377
GB SG 114;Chickies Scotch Eggs;Unit J10 Oaktree Park;Highbridge;TA9 4HA;51.2296983;-2.9599899
GB SG 115;The Newt In Somerset ( Farm Kitchen);Farm Kitchen;Galhampton;BA22 7AE;50.7844949;-1.0885433
GB SG 116;The Newt in Somerset;The Creamery;Castle Cary;BA7 7PE;54.1757953;-6.3419183
GB SG 117;Wincanton Chilled Ltd;Unit 7;Wincanton;BA9 9RT;51.5033539;-2.4926029
GB SG 118;Gather Ground Limited;East Street Farm;Shepton Montague;BA9 8JS;51.0780100;-2.4626199
GB SH 006;Aimia Foods Ltd;Penny Lane;St Helens;WA11 0QZ;53.4709800;-2.6502147
GB SH 012;Cuisine Centre North;Sherdley Industrial Estate;St Helens;WA9 5JD;53.4440934;-2.7241506
GB SH 021;Inter Europe Food Ltd;Unit 1-2;Ashton in Markerfield;WN4 8YU;52.5136566;-2.0243079
GB SH 022;Trialout Limited;Unit 7;St Helens;WA9 1QT;53.4424290;-2.7296682
GB SH 023;Cottom Brothers (Food Manufacturing) Limited;Lock Street;St Helens;WA9 1HS;53.4606010;-2.7228369
GB SH 024;The Fish Company Ltd;Unit A Moss Park Industrial Estate;St Helens;WA11 7JH;53.5018300;-2.8132200
GB SH 025;GXO Logistics UK II Ltd;2 Thunderbolt Drive;St Helens;WA5 3PW;53.4057400;-2.6748100
GB SI 015;Central Frozen Foods;1-5 Unicorn Industrial Estate;Stoke-on-Trent;ST6 4RB;53.0452538;-2.2125225
GB SI 016;Fresh Produce World Ltd;Normacot Enterprise Centre;Stoke on trent;ST31QZ;52.9815709;-2.1242557
GB SI 019;NDI Trading Ltd;Unit 4;Stoke on Trent;ST1 4DW;52.9996677;-2.1230988
GB SI 020;Cheerful Links Ltd;Unit 1;Stoke on Trent;ST4 2HS;53.0199017;-2.1691060
GB SI 021;Cottage Catering Services Ltd;24 Christchurch Street;Stoke on Trent;ST4 3AD;52.9994493;-2.1646004
GB SI 022;AMS Wholesale;261 Normacot Road;Stoke on Trent;ST3 1QY;52.9818289;-2.1229600
GB SI 023;Grocer’s Brokers Limited;Unit 5;Stoke on Trent;ST4 4DX;53.0454564;-2.1888124
GB SI 024;UK Wide Food Supplies Ltd;Unit 4;Stoke on Trent;ST1 3EL;52.9996677;-2.1230988
GB SI 025;Tham Brothers Ltd;Unit 1;Stoke on Trent;ST4 2HS;53.0199017;-2.1691060
GB SI 026;K&V Chinese Grocery Ltd;Wing Lee;Stoke on Trent;ST4 4TN;52.9866713;-2.1710649
GB SI 100;Cook Chill Production Unit;Cromer Road;Stoke-on-Trent;ST1 6QN;53.0283301;-2.1601182
GB SI 102;Premium Poultry Limited;Unit 9 Westmill Street;Stoke on Trent;ST1 3EL;53.0167988;-2.1692757
GB SI 103;Pentagon Food Group Ltd;Unit 1;Stoke on Trent;ST4 2HS;53.0199017;-2.1691060
GB SJ 005;Gower Coast Seafood;72 Pencaerfenni Lane;Swansea;SA4 3SW;51.6353797;-4.1292254
GB SJ 024;Lewis Pies & Pasty Co;Unit 3-6 Abergelli Road;Swansea;SA5 4DY;51.6472000;-3.9914900
GB SJ 027;W E Knipe & Co;62-64 Cecil Street;Swansea;SA5 8QH;51.6402831;-3.9516996
GB SJ 029;Swansea Fresh Fish Limited;Unit 5 Fishmarket Quay;Swansea;SA1 1UN;51.6160353;-3.9347123
GB SJ 047;Bako Wales;Gorseinon Road;Swansea;SA4 4GG;51.6676720;-4.0265992
GB SJ 054;Julians Supermarkets Ltd;Unit 15 Prydwen Road;Swansea;SA5 4HN;51.6435706;-3.9975323
GB SJ 056;Hon Shen Limited;Unit 6 St Johns Court;Swansea;SA6 8QQ;51.9521202;-3.3939550
GB SJ 059;SA1 Frozen Foods Ltd;Unit 20;Llansamlet;SA6 8RF;51.5222104;-3.1909423
GB SJ 061;AA Catering Food Limited;Alamein Road;Swansea;SA1 2HY;51.6400878;-3.9327536
GB SJ 062;T Quality Ltd;Unit 2 Wyndham Court;Swansea;SA6 8RB;54.5217990;-3.5155142
GB SJ 063;Dani Foods Ltd;Lynch Factory;Llanmorlais;SA4 3TN;51.6288399;-4.1348100
GB SJ 064;Bestway Wholesale Ltd;Unit 10;Swansea;SA6 8QD;51.6789111;-3.9120292
GB SJ 066;Selwyns Seaweed Ltd;The Lynch Factory;Llanmorlais;SA4 3TN;51.6288399;-4.1348100
GB SJ 067;Lenger Shellfish Ltd;Unit 28;Penclawdd;SA4 3RS;51.6450108;-4.0839544
GB SJ 068;Below High Water Ltd;Lynch Factory;Llanmorlais;SA43TN;51.6288399;-4.1348100
GB SJ 070;Gower Free Range Eggs;23 Pant y Dwr;Swansea;SA4 3PG;51.6282722;-4.0690521
GB SJ 071;M Swistun Shellfish;Unit 20B;Penclawdd;SA4 3RS;51.6450108;-4.0839544
GB SJ 075;Meat Matters Ltd;Unit 20;Swansea;SA1 7ER;51.6586535;-3.9243051
GB SJ 076;Brynymor Farm;Brynymor Farm;Llangennith;SA3 1JE;51.6021176;-4.2731890
GB SJ 077;Noble Foods Ltd;Kittle Hill Poultry Farm;Swansea;SA3 3JQ;51.5889800;-4.0631600
GB SJ 078;High Street Catering Limited;Warehouse;Swansea;SA1 1NJ;51.6285400;-3.9412700
GB SJ 079;Swan Catering Limited;Tirpenry Street;Swansea;SA68EB;51.6664264;-3.9221584
GB SJ 080;Koop & Kiln;Brynbori Farm;Swansea;SA2 7XQ;51.6326600;-4.0325600
GB SJ 081;Freshway Limited T/A Totally Welsh Direct;Totally Welsh Direct Depot;Swansea;SA5 4HL;51.6421400;-3.9895200
GB SJ 082;C & R James Bakery Ltd;Gloucester Bakery;Swansea;SA1 6RH;51.6342400;-3.9518800
GB SJ 083;Cwmfarm Charcuterie Products Ltd;Unit J26;Llansamlet;SA6 8QR;51.6679200;-3.9112600
GB SJ 084;Three Sixty Aquaculture;The old Distribution Terminal;Swansea;SA1 8SB;51.6106700;-3.9151300
GB SJ 085;Booker Swansea;Swansea Enterprise Park;Swansea;SA6 8PJ;51.6584479;-3.9085425
GB SJ 086;Nijjar Dairies Ltd T/A Freshways;Totally Welsh Direct Depot Corporation Road;Swansea;SA5 4HL;51.6421400;-3.9895200
GB SK 015;Snowflake Luxury Gelato;Unit E;Iver;SL0 9HW;51.7759320;-1.4871421
GB SL 009;Sanbros;Unit 3;Slough;SL1 3TD;51.5022059;-0.6004372
GB SL 012;Marshwood Farm Ltd T/A Fresco Yoghurts;;Slough;SL1 6BW;51.5111014;-0.5940682
GB SL 014;Wilder Logistics Ltd;Colndale Road;Slough;SL3 0HQ;51.4761910;-0.5152261
GB SL 020;BFS Group Ltd;Bidvest Foodservice;Slough;SL1 4BD;51.5177700;-0.6238200
GB SL 021;Newrest All Ltd;Poyle Road;Slough;SL3 0AA;51.4763156;-0.5168356
GB SL 022;The Mouthfull Trading Company Limited;Unit 3-4 Polygon Business Centre;Slough;SL3 0QT;51.4744900;-0.5102700
GB SL 023;We Prepare Limited;467 Malton Avenue;Slough;SL1 4QU;51.5195608;-0.6197481
GB SL 024;Jumbo Importers Ltd;Unit 17;Slough;SL3 0NJ;51.5369887;-0.5097857
GB SL 025;Morgan Cargo Limited;Units 1-4 Airhub;Colnbrook;SL3 0AA;51.4756494;-0.5164924
GB SL 027;Hellmann Worldwide Logistics;London Heathrow Operations Centre;Slough;SL3 8AG;51.4940457;-0.5351874
GB SL 029;Rhodes Freight Services Limited;105-108 Whitby Road;Slough;SL1 3DR;51.5184464;-0.6124775
GB SL 030;Pacific Seafood Limited;Unit 1 Kelpatrick Centre;Slough;SL16BW;51.5212268;-0.6478628
GB SM 001;The Taste of Suffolk;8 Boldero Road;Bury St. Edmunds;IP32 7BS;52.2402066;0.7485725
GB SM 025;The Karro Food Group Ltd;Haverhill Road;Little Wratting;CB9 7TD;52.0968566;0.4610377
GB SM 030;A E Rush & Son;Rymer Farm;Barnham;IP242PP;52.3474000;0.7435914
GB SM 031;Thermotraffic Ltd;Northern way;Bury St Edmunds;IP32 6NL;52.2674275;0.7001959
GB SM 032;Musks Ltd;Unit 7;Newmarket;CB8 7SY;52.2676475;0.3932108
GB SM 034;Manor Farm Eggs;Manor End;Worlington;IP28 8SN;52.3746990;-1.4025944
GB SM 035;J & P Haylock Farms;Laurel Farm;Bury St. Edmunds;IP288LS;52.0612703;1.0822370
GB SM 036;Orchard Free Range Eggs;36 The Street;Brandon;IP27 9BE;52.4436479;0.6045477
GB SM 038;Local Flavour Ltd;Unit 1 & 2;Exning;CB8 7HB;52.2629824;0.3770316
GB SM 041;Oak Farm Free Range Eggs;Oak Farm;Great Barton;IP312PD;52.2718400;0.7900400
GB SM 043;Culina Logistics;Iceni Way;Haverhill;CB97FD;51.8717164;0.8724016
GB SM 045;I.F.F. (GB) Ltd;Duddery Hill;Haverhill;CB9 8LG;52.0782647;0.4348432
GB SM 047;Thomas Ridley And Son Limited;Endeavour House;Bury St Edmunds;IP309ND;54.6479278;-1.2318878
GB SM 088;Associated Casing Company;Asco House;Haverhill;CB9 7AA;52.0713757;0.4363252
GB SO 003;Victoria Farm Dairies;Benton Green Lane;Coventry;CV7 7AX;52.4034797;-1.6203875
GB SO 012;NN Caterers Ltd;Unit 2;Birmingham;B37 5AY;52.4512202;-1.7784346
GB SO 017;Nothing Added Meringues;41 Bonneville Close;Solihull;CV5 9QH;52.4327757;-1.6095147
GB SO 018;Dancle;Unit 24 Gateway Estate;Solihull;B26 3QD;52.4479913;-1.7527262
GB SO 019;Wrapchic - Bombay Streat;Depot 1;Solihull;B37 6RE;50.8500862;-0.1146499
GB SO 020;Niche and Bespoke;Unit 18 The Gateway Estate;Birmingham;B26 3QD;52.4479913;-1.7527262
GB SP 009;A Jackson & Sons;Torkington Hall Dairy;Stockport;SK7 6NE;53.3665000;-2.0946100
GB SP 023;Pyramid Kebab;Unit 1;Stockport;SK4 1UD;53.4092712;-2.1639142
GB SP 025;Neil Frost Meats;13 King Street West;Stockport;SK3 0DT;53.4061523;-2.1658267
GB SP 026;Fosters Quality Sausages;Unit 6;Stockport;SK3 0UD;53.4031222;-2.1868688
GB SP 035;Cold Choice Foods Ltd;Emperor House;Stockport;SK7 5DA;51.5480672;-0.0101075
GB SP 037;Clairmont Food Service Limited;Unit 1 Phoenix Court;Stockport;SK4 1PQ;52.9360764;-1.1709148
GB SP 040;PK Trading (UK) Ltd;Unit 8 Hurstfield Industrail Estate;Stockport;SK57BB;53.4330500;-2.1634600
GB SP 042;Elle R Leisure;9 Lawnhurst Trading Estate;Stockport;SK3 0SD;53.3902200;-2.1866200
GB SP 043;Levant Dairy UK Ltd;Unit 6 Brook House;Cheadle;SK8 2PE;53.3895200;-2.2011700
GB SQ 009;Van Hessen UK Casings Ltd;12 The Parade;Sunderland;SR2 8NT;54.8977031;-1.3642577
GB SQ 011;Bernard Matthews Foods (Sunderland);Leechmere East Industrial Estate;Sunderland;SR2 9TE;54.8798000;-1.3694500
GB SQ 028;Youngs Quality Foods Ltd.;50 Lower Dundas Street;Sunderland;SR6 0BD;54.9141679;-1.3775845
GB SQ 045;Euro Foods (GB) Limited;1 Sedling Road;Washington;NE38 9BZ;54.8853401;-1.5330845
GB SQ 046;G2 Manufacturing Company;35 Hutton Close;Sunderland;NE38 0AH;54.9022405;-1.5547879
GB SQ 211;Fowler Welch Limited;6 Alston road;Washington;NE38 8PP;54.9026319;-1.4922501
GB SQ 221;G2 Doner & Kebab Manufacturing Company Ltd;Unit 49;Washington;NE38 0AH;52.5075648;-2.0041059
GB SQ 222;Moguntia Food Ingredients UK Ltd;Hetton Lyons Industrial Estate;Hetton - le - Hole;DH5 0RH;54.8172047;-1.4436172
GB SQ 231;Bridgewater Bacon Limited;23 Bridgewater Road;Washington;NE37 2SG;54.9083550;-1.5139785
GB SQ 232;Youngs Quality Foods Ltd.;Unit 6a Rivergreen Industry Centre;Sunderland;SR4 6AD;54.9103347;-1.4185167
GB SQ 261;Redrose Manufacturing Limited;21 A/B Cherry Way;Houghton-le-Spring;DH45RJ;54.8469540;-1.4947474
GB SR 003;Billington Foods Ltd;Units 3-4 Arkwright Way;Scunthorpe;DN16 1AL;53.5676831;-0.6182853
GB SR 008;Karro Food Group Ltd;Billet Lane;Scunthorpe;DN15 9YH;53.6155847;-0.6614954
GB SR 011;OSI Solutions Ltd;Luneberg Way;Scunthorpe;DN15 8LP;53.6019711;-0.6782388
GB SR 020;Magnavale Scunthorpe Ltd;Phase 6;Scunthorpe;DN15 9YJ;53.1296871;-1.2113987
GB SR 024;Genius Foods Ltd;Unit 1 & 2;Scunthorpe;DN17 2AY;53.5818876;-0.6049550
GB SR 026;FJG-Karro;Plot 22;Scunthorpe;DN15 6XQ;53.3840888;-1.4628097
GB SR 027;Ramsden International Reprocessing Site;Plot 12;Scunthorpe;DN15 8NJ;53.3926488;-0.6844528
GB SS 203;Lubborn Cheese Ltd;Manor Farm;Chard;TA20 4BZ;50.8686031;-2.9649605
GB SS 206;The Ilchester Cheese Co Ltd;Somerton Road;Ilchester;BA22 8LJ;51.0092354;-2.6791219
GB SS 208;Brickyard Farm Cheese Ltd;Brickyard Farm;Wincanton;BA9 8EG;52.6052614;1.4293830
GB SS 209;Wyke Farms Limited;1-4 Bennetts Field Trading Estate;Wincanton;BA9 9DT;51.0498980;-2.4119835
GB SS 210;Yeo Valley Farms (Production) Ltd;Coombe Farm;Crewkerne;TA18 8RR;51.0546229;-3.0423698
GB SS 215;Keens Cheddar Limited;Moorhayes Farm;Wincanton;BA9 8JR;50.8647101;-3.3647279
GB SS 217;Wyke Farms Ltd;Wyke Champflower;Bruton;BA10 0PU;51.1109731;-2.4821243
GB SS 224;J A & E Montgomery Ltd;Manor Farm;North Cadbury;BA22 7DW;51.0436424;-2.5200944
GB SS 225;Pattemores Dairy Ingredients;Mosterton Road;Crewkerne;TA18 8NT;50.8647200;-2.7691000
GB SS 236;The Flavourworks Group Limitd;Murray Way;Wincanton;BA9 9RX;51.0511692;-2.4224295
GB SS 243;Olive Farm (Babcary) Ltd;Overton Farm;Somerton;TA11 7EJ;51.0530367;-3.0480014
GB SS 244;The Fine Food Company;The Offices;North Cadbury;BA22 7BD;50.8369823;-0.1738882
GB SS 252;Grubworkz;Unit 3;Lopen;TA13 5JS;50.9322472;-2.8101726
GB SS 254;Oluci Supplies;Unit 2;Wincanton;BA9 9RT;51.5033539;-2.4926029
GB SS 255;Bruton Dairy Ltd;Godminster Lane;Bruton;BA10 0ND;51.1021059;-2.4531443
GB SS 260;Felthams Farm Ltd;Falthams Farm;Templecombe;BA8 0AN;51.0319100;-2.4376400
GB SS 263;West Country Water Buffalo Limited;Higher Oakley Farm;Chilthorne Domer;BA22 8LS;50.9862800;-2.6761900
GB SS 264;Godminster;Station Road;Bruton;BA100EH;51.1117079;-2.4505568
GB SS 267;Godminster Vintage;Brue Site;Bruton;BA100EH;51.1119472;-2.4500346
GB SS 268;TP Niven;Tout Lane;Somerton;TA11 7AN;51.0467242;-2.6592532
GB SS 269;Jardox Ltd;Saxon Way;Wincanton;BA9 9RT;51.0506337;-2.4204370
GB SS 271;N H Case Ltd;Bennett’s Field trading Estate;Wincanton;BA9 9DT;51.0504469;-2.4127061
GB SS 401;Brown and Forrest Ltd;The Smokery;Langport;TA10 0BP;51.0003000;-2.8597400
GB SS 900;M B Crocker Ltd;Syles Farm;Templecombe;BA8 0SD;50.9714788;-2.3852005
GB SS 907;Glebe Farm;Wood Birds Hill Lane;Langport;TA10 9AP;51.0579773;-2.7942476
GB SS 917;Cottage Farm;The Cottage;Yeovil;BA21 3QG;50.9669100;-2.6509500
GB SS 918;Silverthorne Farm;Milborne Wick;Sherborne;DT9 4PW;50.9828300;-2.4730900
GB SS 921;Mr N Whitcombe;Manor Farm;Merriott;TA16 5NP;50.9094700;-2.7894800
GB SS 922;Owls Barton Farms;Owls Barton;Misterton;TA18 8NT;51.0803883;-3.0930268
GB SS 924;B G Priddle;Joylers Farm;South Petherton;TA13 5HR;50.9549499;-2.7944900
GB SS 925;The Slow Farming Company;Clanville Manor Farm;Castle Cary;BA7 7PJ;51.0955100;-2.5461400
GB ST 002;Simply Food Solutions;Eldon Street;South Shields;NE33 5BU;54.9878246;-1.4401111
GB ST 011;Royal Meats;3 Tynepoint Industrial Estate;South Shields;NE32 3UP;54.9730400;-1.4674500
GB ST 012;MJ Dickson Ltd;Heddon Way;South Shields;NE34 0NT;54.9748701;-1.4458671
GB ST 014;Libra Seafoods Processing Ltd;Rolling Mill Road;Jarrow;NE32 3DP;54.9842120;-1.4989566
GB ST 017;Dalziel Ltd;Unit 3;Hebburn;NE31 2JZ;54.5799068;-1.3454512
GB ST 019;Prime Buys;11A Bladen Street Industrial Estate;Jarrow;NE32 3HN;54.9819400;-1.4978200
GB SU 001;Upstream Seafoods Ltd;Silver Wing Industrial Estate;Croydon;CR0 4RU;51.3600400;-0.1246500
GB SU 003;Chicken Cottage (Distributions) Ltd;Chicken Cottage;Croydon;CR0 4WP;51.5335296;-0.2190730
GB SU 009;Honest Butchers;12 IO Centre;London;SM3 9BW;51.8393524;-2.1697827
GB SU 012;Saggiomo Luxury Foods Ltd;Unit B Tower House;Sutton;CR0 4XY;51.3816945;-0.1308634
GB SU 013;H Mart Europe Ltd;38 Kimpton Road;Sutton;SM3 9RW;51.3752126;-0.2086403
GB SU 014;Trafila Ltd;Unit 7 & 8;Sutton;SM3 9BL;51.3856898;-0.2110294
GB SU 015;Good Guru Limited;Kingfisher House;Wallington;SM6 7AH;52.2500281;0.3948745
GB SU 016;Repertoire Culinaire Ltd;Unit 2;Croydon;CR0 4TQ;51.3910452;-0.1346513
GB SU 017;La Credenza Limited;Unit 1;Croydon;CR0 4TQ;51.3910452;-0.1346513
GB SV 001;Gist Ltd;Oare Road;Faversham;ME13 7TW;51.3263851;0.8818071
GB SV 004;David Wood Baking Ltd;The Mill House;Sheerness;ME12 1LP;51.7844322;-0.3798189
GB SV 005;Cook Trading Ltd;8 Eurolink Way;Sittingbourne;ME10 3HH;51.3414947;0.7449347
GB SV 009;Cheesemakers of Canterbury;Lamberhurst Farm;Yorkletts;ME13 9ES;51.3219600;0.9950800
GB SV 013;Swedish Delicatessen;Unit 4;Sittingbourne;ME10 3FB;51.3403193;0.7417664
GB SV 015;Dippy Egg Farm;New Kaine Farm;Sittingbourne;ME9 7HP;51.3686800;0.6534300
GB SV 017;Q Catering Supplies Ltd;11 Styles Road and 3 Styles Close;Sittingbourne;ME10 3BF;51.3470400;0.7610000
GB SV 020;Rosewood Acres;Denstroude Lane;Dunkirk;CT29LA;51.3165669;1.0158588
GB SV 021;Cook Classics Kitchen;Swale Way;Sittingbourne;ME10 3NH;51.3505510;0.7633971
GB SV 022;Fowler Welch Ltd;London Road;Sittingbourne;ME9 9PR;51.3419871;0.7241802
GB SV 023;Cook Pastry and Pies;Units 7A - 7G;Sittingbourne;ME10 3RN;51.3640970;1.1068236
GB SV 024;Vics Catering Supplies Limited;Prentis Quay;Sittingbourne;ME10 2QD;51.3464232;0.7336710
GB SV 025;Greencore Logistics Sittingbourne;Unit B;Sittingbourne;ME10 2PG;51.7757807;-1.4870721
GB SW 022;Direct Seafoods London;Unit 14 & 15;London;SE16 3LL;52.5031361;-2.0204615
GB SW 039;Red Sun Chinese Supplies Ltd;Unit 3B;London;SE15 1NP;51.5300662;-0.0745576
GB SW 044;Mons Cheesemongers;Unit 2-4 Voyager Business;London;SE16 4RP;51.4963434;-0.0695794
GB SW 049;Borough Cheese Company;Borough Market;London;SE1 9AH;51.5059679;-0.0904170
GB SW 050;Kappacasein Ltd;Unit 1 Voyager Business Estate;London;SE16 4RP;51.4963434;-0.0695794
GB SW 051;805 Restaurants Ltd;Unit 6 Rich Industrial Estate;London;SE15 1JR;50.8001910;0.0585905
GB SW 053;Natoora Ltd;Unit 8;London;SE16 4RA;51.4843704;-0.0616191
GB SW 057;Bay Dining Ltd;Unit 4 Canterbury Industrial Estate;London;SE15 1NP;51.4815900;-0.0535900
GB SW 058;Bone Daddies;Unit 27;London;SE16 4AN;51.5806352;-0.0323056
GB SW 059;W J Arment Ltd;7 Westmoreland Road;London;SE17 2AX;51.4844150;-0.0930144
GB SW 061;Billy Franks Ltd;104 Druid Street;London;SE1 2HQ;51.4992174;-0.0744851
GB SW 062;Neals Yard Dairy;Arches 1-12;London;SE16 4ET;51.4672897;-0.2088311
GB SW 064;Barfoot (London);Unit 13;Bermondsey;SE16 3EH;51.5005470;-0.0590390
GB SW 069;Elfood Ltd;Arch 321 & 322;London;SE5 0LH;51.5420592;-0.1432393
GB SW 070;The Bubble;Railway Arch 81;London;SE1 0XN;51.5041947;-0.1035096
GB SW 072;Kaviari UK Ltd;7 Maidstone Building Mews;London;SE1 1GD;51.5038600;-0.0922600
GB SW 073;Alhaji Suya Ltd;Arches 210-211;London;SE17 2TF;51.4672897;-0.2088311
GB SW 075;Firecracker Oriental Kitchen Ltd;Unit 6;London;SE15 6NF;51.5114405;-0.0656321
GB SW 078;The Fresh Fish Shop Ltd;Unit 8;London;SE16 3JF;51.4843704;-0.0616191
GB SW 079;Ham and Cheese Company Ltd;Arch 10;London;SE16 3SJ;51.4916139;-0.0593027
GB SW 080;London Smoke and Cure Ltd;Unit 7;London;SE16 3FJ;51.4958834;-0.0687687
GB SW 081;Maltby & Greek;Arches 15-17;London;SE16 4ET;51.4672897;-0.2088311
GB SW 082;Kaseswiss;Unit 1;London;SE16 4RP;51.4696979;-0.0656378
GB SW 083;Lina Cucina;Unit 26;London;SE15 1LR;51.5322352;-0.1261361
GB SW 084;Panda Fresh;38-40 Verney Road;London;SE16 3DH;51.4857757;-0.0615366
GB SW 085;Chorizos Santarrosanos Ltd;331 Walworth Road;London;SE17 2TG;51.4887214;-0.0960067
GB SW 086;Shan Fur Ltd;23 Crimscott Street;London;SE1 5TE;51.4949491;-0.0792635
GB SX 007;Piglets Pantry Ltd;Unit E-F;Worthing;BN14 8DN;51.7759320;-1.4871421
GB SY 001;Porky Whites Ltd;7 Manor Way;Woking;GU22 9JX;51.3032083;-0.5416173
GB SY 002;Fairoak Foods Ltd;Unit 20 Woking Business Park;Woking;GU21 5JY;51.3287968;-0.5384470
GB SZ 002;The Cuisine Centre;Unit 14;St Albans;AL2 2DQ;51.7324130;-0.3082541
GB SZ 003;Taste of Sicily Ltd;Unit 18;St Albans;AL22DQ;51.7515646;-0.3371926
GB SZ 004;Ingredients Bar;Unit 2a Bizspace;London Colney;AL2 1JG;51.7269987;-0.2954709
GB SZ 005;Chinatown Bakery Ltd;72  High Street;St Albans;AL2 1QN;51.7995565;-0.3961535
GB TB 013;Marshfield Farm Foods;Marshfield;Chippenham;SN14 8LE;51.4630003;-2.3169955
GB TC 010;Muller Milk and Ingredients;Lake Road;Manchester;M17 1TU;53.4751412;-2.3140378
GB TC 027;Gate Gourmet;Units K1 K2 & K3 Ashburton Point;Manchester;M17 1EH;53.4696600;-2.3332500
GB TC 030;GXO Logistics Limited;Centre Point V;Manchester;M17 1PP;53.4638700;-2.3234700
GB TC 031;KBF Enterprises Limited;Units 3 & 4 Guiness Trading Estate;Manchester;M17 1SB;53.4760300;-2.3336700
GB TC 032;VN LAbs Ltd;Unit 2;Manchester;M17 1AF;53.4769347;-2.2261406
GB TD 023;Nythe Farm Kitchen Ltd;Nythe Farm;Taunton;TA3 6DS;51.0134713;-2.9601651
GB TD 025;Henson & Son;Chilliswood Farm;Taunton;TA3 7NT;50.9919521;-3.1426044
GB TD 026;Mr and Mrs Perry;Deane Barton;Wellington;TA21 0RW;50.9961390;-3.2667526
GB TD 033;Mitchell Partner;Orchard Farm;Taunton;TA4 1DW;51.0299627;-3.2119283
GB TD 037;Heywood Hens;West Buckland;Wellington;TA21 9PJ;50.9760648;-3.2058255
GB TD 042;Sarah Ranson;Underdown Cottage;Chard;TA20 3RS;50.9097267;-3.0593334
GB TD 044;Meadowsweet Farm;Newton Lane;Somerset;TA44EU;51.1422748;-3.2790426
GB TD 045;Somerdale International Limited;Unit 3H;Wellington;TA21 9AD;50.9804236;-3.2078008
GB TD 046;Wild Water Cold Storage Ltd;Frobisher Way;Taunton;TA2 6BB;51.0265089;-3.1308985
GB TD 047;PG & K Smith;Ivy Cottage;Milverton;TA4 1QE;51.6202912;0.0139274
GB TD 048;Heritage Cure;Hill Farm;Wellington;TA21 0HN;50.9545021;-3.1739358
GB TF 028;P & H Eggs Ltd;Station Yard;Telford;TF2 6SG;52.6168582;-2.4438468
GB TF 030;TM Dairy Ltd;Donnington Wood Business Park;Telford;TF2 7GJ;52.7067499;-2.4292615
GB TF 032;True Bites Limited;Unit 27;Telford;TF1 5JD;52.6931497;-2.5235363
GB TF 034;Russells Pies;Unit B7;Telford;TF7 4QW;52.6285160;-2.4624590
GB TF 035;Coopers Gourmet Foods;Poynton Road;Telford;TF6 6BN;51.5972018;-0.0601835
GB TF 040;CML F & L (Telford) LIMITED;Brockton Business Park;Telford;TF7 4QD;52.6260900;-2.4407400
GB TF 041;Bridge Cheese Ltd;Unit 13;Telford;TF3 3AZ;52.6803342;-2.4363491
GB TF 044;The Cress Company;Unit H2;Telford;TF7 4JR;52.6285160;-2.4624590
GB TF 045;Karsten Prepared;Audley Avenue;Newport;TF10 7DW;52.7623354;-2.3625073
GB TF 047;Dale Brothers UK Ltd;Hortonwood 67;Shropshire;TF17GU;52.7246578;-2.4625288
GB TF 048;DR Fine Foods Ltd;Unit C;Telford;TF1 7ET;51.7759849;-1.4873944
GB TG 010;Dale Belbin;Vine Lodge;Ardleigh;CO7 7LT;51.2762905;0.1961181
GB TG 011;Ken Green Fish Merchants;34 High Street;Clacton on Sea;CO15 1UQ;51.7906160;1.1558618
GB TH 016;H. Forman & Son;Stour Wharf;London;E3 2NT;51.5393385;-0.0219092
GB TH 017;Billingsgate Market;Trafalgar Way;London;E14 5ST;51.5046393;-0.0123487
GB TH 017.001;T Bush;Billingsgate Market;London;E14 5ST;51.5063986;-0.0145182
GB TH 017.003;Simmos (Billingsgate) Ltd;Billingsgate Market;London;E14 5ST;51.5063986;-0.0145182
GB TH 017.004;CT Holmes & Co .Ltd;Billingsgate Market;London;E14 5ST;51.5063986;-0.0145182
GB TH 017.006;Lawrence  Brothers (Billingsgate) Ltd;Billingsgate Market;London;E14 5ST;51.5063986;-0.0145182
GB TH 017.007;Polydor Seafood Ltd;Shops 21 22 Stands C9 C10 H06-H10 109 110 Office 86 & 77;London;E14 5ST;51.5061305;-0.0133230
GB TH 017.008;West & Sun Foods Ltd;Billingsgate Market;London;E14 5ST;51.5063986;-0.0145182
GB TH 017.010;Bard Shellfish;Billingsgate Market;London;E14 5ST;51.5063986;-0.0145182
GB TH 017.013;A.H.Cox (Billingsgate) Ltd;Billingsgate Market;London;E14 5ST;51.5063986;-0.0145182
GB TH 017.015;John Stockwell Limited;Billingsgate Market;London;E14 5ST;51.5063986;-0.0145182
GB TH 017.016;J. Bennett (Billingsgate) Ltd;Billingsgate Market;London;E14 5ST;51.5063986;-0.0145182
GB TH 017.017;James Nash and Son Limited;Billingsgate Market;London;E14 5ST;51.5063986;-0.0145182
GB TH 017.018;Micks Eels Supply Ltd;Billingsgate Market;London;E14 5ST;51.5063986;-0.0145182
GB TH 017.021;Bobbys Fish;Stands F1& F2;London;E14 5ST;51.5061305;-0.0133230
GB TH 017.022;Selsea (Billingsgate) Ltd;Billingsgate Market;London;E14 5ST;51.5063986;-0.0145182
GB TH 017.023;Fawsitt Fish Limited;Billingsgate Market;London;E14 5ST;51.5063986;-0.0145182
GB TH 017.024;AA Lyons;Billingsgate Market;London;E14 5ST;51.5063986;-0.0145182
GB TH 017.025;C.J. Newnes & Partners;Billingsgate Market;London;E14 5ST;51.5063986;-0.0145182
GB TH 017.027;Sole Trader Ltd;Billingsgate Market;London;E14 5ST;51.5063986;-0.0145182
GB TH 017.028;LG Wicker Co. Billingsgate;Billingsgate Market;London;E14 5ST;51.5063986;-0.0145182
GB TH 017.032;J & P Exotics;Billingsgate Market;London;E14 5ST;51.5063986;-0.0145182
GB TH 017.033;Cyprus Fisheries Limited;Billingsgate Market;London;E14 5ST;51.5063986;-0.0145182
GB TH 017.034;Billingsgate Exotic Fish;Billingsgate Market;London;E14 5ST;51.5063986;-0.0145182
GB TH 017.036;S + A Hart Limited;Billingsgate Market;London;E14 5ST;51.5063986;-0.0145182
GB TH 017.039;Asian Fresh;Billingsgate Market;London;E14 5ST;51.5063986;-0.0145182
GB TH 017.042;Asian Pearl;Billingsgate Market;London;E14 5ST;51.5063986;-0.0145182
GB TH 017.045;Chamberlain and Thelwell Ltd;Billingsgate Market;London;E14 5ST;51.5063986;-0.0145182
GB TH 017.046;C & A Seafoods;Billingsgate Market;London;E14 5ST;51.5063986;-0.0145182
GB TH 017.047;Billingsgate Cold Stores Ltd;Billingsgate Market;London;E14 5ST;51.5063986;-0.0145182
GB TH 017.052;Dodi Seafood Limited;Billingsgate Market;London;E14 5ST;51.5063986;-0.0145182
GB TH 017.054;Zed Exotics Ltd;Unit 7;London;E14 5ST;51.5114428;-0.0657666
GB TH 017.055;British Exotics;Billingsgate Market;London;E14 5ST;51.5063986;-0.0145182
GB TH 017.058;Seahawk Marine Foods Limited;1 Billingsgate Market;London;E14 5ST;51.5061305;-0.0133230
GB TH 017.059;Wright Bros Ltd;Shop Q13 and 14;Poplar;E14 5ST;51.5061305;-0.0133230
GB TH 017.060;Seafood Choice London Limited;unit c2-c5;London;E14 5ST;52.1508189;-0.3429488
GB TH 017.063;ISH Seafoods Ltd;Billingsgate Fish market;London;E14 5ST;51.5061305;-0.0133230
GB TH 017.064;Billingsgate Smoked Fish;Stand D3 and chiller unit 15;London;E145ST;51.5061305;-0.0133230
GB TH 017.065;Barneys (Billingsgate) Limited;Unit Q6-Q7 & Shop 1;London;E145ST;51.5061305;-0.0133230
GB TH 017.066;Fishnet;Unit 8 & 9;London;E145ST;51.5290431;-0.2742814
GB TH 017.068;The Upper Scale Home Delivery Service Ltd;East Quay;London;E14 5ST;51.1320548;-3.0007803
GB TH 017.069;Aqua Seafood Limited;Office 80;London;E14 5ST;51.5061305;-0.0133230
GB TH 017.070;M F Seafoods Ltd;Office 79;London;E14 5ST;51.5061305;-0.0133230
GB TH 017.071;Pop;Billingsgate Market;London;E14 5ST;51.5063986;-0.0145182
GB TH 017.072;Polydor Seafood Limited;Shops 21-22 & Stands C7-8 H6-H10 & I19/10;London;E14 5ST;51.5061305;-0.0133230
GB TH 017.073;Michael Lawrence Seafoods Ltd;Stand G5;London;E14 5ST;51.5061305;-0.0133230
GB TH 017.074;Coast & Kitchens;Shop Q10;London;E14 5ST;51.5061305;-0.0133230
GB TH 017.075;Ocean Seafood Traders Ltd;Stand E7;London;E14 5ST;51.5061305;-0.0133230
GB TH 027;London Borough of Tower Hamlets Central Production Unit;Toby Lane;Tower Hamlets;E1 4DN;51.5226398;-0.0385325
GB TH 029;First For Fish;Unit 11;London;E3 4UR;51.5126331;0.0062047
GB TH 040;R Green Fisheries Ltd;Unit 11 Blackwall Trading Estate;London;E14 0JP;51.5156909;0.0009295
GB TH 042;J J Meats Ltd;Unit 24 Bow Triangle Business Park;London;E34UR;51.5248172;-0.0225792
GB TH 045;Greenline Wholesales Ltd;67-77 Hanbury Street;London;E1 5JP;51.5202873;-0.0709030
GB TH 046;AHR Poultry Supplies LTD;406 St Pauls Way;London;E3 4AG;51.6048133;-0.1873457
GB TH 050;Eckos;Unit 147 Martha Street;London;E1 2PG;51.5120044;-0.0545772
GB TH 052;Bethnal Green Fish Supplies;Arch 95;London;E1 5DZ;51.5234459;-0.0617657
GB TH 055;All Seasons Foods & Seasons Food;88 Mile End Road;London;E1 4UN;51.5205355;-0.0526239
GB TH 056;Fish For Kings Limited;Arch 129;London;E26JN;51.4739588;-0.0572673
GB TH 058;UK Halal Chicken Ltd;Unit 16;London;E34UR;54.6116191;-5.9270862
GB TH 060;Grand Rasoi;Unit 5;London;E14 0JP;51.5114367;-0.0654869
GB TH 061;Halal Fresh Meats Limited;Unit 42;London;E3 5NP;51.5567473;-0.2829462
GB TH 062;Jo Showa Trading Ltd;28 Bow Triangle Business Centre;London;E3 4UR;51.5248172;-0.0225792
GB TH 063;Collectiv Food;57 – 60 Royal Mint Street;London;E1 8LG;51.5106634;-0.0691738
GB TH 064;Best Halal Chicken;106-108 Railway Arches;London;E1 2LY;52.2074324;0.1464604
GB TH 065;London Halal Group Ltd;194 Railway Arch;London;E1 4ET;51.5257311;-0.0484220
GB TH 066;Waso Ltd;73-74 Vallance Road;London;E1 5BU;51.5226694;-0.0642626
GB TH017.62;Billingsgate Fresh Fish;Stand D12;London;E14 5ST;51.5061305;-0.0133230
GB TI 004;Dunstaple Farm Limited;Holsworthy;Devon;EX22 7BP;51.5362165;0.7771261
GB TI 010;Parkham Farms Ltd;Higher Alminstone;Bideford;EX39 5PX;50.9575800;-4.3537300
GB TI 031;Nickys Cakes;;Devon;;54.7023545;-3.2765753
GB TI 035;West Country Pies Ltd;Unit 1E;Holsworthy;EX22 7SF;51.4945590;-0.0786705
GB TI 043;Blackwells Pasties;7-9 Meddon Street;Bideford;EX39 2EF;51.0155765;-4.2095574
GB TI 045;Leigh Farm;Hartland;Bideford;EX39 6DW;50.9923591;-4.4823016
GB TI 047;G. E. Honey & Son;Oliver House;Bideford;EX39 5PG;51.5243893;-0.1615940
GB TI 053;T & T Shellfish Ltd;Appledore Fish Dock;Bideford;EX39 1LZ;51.0467100;-4.1914800
GB TI 056;A & S Jeffery;Little Hollacombe Farm;Bideford;EX39 6HE;50.9359800;-4.4943799
GB TI 058;Birch Farm (MXB Devon Operations Ltd);Greenaway House;Bideford;EX39 5QT;51.8173491;-0.2972540
GB TI 060;Weavian Farms;West Webbery Farm;Bideford;EX39 4PR;51.0164000;-4.1495300
GB TI 061;The Milk Cart Ltd;Servis Farm;Torrington;EX38 8JB;50.9521100;-4.1652500
GB TI 062;North Devon Mussels & Oysters Ltd;Appledore Fishdock;Bideford;EX39 1LZ;51.0467100;-4.1914800
GB TI 063;Heddens Of Woodtown Farm Partnership;Woodtown Farm;Bideford;EX39 4PP;51.0129600;-4.1528200
GB TI 064;Westacott Eggs;Westacott Farm;Okehampton;EX20 3QJ;50.8544800;-4.1358400
GB TJ 004;Abergavenny Fine Foods Ltd;Unit 7;Blaenavon;NP4 9RL;51.8037801;-3.0744640
GB TJ 009;The Blaenafon Cheddar Company Limited;79-80 Broad Street;Blaenafon;NP4 9NF;51.7737992;-3.0838735
GB TJ 012;Euro Foods (UK) Ltd;EFG Food & Technology Park;Llantarnam;NP44 3GA;51.6333900;-3.0115100
GB TJ 020;D & SG Sausage Ltd;Unit 24;Cwmbran;NP44 3AX;51.6365193;-3.0206227
GB TJ 021;La Crème Patisserie & Catering Co. Ltd;Unit 216-217;Cwmbran;NP44 5BJ;51.6537300;-3.0403100
GB TJ 023;Craig Elding;Unit 330;Cwmbran;NP44 5BR;51.6568773;-3.0364620
GB TJ 024;Pollys Buffets Limited;Unit 20-21;Cwmbran;NP44 3AX;51.6365193;-3.0206227
GB TJ 025;Asaga Noodle Bar Limited;Unit 40;Cwmbran;NP44 3AS;51.6408056;-3.0216541
GB TJ 027;Usk Valley Cheese Company Limited;45 The Nurseries;Newport;NP18 2NT;51.6041632;-2.9021949
GB TK 003;Cotteswold Dairy Ltd;Cotteswold Dairy Estate;Tewkesbury;GL20 8JE;51.9987700;-2.1372500
GB TK 005;Court Farm;Stoke Road;Cheltenham;GL527RS;51.4730288;-2.6212830
GB TK 018;John G King;Abbotswood Farm;Gloucester;GL3 4AL;51.0135387;-4.2613204
GB TK 022;Pivotol Foods Ltd;Unit C2;Tewkesbury;GL20 8SF;52.0085710;-2.1364472
GB TK 023;Perfect Homemade Foods Limited;Unit 24A;Tewkesbury;GL19 4BP;51.9564677;-2.1576880
GB TK 025;Constellation Cold Logistics UK Ltd;Northway Lane;Tewkesbury;GL20 8SD;52.0024142;-2.1263256
GB TK 104;Cumboots Dairy Farm;Limestone Road;Scarborough;YO13 0PQ;54.3211731;-0.4626935
GB TM 009;North Down Cheese Limited;Platt House Farm;Sevenoaks;TN15 7QB;51.3213900;0.3239300
GB TM 013;Linton Seafoods Ltd;Unit 2 Branbridges Industrial Estate;East Peckham;TN12 5HF;51.2087560;0.3949681
GB TM 015;Drytec Spray Drying Limited;;Tonbridge;;51.1955494;0.2750712
GB TM 016;Kent Frozen Foods Ltd;Mills Road;Aylesford;ME20 7PP;51.2897093;0.4631343
GB TM 017;Sysco GB;Unit 1;Aylesford;ME20 6SW;51.2969570;0.4837953
GB TM 018;Long Meadow Farm;Crouch Lane;Borough Green;TN15 8QL;51.2868874;0.3147517
GB TM 019;Chapmans of Sevenoaks;Units 5 & 6 Hornet Business Park;Sevenoaks;TN15 8QW;51.2881799;0.2989800
GB TM 025;Watts Farms Catering Limited;Unit 5;Aylesford;ME207NA;51.2959753;0.4836021
GB TM 027;Blends for Friends Ltd;;Sevenoaks;;51.2745219;0.1961166
GB TM 029;Fowler Welch Limited;Unit 1;Aylesford;ME20 7XL;51.2969570;0.4837953
GB TM 030;The French Comte;Unit 7;Tonbridge;TN9 1GN;51.1805802;0.2829098
GB TN 003;Flint Hall Farm;Flower Lane;Godstone;RH9 8DE;51.2562918;-0.0537780
GB TN 004;Bon Culina;Unit 8 and 9;Copthorne;RH10 3EZ;51.1426200;-0.0816200
GB TN 005;Nutfield Dairy;The Pastures;South Nutfield;RH1 4EH;51.6346241;-0.1984475
GB TO 005;Britannia Shellfish;The Viviers;Kingsbridge;TQ7 2EH;50.2526955;-3.6575385
GB TO 010;Langage Farm Dairy Products;Higher Challonsleigh;Plymouth;PL7 5AY;50.3860500;-3.9822500
GB TO 011;Salcombe Dairy UK Ltd;Shadycombe Road;Salcombe;TQ8 8DX;50.2393136;-3.7710792
GB TO 012;Ticklemore Cheese;Sharpham Barton Farm;Totnes;TQ9 5EJ;50.4303862;-3.6838059
GB TO 013;Sharpham Partnership Limited;Sharpham Estate;Totnes;TQ9 7UT;50.4089338;-3.6531093
GB TO 017;Seafocal;8 The Fish Quay;Salcombe;TQ8 8NN;50.2437027;-3.7756499
GB TO 018;Shellfish South West;Unit 3 Clocktower Business Park;Plymouth;PL21 9PE;50.3864081;-3.9607242
GB TO 020;Excel Shellfish;20 Union Road;Kingsbridge;TQ7 1EF;50.2846087;-3.7809825
GB TO 024;Riverford Farm Dairies Ltd;Riverford Farm;Totnes;TQ9 6AF;50.4617606;-3.7317369
GB TO 030;S & J Fisheries Ltd;Unit 4 Richmond Place;Plymouth;PL21 9PE;50.3873304;-3.9586023
GB TO 037;The Venus Company Ltd;Unit A Block B;Totnes;TQ9 4LQ;54.7023545;-3.2765753
GB TO 038;Challons Combe;Clanturkan;Kingsbridge;TQ7 4NG;50.3207800;-3.8521500
GB TO 047;Favis of Salcombe Ltd;Topsail;Salcombe;TQ8 8AD;51.4668616;0.1490493
GB TO 048;Tracys Crab;;Dartmouth;;50.3514839;-3.5838440
GB TO 052;Dartmouth Fine Foods Ltd;Unit 4;Dartmouth;TQ6 9HU;50.3331659;-3.5943817
GB TO 059;Bidfood;Central Avenue;Plymouth;PL219EW;50.3867253;-3.9615914
GB TO 060;Dartmouth Foods Limited;Units 1-2 & 4-9  Hearder Court;Plymouth;PL7 5HH;50.3897100;-4.0157700
GB TO 061;Dartington Dairy Ltd;Old Parsonage Farm;Darlington;TQ9 6EA;50.4516136;-3.7094651
GB TO 065;Yum Yum Foods South West Ltd;1a Broadley Court;Plymouth;PL6 7SQ;50.4456000;-4.1193900
GB TO 069;Surfing Cow Ice Cream;South Battisborough Farm;Plymouth;PL8 1JY;50.3107900;-3.9680900
GB TO 070;G.H.M (salcombe) Ltd;Unit 1;Salcombe;TQ8 8DU;50.2397739;-3.7763703
GB TO 071;Crab Shed Salcombe;Crab Processing Unit;Salcombe;TQ8 8DU;50.2402520;-3.7699408
GB TO 073;Fowlescombe Rare and Pasture;Fowlescombe Farm;Ivybridge;PL21 0HW;50.3819800;-3.8363800
GB TO 074;George Congdon and Nicole Binder;The Old Quarry;Brixton;PL8 2BQ;53.5299493;-0.3599181
GB TO 075;Friars Pride Ltd;Unit 8;Plymouth;PL75EX;50.3838761;-3.9756221
GB TO 076;IM Stevenson & Son;Higher Broadgates;Totnes;TQ9 7HE;50.3856512;-3.6386475
GB TO 078;Sharpham Cheese;Unit 1;Totnes;TQ9 6PW;50.4410882;-3.6440222
GB TO 079;Dart Mariculture;Galmpton Quarry;Brixham;TQ5 0EH;50.3942901;-3.5727669
GB TO 080;Stone Tree Dairy Limited;Higher Swannaton Farm;Dartmourth;TQ6 0JS;50.3395360;-3.5863141
GB TO 081;Happy Butter Limited;Units E & F;Totnes;TQ9 5JA;53.2069830;-4.1819459
GB TP 001;Brixham Fish Market;New Fish Quay;Torbay;TQ5 8AW;50.3971149;-3.5130381
GB TP 009;Brixham Trawler Agents Ltd (Brixham Fish Quay);New Fish Quay;Torbay;TQ5 8AW;50.3971149;-3.5130381
GB TP 013;Ian Perkes Wholesale Fish Merchants Limited;Office 4;Torbay;TQ5 8AW;50.3977390;-3.5035925
GB TP 018;Lawrence & Rae Ltd;Jetty Store;Brixham;TQ5 8AJ;50.3958600;-3.5121400
GB TP 037;Trident Fish/Wright Brothers (Brixham) Limited;Unit 26;Paignton;TQ4 7HP;50.4107560;-3.6138986
GB TP 039;Kingfisher ( Brixham) Ltd;Unit 4/5;Paignton;TQ4 7HP;50.4107560;-3.6138986
GB TP 041;New England Seafood International Limited;Unit 20;Paignton;TQ4 7HP;50.4107560;-3.6138986
GB TP 050;Rockfish Quayside Ltd;Units C & D;Brixham;TQ5 8AW;55.8602940;-4.0289314
GB TP 053;Sefton Ltd;;Brixham;;50.3952404;-3.5145440
GB TP 055;The Brixham Crab Company;Unit 1;Brixham;TQ5 9QL;50.4023642;-3.5653427
GB TP 056;A B Seafoods (Devon) Ltd;Finance House Dainton Complex;Paignton;TQ4 7QA;54.7023545;-3.2765753
GB TP 058;More Seafood Limited;Unit 3-5;Paignton;TQ4 7TW;50.4107560;-3.6138986
GB TP 060;Offshore Shellfish Limited;Craig House;Brixham;TQ5 9DU;51.5410073;-0.1817831
GB TP 063;Henderson Seafood;Unit 11;Paignton;TQ4 6DT;50.4545423;-3.5575434
GB TQ 011;Aliz Fish Limited;Unit D12;West Thurrock;RM20 3XD;51.4798096;0.2809335
GB TQ 012;Gables Poultry Farm;High Road;Stanford-le-Hope;SS17 9HT;51.5379670;0.4708796
GB TQ 014;Michael Holdsworth Limited;Sandy Lane Farm;Aveley;RM15 4XP;52.8839054;-2.6613808
GB TQ 015;The Sausage Master Ltd;2 Jubilee Cottages;Chadwell St Mary;RM16 4LL;51.4806190;0.3775654
GB TQ 016;Sunny Ventures;Unit 21 Thurrock Trade Park;West Thurrock;RM203AL;51.4732500;0.2748100
GB TQ 017;General Catering Supplies Ltd;Phoenix Works Unit 2;Purfleet;RM191NZ;51.4827100;0.2639700
GB TQ 018;The Chill Hub;Ceva Logistics;Stanford-le-Hope;SS179ER;52.8392778;-1.3141188
GB TQ 022;Transmec UK Limited;North One;Stanford Le Hope;SS17 9ER;51.5209683;0.4194591
GB TQ 026;GXO Logistics FST Limited;;Purfleet;;51.4816756;0.2395499
GB TQ 027;Ranson NV UK Ltd;Central 7;Stanford Le Hope;SS17 9FN;51.5149132;0.4280444
GB TR 003;Hemel Eggs Limited;17 Kings Park Industrial Estate;Kings Langley;WD4 8ST;51.7148563;-0.4438445
GB TS 003;Berkeley Farm Dairy;Swindon Road;Swindon;SN4 9AQ;51.5353919;-1.7848315
GB TS 013;Wasdell Packaging Limited;Units 6-8;Swindon;SN5 8YW;51.5444362;-1.8533239
GB TS 017;GXO Logistics UK Ltd;Iceland Disribution Warehouse;Swindon;SN5 7JF;51.5571415;-1.8088329
GB TS 018;Jones Country Fayre;Costow Farm;Swindon;SN4 9QN;51.5365172;-1.8342256
GB TS 019;Top King Sausages;Unit 92;Swindon;SN2 2PQ;51.5560929;-1.7821374
GB TS 022;Debbie Bites Ltd;3 River Ray Estate;Swindon;SN2 2DT;51.5669434;-1.8129339
GB TS 023;N&B Foods Ltd;Rivermead Industrial Estate;Swindon;SN5 7EX;51.5693704;-1.8238689
GB TS 024;Rays Ice-cream;Unit 18;Swindon;SN2 8AJ;51.5747620;-1.7533536
GB TS 025;Heritage Global Foods Ltd;Unit C5 Kembrey Street;Swindon;SN28UY;51.5774662;-1.7690058
GB TS 026;Magic Momo Ltd;Unit C5;Swindon;SN2 8UY;51.5747620;-1.7533536
GB TS 027;Tropi Bites Ltd;88 Basepoint Business Centre;Swindon;SN5 7EX;50.6968352;-3.5141593
GB TT 030;Blue Oceans;Invicta Wat;Monkton;CT12 5FD;51.3500000;1.3201300
GB TV 003;John Lewis Partnership - Leckford Estate Dairy;Winchester Street;Stockbridge;SO20 6DD;50.9125147;-1.4042226
GB TV 009;Claytons;Kitts Merries Farm;Romsey;SO51 6FE;50.9937019;-1.5595131
GB TV 019;Mack Ship Stores;40 Oriana Way;Southampton;SO16 0YU;50.9405131;-1.4748256
GB TV 020;The Boaz Trust Hampshire Ltd;Hill Farm;Winchester;SO213NT;51.0211901;-1.2688711
GB TV 022;Chalk Stream Foods Ltd;Old Salisbury Lane;Romsey;SO51 0GD;51.0038921;-1.5256315
GB TV 023;Lockerley Estate (Queenwood Farm Partnership);Manor Farm;Salisbury;SP5 1LE;51.1595399;-1.6880555
GB TV 024;CLF Distribution Ltd;210 Mauretania Road;Southampton;SO16 0YS;50.9407482;-1.4801752
GB TV 025;Otties;Westover Farm;Goodworth Clatford;SP11 7LF;51.1685744;-1.4815599
GB TW 003;Meister Continental Foods Ltd;17 County Road;Brackley;NN13 7AX;52.0240346;-1.1387442
GB TW 007;Echo Foods Ltd;Unit 22;Blisworth;NN7 3DW;52.1774351;-0.9555647
GB TW 009;Fulwell Foods Ltd;11B Boundary Road;Brackley;NN13 7ES;52.0254504;-1.1394223
GB TW 013;College Farm (Mr T. Judd);Bicester Hill;Evenley;NN13 5SD;52.0036181;-1.1437439
GB TW 014;Garry Penn Ltd;Zig Zag Farm;Banbury;OX17 2HJ;52.1242500;-1.1856900
GB TW 016;Smith & Clay Ltd;22 Market Place;Brackley;NN13 7DP;52.0273168;-1.1494591
GB TX 001;The Real Pork Crackling Company Limited;Gagarin;Tamworth;B79 7TA;52.6361060;-1.7120599
GB TX 002;Sysco GB;Fresh Fields Centre;Tamworth;B78 3HJ;52.6279871;-1.7175522
GB TY 016;G G Baynes and Son;Marley Cote Walls;Northumberland;NE47 0DQ;54.9262500;-2.0304300
GB TZ 006;Jacksons Ltd;52 Queen Street;Newton Abbot;TQ12 2EW;50.5306838;-3.6072299
GB TZ 017;Penny Lane Foods Ltd;5 Fairfax Road;Newton Abbot;TQ12 6UD;50.5750653;-3.6583129
GB TZ 027;Westaway Sausages Ltd;Rydon Industrial Estate;Newton Abbot;TQ12 3SJ;50.5419880;-3.6009086
GB TZ 029;River Teign Shellfish Ltd;Weeks Linney;Newton Abbot;TQ13 0PA;50.6079346;-3.6056131
GB TZ 035;Paramount 21Ltd;Old Newton Road;Newton Abbot;TQ12 6RA;50.5026869;-3.5878780
GB TZ 042;Orchard Organic Farm;Great Park;Stokeinteignhead;TQ12 4QR;50.2432326;-3.8164402
GB TZ 045;Riverside Poultry Farm;Teignharvey;Newton Abbot;TQ12 4RS;50.5386206;-3.5330562
GB TZ 050;Little and Cull Ltd;7 Battle Road;Newton Abbot;TQ12 6RY;50.5707771;-3.6550484
GB TZ 055;Jaynes Egg;Ryecroft;Newton Abbot;TQ12 5SA;51.4145353;0.3911422
GB TZ 057;Devon Choice Foods Ltd;9/10 Rydon Industrial Estate;Kingsteignton;TQ12 3SJ;50.5419880;-3.6009086
GB TZ 058;Happy Butter Ltd;Unit 2 Level 3;Buckfastleigh;TQ11 0NR;51.7767470;-1.4871503
GB TZ 060;Oak Tree Eggs;Oak Tree Cottage;Chudleigh;TQ13 0BN;52.2021594;-1.5463954
GB TZ 061;Nutri-Link Limited;Unit 24;Newton Abbot;TQ12 4SG;50.5333597;-3.6157170
GB TZ 062;Shepherd Shack;Unit 6 & 7;Dawlish;EX7 0NH;50.5993773;-3.4464010
GB TZ 063;RD Johns Limited;5 Ugbrooke Business Park;Kingsteignton;TQ12 3RX;50.5695500;-3.6009000
GB TZ 064;Westcountry Food Service;Unit 1 – 3;Kingsteignton;TQ12 3RX;50.5346725;-3.6052722
GB UK-07-205;James and Margaret Baxter;Glenhead of Aldouran;Stranraer;DF9 0RJ;54.7023545;-3.2765753
GB UK-7-019;Farmlay Eggs;West Cockmuir;Fraserburgh;AB43 6RQ;57.5911000;-2.0217600
GB UK-7-030;F & A Younger;Old Leckie Farm;Stirling;FK8 3BN;56.1261500;-4.1053600
GB UK-7-036;Duncan Farms Ltd;Muirden Farm;;AB53 4NH;57.5679200;-2.4930700
GB UK-7-037;Croft Eggs;The Croft;Penicuik;EH26 8PP;51.6511546;-0.2086710
GB UK-7-102;Barfil Farming Partnership;;Dumfries;DG2 8RW;55.0691831;-3.6106856
GB UK-7-142;J & E Aitken;Overton Farm;Glasgow;G63 0YH;51.0530367;-3.0480014
GB UK-7-146;Corra Eggs Ltd;Corra Farm;Kirkcudbrightshire;DG7 1NG;54.9321600;-3.9028200
GB UK-7-172;Woodside Arran CIC;Woodside;Isle of Arran;KA27 8RP;51.4253653;-0.2046567
GB UK-7-173B;Mitchells of Castle Douglas;Unit 8;Castle Douglas;DG7 2LH;54.9465113;-3.9424471
GB UK-7-175;Glenrath Egg Products;Millennium Poultry Farm;Peebles;EH45 8FF;55.7637800;-3.2111700
GB UK-7-180;Elrig Eggs Ltd;Elrig Farm;Port William;DG8 9RB;54.7982900;-4.6055500
GB UK-7-185;Ramstane Farm;Kilmaurs;;KA3 2PB;55.6443857;-4.5800404
GB UK-7-187;Hensington Palace (Shetland) Limited;6 Stackhoull;Shetland;ZE2 9RN;60.4364648;-1.3630087
GB UK-7-214;W Bone;Upper Dullarg Farm;;DG7 3QR;55.0566000;-4.0656600
GB UK-7-221;Suie Fields;Standingstone farm;;DG7 1RF;54.8239893;-3.9147629
GB UK-7-232;H.A. Sanderson;Upper Senwick Farm;Kirkudbright;DG6 4TR;54.7879036;-4.1040776
GB UK-7-233;East Mosside Farm;Sidehead Terrace;Hurlford;KA1 5JR;55.5595619;-4.4425217
GB UK-7-293;Leetside Farm;Leetside Farm;Duns;TD11 3NE;55.7499600;-2.1944100
GB UK-7-323;L & S Gifford;Grindischool;Shetland;ZE2 9ER;60.1377580;-1.1134178
GB UK-7-361;W R Brown & Son;Bonnington Farm;Scottish Borders;EH45 9JG;55.6326300;-3.1780500
GB UK-7-371;JA & JC Beaton;Hillhead of Barra;;AB51 0JR;57.3136900;-2.3435700
GB UK-7-398;Border Eggs;Hutton Hall Barns Farmhouse;Berwick-upon-Tweed;TD15 1TT;55.7829900;-2.1724300
GB UK-7-448;Auchtralure Eggs;Auchtralure Farm;;DG9 8HU;54.8950000;-5.0350300
GB UK-7-842;James Gammie;Gawns Moss;Alvah;AB45 3BS;57.6223200;-2.6130000
GB UK-7-942;Medwyn Mains Egg Packing Station;Medwyn Mains Farm;West Linton;EH46 7BH;55.7330432;-3.3355835
GB UKYM066;Licio Gelato;Unit 24;Ynys Mon;LL71 8AN;52.5405487;-2.0195369
GB UN 012;George Morris and Son;55-56 Hall Road Norwich Livestock Market;Norwich;NR4 6EQ;52.6020964;1.2880791
GB UN 060;Cheerful Links;1-3 Whiffler Road;Norwich;NR3 2AG;52.6509624;1.2669195
GB UN 070;Chefs Fayre Ltd;Harriet Court;Norwich;NR1 2DG;51.2465354;-0.7564621
GB US 012;Edwards Transport (Shropshire) Limited;Hatton Road;Market Drayton;TF9 2SR;51.4675058;-0.4226663
GB US 021;Maynards Farm Bacon;Hough Farm;Shrewsbury;SY4 5LR;52.8653710;-2.6540099
GB US 026;Pork Farms Ltd;Palethorpes;Market Drayton;TF9 1QS;52.9114189;-2.4838538
GB US 037;Oaklands Farm Eggs Limited;Edstaston;Shrewsbury;SY4 5RF;52.8841733;-2.7200951
GB US 043;Nantwich Cheese Company;OHC Building;Whitchurch;SY13 1TT;52.9656265;-2.6687306
GB US 045;Greenacres Farm;Greenacres Rural Training Centre;Shrewsbury;SY42JA;52.7781700;-2.8186000
GB US 048;David Davies Resources Limited;New House Farm;Shrewsbury;SY50HR;50.9563369;-0.2136517
GB US 051;David Davies Resources Ltd;Wytheford House;Shrewsbury;SY44JJ;52.7672600;-2.6373600
GB US 056;Clun Valley Foods;16-20 The Square;Craven Arms;SY7 8JA;52.4213577;-3.0304585
GB US 061;Wenlock Edge Farm;Edge House;Much Wenlock;TF13 6DU;52.8478067;-1.4041764
GB US 062;TE & SM Powell & Son;Burlton Lane Farm;Shrewsbury;SY43RE;52.8197199;-2.7953199
GB US 067;Treflach Farm;Treflach;Oswestry;SY10 9HX;52.8291797;-3.1007047
GB US 069;Moat Hall Free Range Eggs;Moat Hall;Shrewsbury;SY58AZ;53.3921503;0.1782730
GB US 070;Orchard Valley Foods Ltd;4 Lower Teme Business Park;Tenbury Wells;WR15 8SZ;52.3148700;-2.6054200
GB US 072;I & J Preece & Son;The Wood Farm;Bridgnorth;WV166QU;51.1387799;-0.0550454
GB US 075;DG Wozencraft;The White House;Ludlow;SY8 3DB;51.6338302;-0.2140058
GB US 084;Egg Solutions Limited;Hazledene;Shawbury;SY4 4ET;57.2132312;-2.1417217
GB US 087;B & J Noden;Victoria Farm;Market Drayton;TF9 4BH;52.9152798;-2.4753300
GB US 091;Jamie Wards Traditional Family Butchers Kitchen;Berghill Farm;Oswestry;SY11 4PD;52.8692200;-2.9558100
GB US 092;Ross’s Eggs;Broad View;Market Drayton;TF92SP;53.6793266;-1.5669105
GB US 095;Pentons Haulage Coldstore Warehouse and Premises;School lane;Ruyton XI Towns;SY4 1JT;51.4619167;0.1142188
GB US 097;Americold Whitchurch Ltd;Heathwood Road;Whitchurch;SY13 2HF;51.5883630;-4.0006097
GB US 098;The Little Sausage and Burger Artisan Workshop;The Barn Hill End Farm;Shropshire;SY78BG;52.4824900;-2.8945000
GB US 099;Marks Tasty Tong;Duncow Cottage;Market Drayton;TF9 3DD;52.9033085;-2.4859979
GB US 100;David Davies Resources Ltd;Broom Farm;Shawbury;SY4 4JJ;51.0439882;-3.1785664
GB US 101;Muller Minsterley TM (UK) Production LTD;Station road;Shrewsbury;SY5 0BN;52.6409362;-2.9211273
GB US 102;Oriental Food Express Limited;Unit 8 & 9;Shrewsbury;SY1 3TG;52.7495967;-2.7175895
GB US 104;Cheese Solutions Ltd;Unit 4;Whitchurch;SY13 1TT;51.8540017;-2.6499820
GB US 105;Proper Good Dairy Ltd;Hatton Manor Farm;Church Stretton;SY66QP;52.5069900;-2.7881800
GB US 106;Westry Roberts and Co;Unit 4 & 5;Whitchurch;SY13 1TT;52.9608849;-2.6685444
GB US 107;Culina Logistics;Tern Valley Business Park;Market Drayton;TF93SF;52.9097700;-2.5750400
GB US 108;Bikold Limited;Lingen Road;Ludlow;SY8 1XD;52.3692597;-2.6962956
GB US 109;The Shropshire Boar Company Ltd;Badger Hall;Wolverhampton;WV6 7JR;53.5512125;-0.1792712
GB US 111;PR Brisbourne & Son;Painsbrook Farm;Shrewsbury;SY44BA;52.7866823;-2.7001729
GB US 112;CR & GM Woollam & Son (Agriculture) Ltd;Bryn-Y- Plentyn Farm;Oswestry;SY114LP;52.8536000;-2.9997300
GB US 113;Winsbury Dairy;Winsbury Farm;Montgomery;SY156UG;52.5772199;-3.1134400
GB US 115;J G Ellis & Partners;Bryb Farm;Oswestry;SY109EQ;52.8134671;-3.1356279
GB US 117;Heart of Shropshire Eggs Ltd;Bettonfield Farm;Shrewsbury;SY56HZ;52.6786023;-2.7270453
GB US 118;Griffiths Family Foods Limited;Site E;Shawbury;SY4 4RH;51.5186113;-0.1526158
GB US 119;Shropshire Salumi;Unit 4 Hazel Hollow;Shrewsbury;SY5 7EJ;52.6344200;-2.7900400
GB US 120;Thomas McKnight and Daughters Limited;The Old Yard;Ludlow;SY8 4BS;51.2409372;-0.1064474
GB US 121;Emilys Eggs;Holly Cottage;Whitchurch;SY13 4BW;53.4168670;-2.8923620
GB US 122;Dairy Solutions Ltd;Waymills Industrial Estate;Whitchurch;SY13 1TT;52.9656265;-2.6687306
GB US 125;Lauras;;Shrewsbury;;52.7077550;-2.7540658
GB US 126;The Dairy Door;;Much Wenlock;;52.5955951;-2.5578451
GB US 128;Caviar & Cocktails Limited;Unit 2;Shrewsbury;SY1 3TG;52.7495967;-2.7175895
GB US 129;Good News International Trading Ltd;Unit 1;Shrewsbury;SY1 3JE;52.6795563;-2.4415463
GB US 130;Claybrook Eggs;Claybrook Farm;Church Stretton;SY6 7DP;52.5258899;-2.7452300
GB US 131;Clun Farm Eggs;Belmont Farm;Craven Arms;SY7 8JN;50.9293161;0.1761788
GB US 132;Wyndford Wagyu Ltd;Chadwell Court Farm;Chadwell;TF10 9BG;52.7259900;-2.3209000
GB US 133;Planton Farm Ltd;Planton Court;Ludlow;SY8 3AR;52.3652800;-2.5625200
GB US 134;Eggs 2 Go Ltd;Heal Farms;Shrewsbury;SY4 4ET;52.8092800;-2.6153500
GB US 135;Eggs For You;Haston Cottage;Shrewsbury;SY4 3DJ;52.7844600;-2.7284000
GB US 136;The Family Butchers – Novomes Roni;24 Leg Street;Oswestry;SY11 2NN;52.8593449;-3.0535601
GB US 137;C G Sadd Butchers;Main Road;Shropshire;SY5 7JD;52.6220231;-2.7729139
GB US 138;Gurbetci Doner;Unit 24;Market Drayton;TF9 3AG;52.9000382;-2.5136887
GB US 139;Bolengutti Foods (UK) Ltd;Unit 7;Wem;SY4 5JX;52.8372441;-2.7212109
GB US 140;Stef’s DeIi;Eastern European Stores;Oswestry;SY11 1QG;52.8607667;-3.0528931
GB UT 006;Broad Oak Farm Sausage Co.;Carters Barn;Bishops Stortford;CM22 7LQ;51.4141703;-0.9028821
GB UT 014;Priors Hall Farm;Lindsell;Dunmow;CM6 3QR;54.0348908;-2.8085526
GB UT 026;S.J. Fish t/a Greenways;Camp Farm;Hatfield Heath;CM22 7AA;51.8162600;0.2027700
GB UT 027;The Saffron Ice Cream Company;Wenden Road;Saffron Walden;CB11 4JE;52.0122497;0.2200181
GB UT 028;Marrfish Ltd;Stansted Distribution Centre;Bishops Stortford;CM22 7DG;51.8700500;0.2125000
GB UT 029;Isherwoods Fish Wholesalers;Unit 14;Saffron Walden;CB11 3AU;52.0175908;0.2541355
GB UT 030;IDEL Entertainments & Catering Ltd;Unit 18 M11 Business Link;Stansted;CM24 8QF;54.7023545;-3.2765753
GB UT 032;M.G. Peirson Eggs;Church View Farm Statio Rd;Essex;CM6 2NG;51.9457100;0.3338999
GB UT 033;Protermars Ltd;Unit B2;Saffron Walden;CB11 3SP;52.0085799;0.2410243
GB UT 034;David Turner;Church Farm;Saffron Walden;CB11 4LT;52.0365697;0.1331119
GB UT 036;John Whalley Holdings Egg Packing;Slaters House;Saffron Walden;CB11 3SN;51.9552424;0.2369302
GB UT 037;Royalblue Executive Services;Unit 6020 Taylors End;Stansted Airport;CM24 1RL;51.8779400;0.2434700
GB UT 038;On Air Dining;Air Culinaire Woldwide UK;Stansted;CM24 1RY;51.8824900;0.2210613
GB UT 039;Sparlings Farm;Braintree Road;Dunmow;CM6 3LB;51.8758289;0.4145316
GB UT 040;Fuerst Day Lawson Ltd;The Airfield;Saffron Walden;CB10 1XQ;52.0647937;0.2791550
GB UW 020;Yeo Valley Farms (Productions) Ltd;Rhodyate;Bristol;BS40 7YE;51.3791252;-2.7960005
GB UW 021;Alvis Brothers Ltd;Lye Cross Farm;Bristol;BS40 5RH;51.3574399;-2.7315700
GB UW 024;Trethowans Dairy Limited;Puxton Park;Weston Super Mare;BS24 6AH;51.3599361;-2.8723336
GB UW 025;Abbots Leigh Dairy;Habberfield Park Farm;Bristol;BS8 3RF;51.4683443;-2.6743932
GB UW 026;Wandering Ewe;Failand Hill Farm;Bristol;BS8 3TY;51.4374483;-2.6903322
GB UW 027;Crashing Boar;Failand Hill Farm;Bristol;BS8 3TY;51.4374483;-2.6903322
GB UW 066;Lineage UK Warehousing Ltd;Unit 18 Garonor Way;Portbury;BS20 7XE;51.4840509;-2.7118073
GB UW 069;Somerset Charcuterie Limited;Lower Stock Farm;Langford;BS40 5HT;51.3511000;-2.7714200
GB UW 070;Buxton Pies Ltd;Unit 22 Marsh Lane Trading Estate;Bristol;BS20 0NH;51.4900063;-2.7147648
GB UW 071;Sysco GB;Portbury way;Bristol;BS20 7XN;51.4818872;-2.7200424
GB UW 072;Brodericks Fine Foods;Purn Farm;Weston-Super-Mare;BS24 0AP;51.3095506;-2.9564166
GB UW 074;Alvis Bros Ltd;Lye Cross Farm;Bristol;BS40 5RH;51.3574399;-2.7315700
GB UW 076;Nanona Limited;Nanona Unit;Clevedon;BS21 6QJ;51.4309171;-2.8619692
GB UW 077;Simplepack Ltd;Unit 1 Oldmixon Crescent;North Somerset;BS249AX;51.3273770;-2.9596151
GB VB 001;Hepburns of Mountnessing Ltd;77 Hutton Road;Brentwood;CM15 8JD;51.6296695;0.3254061
GB VB 003;AB Roots;Spring Farm;Ingatestone;CM4 0NP;51.6777200;0.3557600
GB VB 007;N McTurk & Son;Rochetts Farm;South Weald;CM14 5QU;51.6278800;0.2508800
GB VB 008;Upminster Distribution Ltd;Unit 4 Orchard Farm Industrial Estate;Brentwood;CM133EN;51.5721800;0.3157200
GB VD 001;Quay Fresh and Frozen Foods Ltd;Rock Street;New Quay;SA45 9PL;52.2178633;-4.3611051
GB VD 011;Rachels Dairy Ltd;Glanyrafon;Aberystwyth;SY23 3JQ;51.7935657;-3.2083384
GB VD 034;Caws Cymru;Unit 5 Parc Tanygroes;Cardigan;SA43 2JP;52.1260375;-4.4920538
GB VD 039;Holden Farm Dairy;Bwlchwernen Fawr;Lampeter;SA48 8PS;52.1833800;-4.0491100
GB VD 052;Dolwerdd;Food Centre Wales;Llandysul;SA44 4JG;52.0577700;-4.3427200
GB VD 056;Chunkys Ice Cream;c/o Food Centre Wales;Llandydsul;SA44 4JG;52.0577700;-4.3427200
GB VD 064;Teifi Farmhouse Cheese;Glynhynod;Llandysul;SA44 5JY;52.0846053;-4.3750662
GB VD 065;DB & HM Jenkins & Son;Cerrigcaranau Uchaf;Aberystwyth;SY24 5EJ;52.4910000;-4.0130500
GB VD 067;Mor Fresh Cyf;Unit 16-17;Lampeter;SA48 8LT;52.2173336;-3.9393767
GB VD 069;Caws Penhelyg;Penhelyg;Aberystwyth;SY23 4QE;52.3728234;-4.0401732
GB VD 071;Gwarffynnon Cyf;Gwarffynnon;Llanbedr Pont Steffan;SA48 8AP;52.1346800;-4.0877600
GB VD 072;Cardigan Bay Fish;Unit 18;Cardigan;SA43 1EW;52.2093893;-4.3441463
GB VD 075;Bryngaer Goats;Food Centre Wales;Llandysul;SA44 4JG;52.0577700;-4.3427200
GB VD 076;WelshHomestead Smokery;Maesffynnon;Tregaron;SY25 6RD;52.2454326;-4.0615488
GB VD 078;Monarchs;Unit 2;Llandysul;SA44 4JG;52.0526759;-4.3267943
GB VD 079;Arla Foods Ingredients Felinfach Limited;Felinfach;Lampeter;SA48 8AG;51.7912295;-3.8085979
GB VD 080;Dewi James ai gwmni;Unit 23;Cardigan;SA43 3AG;52.2093893;-4.3441463
GB VD 082;Garlic Meadow;Food Centre Wales;Ceredigion;SA44 4JG;52.0577700;-4.3427200
GB VD 085;Donalds Pies Limited;Food Centre Wales;Llandysul;SA44 4JG;52.0577700;-4.3427200
GB VD 087;Norton and Yarrow cheese;Food Centre Wales;Ceredigion;SA444JG;52.0577700;-4.3427200
GB VD 088;Golwg Y Mor;Wauntrefalau;Ceredigion;SA43 2HR;52.1210800;-4.5176800
GB VD 089;Ffynon Wen Farm;Food Centre Wales;Ceredigion;SA44 4JG;52.0577700;-4.3427200
GB VD 100;Food Centre Wales;Horeb Business Park;Llandysul;SA44 4JG;52.0577700;-4.3427200
GB VD081;Cwmni Caws Caerffili Cyf;Food Centre Wales;Ceredigion;SA444JG;52.0577700;-4.3427200
GB VE 022;Hitchens;Crib Farm;Halifax;HX2 6JJ;51.6889334;-3.1057617
GB VE 026;G & A Midgley;Dean House Farm;Halifax;HX2 6TP;53.7384500;-1.9399000
GB VE 031;Cadismoor Ltd;Unit 1b;Todmorden;OL14 6UD;53.6743627;-2.0880537
GB VE 052;Just Jennys;Hazel Slack Farm;Barkisland;HX4 0DU;53.6696900;-1.9269000
GB VE 058;Lockwoods Pies;Unit 9;Halifax;HX1 5PG;53.7576008;-1.8608256
GB VE 059;Total Meat Supplies;Unit 7 & 8 Brow Mills Industrial Estate;Halifax;HX3 8EF;53.7222569;-1.8110422
GB VE 062;Knowle End Farm 143 Ltd;Brearley Mill;Todmorden;OL14 6EF;53.7281800;-2.0526300
GB VE 066;Tubzee Limited;180 Queens Road;Halifax;HX1 4LN;53.8563165;-1.9177352
GB VE 070;East West Catering;East West House;Halifax;HX1 5JE;53.7226100;-1.8794400
GB VE 072;Porcus;Height Top Barn;Todmorden;OL14 7JE;53.7282668;-2.1386881
GB VE 073;Yorkshire Dama Cheese;Unit 12;Sowerby Bridge;HX6 3AE;51.5114786;-0.0662642
GB VE 074;Danish Crown Halifax;Units 8 9 & 10;Mytholmroyd;HX7 5QQ;53.5504590;-2.0887218
GB VE 079;Simply Delish;Unit 15;Halifax;HX1 5QH;53.7576008;-1.8608256
GB VE 080;NP Developments;Unit 1R;Halifax;HX3 6SN;53.7526000;-1.8735700
GB VE 081;Dixons Milk Ices;Unit 2;Brighouse;HD6 2SD;53.7053441;-1.7931254
GB VE 082;J and L Spencer Eggs;City Farm;Calderdale;HX7 8PG;53.7397469;-1.9892698
GB VE 083;T and G Smith;Bradley Mill Farm;Halifax;HX4 8NL;53.6836795;-1.8685175
GB VF 012;Michael I Holdsworth Limited;Greaves Close;Chesterfield;S44 5FB;53.2374085;-1.3310305
GB VF 014;Ready Egg Products Ltd;Markham Lane;Chesterfield;S44 5HS;53.2427651;-1.3291028
GB VF 015;Winster Foods (Derbyshire) Ltd;Unit 4 CSG Business Park;Chesterfield;S40 2LE;53.2314230;-1.4308926
GB VF 017;Derbyshire Pie & Co LLP;Unit 1A;Chesterfield;S43 3BF;53.2664990;-1.3547749
GB VG 013;Tyn y Caia Farm;Sutton Road;Llandow;CF71 7PA;51.4420615;-3.5088485
GB VG 014;Helens Happy Hens;1 Rose Cottage;Cowbridge;CF71 7AJ;51.4654310;-3.4501725
GB VG 015;Penllyn Estate LLP;The Lodge;Cowbridge;CF717FF;51.4658149;-3.4585003
GB VG 016;Meat & Greek Limited;Sully Moors Industrial Estate;Penarth;CF64 2QP;51.4383090;-3.1921168
GB VG 017;Dnata Catering UK Ltd;Cardiff Airport;Rhoose;CF62 3BD;51.3986924;-3.3387060
GB VG 018;Donalds Pies Limited;Unit E5;Cardiff;CF11 8JQ;51.4448666;-3.1986273
GB VH 007;Manning Impex;Manning Impex House;Camberley;GU15 3DF;51.3301100;-0.7662700
GB VH 008;Manning Impex;Affinity Point;Camberley;GU15 3BU;51.3312700;-0.7673300
GB VH 009;Magic Momo;11A Watchmoor Trade Centre;Camberley;GU15 3AJ;51.3278600;-0.7605900
GB VH 010;Platinum Foods Limited;Lucas Green Nurseries;West End;GU24 9LY;51.3328755;-0.6440161
GB VH 011;Limpopo Biltong Ltd;Lucas Green Nursery;West End;GU24 9LY;51.3328755;-0.6440161
GB VK 001;2 Sisters - Cavaghan and Gray;Brunel House;Carlisle;CA1 3NQ;51.5679851;-0.0081446
GB VK 007;Bells Fishmongers Ltd;16 Westmoor Road;Carlisle;CA3 0HD;54.9219806;-2.9556236
GB VK 010;Esk;3A Longtown Industrial Estate;Carlisle;CA6 5TJ;55.0065800;-2.9691200
GB VK 011;Cavaghan & Gray Ltd;Riverbank Site;Carlisle;CA1 3NQ;54.8829877;-2.9085623
GB VK 302;Nestle UK Ltd;Dalston;Carlisle;CA5 7NH;54.8768821;-2.9576861
GB VM 015;Collaroy Farm Eggs;Blanks Lane;Newdigate;RH5 5ED;51.1772715;-0.2637695
GB VM 017;Grays Dairy Ltd;Goldstone Farm;Bookham Leatherhead;KT23 4QR;51.2640500;-0.3742100
GB VN 101;W & F Fish;56-64 Crogsland Road;London;NW1 8AU;51.5447845;-0.1519175
GB VN 201;Lakis Meat Products;61 Fortess Road;London;NW5 1AD;51.5542339;-0.1406007
GB VN 404;Txuleta;Arch 19;London;NW6 2DS;51.5420465;-0.1434675
GB VS 009;Tom Walker & Sons Ltd;Thorpe Leazes Farm;Stockton on Tees;TS21 3HZ;54.6165100;-1.4015200
GB VS 014;Meat Zone Ltd;Unit 1A Wetherby Close;Stockton-On-Tees;TS18 2SL;54.5753690;-1.2883709
GB VS 018;Direct Line Supplies Ltd;77 Sadler Forster Way;Stockton on Tees;TS17 9JY;54.5212026;-1.2913120
GB VW 102;B & J Pert;Lye Grove;Wantage;OX12 9TH;51.6011833;-1.4698774
GB VW 103;Brook Farm;Milton Road;Abingdon;OX14 4EZ;51.6404683;-1.2962326
GB VW 109;The Old Farm Shop;The Old Farm Shop;Steventon;OX13 6AG;51.0949899;0.0906747
GB VW 110;Chiltern Foods;Fordybrook Farm;East Hendred;OX12 8JX;51.5939413;-1.3424112
GB VW 111;Cotswold Farm Services Ltd;VW 111;Stow-on-the-Wold;GL54 1EJ;51.9297060;-1.7186325
GB VY 008;Mumtaz Food PLC;42 Legrams Lane;Bradford;BD7 1ND;53.7917251;-1.7768215
GB VY 020;Medina Foods;83 Park Road;Bradford;BD5 0SG;53.8528405;-1.8348216
GB VY 030;Tropical Ices;Khatija House;Bradford;BD8 7DX;53.8051100;-1.7604300
GB VY 031;Food Innovation Production Centre;Unit 5;Bradford;BD4 9JY;53.7821207;-1.7144363
GB VY 034;Aagrah Shipley Ltd;4 Saltaire Road;Shipley;BD18 3HN;53.8349052;-1.7803898
GB VY 043;W H Anderton & Sons;Unit 19 Bowling Court Industrial Estate;Bradford;BD4 8TT;53.7877000;-1.7250700
GB VY 044;Akbar Balti Restaurant Limited;Sector House;Bradford;BD5 7LJ;53.3203224;-3.8242047
GB VY 046;Rajas Food Ltd;Rebecca Street;Bradford;BD1 2RX;53.7973745;-1.7634997
GB VY 047;M S Halal Meats Ltd;Kanial Building;Keighley;BD21 4AS;53.8734600;-1.8939700
GB VY 051;Crown Foods;Units 1 and 3;Bradford;BD8 8LQ;53.5504590;-2.0887218
GB VY 053;A1 Meat and Poultry Ltd;Mount Street;Bradford;BD3 9SN;53.7908654;-1.7351215
GB VY 055;Asim Foods;78a St Margarets  Road;Bradford;BD7 3AE;53.8442332;-1.6409321
GB VY 061;Sunrise Frozen Bradford Limited;15 Heaton Road;Bradford;BD8 8RA;53.8067991;-1.7762375
GB VY 064;Smokehouse Bradford Ltd;Unit 16 and 17 Bowling Court Industrial Estate;Bradford;BD48TT;53.7877000;-1.7250700
GB VY 065;Pakeezah Gourmet Ltd;Unit 1 Eastwood Street;Bradford;BD4 7DE;53.7860835;-1.7437644
GB VY 067;AF Foods LTD T/A Mylahore Catering;Unit 21B;Bradford;BD8 8LQ;53.8020897;-1.7801722
GB VY 071;Chanaal Poultry;Unit 5 Essex Park Industrial Estate;Bradford;BD47UA;53.7884800;-1.7409100
GB VY 073;CK Foods (Processing) Ltd;ST Dunstans Way;Bradford;BD4 7EG;53.7836314;-1.7480346
GB VY 074;Ahmed Foods Distribution Ltd;Carter Gear Works;Bradford;BD3 8HE;53.7968094;-1.7152384
GB VY 077;Fatimas Samosas Ltd;36 Fairfield Road;Bradford;BD8 8QQ;53.8054115;-1.7793549
GB VY 078;Spicy Delight Ltd;Unit 5;Bradford;BD8 0HR;53.7821207;-1.7144363
GB VY 079;Ranis Frozen Foods Limited;Peace Mills;Bradford;BD5 8ER;53.7740200;-1.7528200
GB VY 108;Lill Brothers;Unit 64 St James Wholesale Market;Bradford;BD4 7PW;53.7897700;-1.7444100
GB VY 109;Daya and Sons;Unit 1 & 9 Thorncliffe Square Industrial Centre;Bradford;BD8 7DD;53.8052700;-1.7620500
GB VY 111;Icestone Supplies Limited;Laisterdyke Kitchens;Bradford;BD3 8DQ;53.7949600;-1.7187100
GB VY 112;Global Foods;Unit 5-6;Bradford;BD4 7HL;51.2898618;-1.1156190
GB VY 113;Bidfood Swithenbanks Bradford;Roydsdale Way;Bradford;BD46SE;53.7554460;-1.7373034
GB VY 115;Mushtaqs Samosas Limited;121 Upper Ruston Road;Bradford;BD3 7LL;53.8054400;-1.7189600
GB VY 116;Northern Ices Ltd;14 Great Russell Court;Bradford;BD7 1JZ;53.7944429;-1.7719508
GB VY 117;NOWCO Yorks Ltd t/a Now Cash and Carry;Unit 5;Bradford;BD8 0HR;53.7821207;-1.7144363
GB VY 118;Lishmans of Ilkley;23-27 Leeds Road;Ilkley;LS27 8DP;53.9292239;-1.8059859
GB VY 201;Norr Fold Farm;Coplowe Lane;Bingley;BD15 0DL;53.8267757;-1.8545688
GB VY 203;Milnerfields Farm;Milner Fields Farm;Bingley;BD16 4QU;53.8423800;-1.8172100
GB VY 204;Allen House Farm;Old Allen Road;Bingley;BD13 3RY;53.8116253;-1.8750820
GB VY 210;Farmers Boy;Cemetery Road;Bradford;BD8 9RU;53.7971081;-1.7921079
GB VY 218;Lyon House Farm;Lyon Road;Keighley;BD20 8UY;53.8989117;-1.9718838
GB VY 223;Headley Hall Farm;Headley Lane;Bradford;BD13 3LY;53.7855678;-1.8523014
GB VY 231;Yaadgaar Bakeries;Acre Mills;Bradford;BD6 1LG;53.7679616;-1.7713534
GB VY 233;Higher Naylor Hill Farm;Black Moor Road;Keighley;BD22 9SU;53.8227547;-1.9401097
GB VY 234;Lubna Foods PLC;164 Garnett Street;Bradford;BD3 9HA;53.7948371;-1.7403451
GB VY 235;P&B (Foods) Ltd;ProLogis Park;Bradford;BD5 8LZ;51.5021235;-0.4463944
GB VY 239;Cha Chai City Ltd;Unit 5;Bradford;BD8 7DD;53.7821207;-1.7144363
GB VY 240;Storage and Distribution Solutions Limited;Unit 4;Bradford;BD5 8EH;53.7821603;-1.7145630
GB VY 243;Rajas Distribution;Unit 11 Whetley Mills;Bradford;BD8 8LQ;53.7990642;-1.7767191
GB VY 245;Dales Dairies;Aireworth Distribution Centre;Keighley;BD21 4DW;53.8724800;-1.8918700
GB VY 247;Malik’s Foods;Cross Lane Mills;Bradford;BD7 3JT;53.7804994;-1.7819735
GB VY 248;Hamnah Foods Ltd;Unit 2;Bradford;BD5 0SG;53.7823802;-1.7149381
GB VY 249;Sakinas Kitchen Ltd;11-Dec;Bradford;BD4 7DS;50.5302652;-3.5910677
GB VY 250;Kebab Xperts;59 Westgate;Bradford;BD1 2RD;53.7954283;-1.7577172
GB VY 251;Eldwick Creamery;24 Wellington Street;Bingley;BD16 2NB;53.8483046;-1.8378018
GB VY 252;Pakistan Catering;115 Beckside Road;Bradford;BD7 2JT;53.7840166;-1.7866732
GB VY 253;First Choice Naturally Ltd;Units 53 to 55;Bradford;BD4 7PW;53.7897700;-1.7444100
GB VY 254;MNS Wholesale Ltd;Unit 3b;Bradford;BD4 9SW;53.8128885;-1.7616019
GB VY 255;Preston Halal Meat;Old Police Station;Bradford;BD7 1JP;52.5123816;-1.9008516
GB VY 256;CK Hanson & Son Ltd;Scholebrook Farm;Bradford;BD4 0RN;53.7767100;-1.6822300
GB VY 257;Jim Clark Poultry Ltd;Tree House Farm;Bradford;BD49JL;53.7824300;-1.7156200
GB VY 259;AS Poultry;Unit 7;Bradford;BD3 9SR;53.9246274;-1.8226016
GB VY 260;D G Pinder & Sons Ltd;Scholebrook Farm;Bradford;BD4 0RN;53.7767100;-1.6822300
GB VY 261;Food Dash;34a Town Gate;Bradford;BD12 9NT;53.7391842;-1.7687863
GB VY 262;Emerald Cheese;Unit 3;Bradford;BD3 9QT;53.7822158;-1.7147407
GB VY 263;Z H Foods;Unit 4;Shipley;BD18 3EA;53.8227710;-1.7741194
GB VY 264;RJ Foods;Unit 2;Bradford;BD1 2BJ;53.7823802;-1.7149381
GB VY 265;Kushiyara Food Ltd;Unit 1;Keighley;BD21 1AR;53.8749997;-1.9064402
GB VY 266;Rani Frozen Samosas Ltd;Peace Mills;Bradford;BD5 8ER;53.7740200;-1.7528200
GB VY 267;Nafees Bakers and Sweets Limited;Unit 1;Bradford;BD8 8LQ;53.7825498;-1.7147818
GB VY 269;WHMS Wholesalers Limited;Tong Street Business Park;Bradford;BD40PY;53.7691427;-1.7035302
GB WA 003;Hebridean Mussels;Shellfish Dispatch Centre;Great Bernera;HS2 9LP;58.2022800;-6.8298300
GB WA 006;Ravenrock Sea Product Ltd;57B Leurbost;Isle of Lewis;HS2 9NS;58.1415853;-6.4517955
GB WA 008;Macduff Shellfish (Scotland) Ltd;Goat Island;Isle of Lewis;HS1 2RS;58.2026400;-6.3830500
GB WA 013;Barratlantic Ltd;Ardveenish;Isle of Barra;HS9 5YA;57.0042000;-7.4201300
GB WA 018;Hebridean Smokehouse Limited;Clachan;;HS6 5HD;57.4707330;-4.1643766
GB WA 034;Kallin Shellfish Ltd;Kallin;Isle of North Uist;HS6 5HY;57.4782310;-7.2051220
GB WA 037;Charles Macleod Ltd (Pudding Manufacturing Unit);Ropework Park;Isle of Lewis;HS1 2LB;58.2154531;-6.3842607
GB WA 045;Stornoway Smokehouse;Shell Street;Isle of Lewis;HS1 2BS;58.2069706;-6.3843098
GB WA 048;Lewis Mussels;Raft on Loch Leurbost NB 377 247;;;54.7023545;-3.2765753
GB WA 049;Uig Lodge Smoked Salmon;Uig Lodge;Isle of Lewis;HS2 9ET;57.5851956;-6.3555806
GB WA 054;MacLeod & MacLeod;45 Westview Terrace;Isle of Lewis;HS1 2HP;58.2160859;-6.3812606
GB WA 056;BASF Pharma (Callanish) Ltd;Breasclete;;HS2 9PS;58.0916500;-6.6076000
GB WA 057;Stellamaris Live Shellfish Limited;Seaweed Factory;Creagorry;HS7 5PG;57.4125897;-7.3343014
GB WA 062;Kilbride Shellfish Ltd;Saltabhaig;Kilbride;HS8 5TS;57.1036600;-7.3345500
GB WA 075;Salar Smokehouse Ltd;6A Uachdar;;HS7 5LY;57.4773742;-7.3435927
GB WA 083;Isle of Barra Oysters;27A Eoligarry;;HS9 5YA;57.0042000;-7.4201300
GB WA 085;Vatisker Eggs;Aldorville;Back;HS2 0JS;58.2739200;-6.2950000
GB WA 086;Beagram Eggs;Drimsdale;;HS8 5RT;57.3119472;-7.3699640
GB WA 087;Edith & Finlays Habost Hens;34 Habost;Isle of Lewis;HS2 0TG;58.4814495;-6.2568825
GB WA 088;Trout Hebrides;Unit 3;South Lochs;HS2 9QB;51.4552063;-0.9732178
GB WA 090;Dallymach Eggs;271 Daliburgh;Western Isles;HS8 5SS;57.1657528;-7.3704056
GB WA 094;5 Nunton;5 Nunton;Western Isles;HS7 5LU;51.0495585;-1.7779231
GB WA 097;Mr Finlay Macleod (Egg Packing Centre);Braemore;Isle of Harris;HS3 3BS;51.5269631;0.5719903
GB WA 098;Hebridean Charcuterie from Coft No 9;2 Westview Terrace;;HS1 2HP;58.2148446;-6.3831216
GB WA 099;Fasgadh Free Range Eggs;Lower Barvas;;HS2 0QY;58.3571070;-6.5133811
GB WA 100;Maggie Smith Eggs;Maranatha;Isle of Lewis;HS2 0HT;50.7091999;-3.5087692
GB WA 102;Freckles Farm Laxay;27A North Beach Street;Isle of Lewis;HS1 2XQ;58.2087109;-6.3889465
GB WA 103;The Thomsons Free Range Eggs;7A Garrabost;Isle of Lewis;HS2 0PN;58.2177758;-6.2196706
GB WA 104;Lewis and Harris Scallops Ltd - RUBY CY 41;Lewis and Harris Scallops Ltd;8A Steinish;HA2 0AA;51.5723399;-0.3505900
GB WB 105;Findlaters Fine Foods;Unit 30, Block H, E-net Park;Linlithgow Bridge;EH49 7SF;55.9811392;-3.6287921
GB WB 111;Youngs Seafood Livingston;Starlaw Park;Livingston;EH54 8SF;55.8926467;-3.5738323
GB WB 114;The Edinburgh Butter Company Limited;Unit 1F, Uphall business park;Broxburn;EH52 5NT;55.9220800;-3.4967000
GB WB 115;Wittakers Family Fishmongers Limited;Unit 14, Napier Square;Livingston;EH54 5DG;55.9114790;-3.4994912
GB WB 202;Food Options (UK) Limited;8 Oakbank Park Place;Livingstone;EH53 0TN;55.8742516;-3.4930181
GB WB 203;GXO Logistics UK Limited;Nettlehill Road;Livingston;EH54 5DL;55.9128257;-3.5196780
GB WB 207;DHL Supply Chain;12 Caputhall Road;Deans;EH54 8AS;55.9018849;-3.5792089
GB WB 208;Vitello Foods Ltd;52 Main Street;West Lothian;EH47 8EL;55.8442454;-3.6434993
GB WB 209;CMW Catering Ltd;Unit 3 Calder Drive-in;East Calder;EH53 0ET;55.8979875;-3.4525740
GB WB 210;Gate Gourmet;19 Brocks Way;Broxburn;EH52 5NB;55.9425977;-3.4522995
GB WB 211;GXO Logistics FST Ltd;Strand Drive;;EH48 2EA;55.8780887;-3.6523808
GB WC 004;Paxton and Whitfield;93 Jermyn Street;London;SW1Y 6JE;51.5088603;-0.1353816
GB WC 007;Buchanans Cheesemonger;5A Porchester Place;London;W2 2BS;51.5148485;-0.1653937
GB WC 009;Caviar de Beluga;4 Medici Courtyard;London;W1S 1BR;51.5137321;-0.1448565
GB WD 014;Castle Maclellan Foods Limited;Riverside;Kirkcudbright;DG6 4DR;54.8396600;-4.0475199
GB WD 022;Loch Arthur Creamery;Beewsing;;DG2 8JQ;55.0037520;-3.7288865
GB WD 023;Marrbury Smokehouse;Whitecairn;Newton Stewart;DG8 6RW;51.2813702;-0.0275652
GB WD 024;Glencree Salmon;Creeside;;DG8 6JY;54.9540600;-4.4810500
GB WD 028;McLelland Cheese Packing Ltd;Commerce Road;;DG9 7DA;54.8959290;-5.0142119
GB WD 029;St James Smokehouse (Scotland) Ltd;Station Road;;DG12 6BB;54.9851016;-3.2627297
GB WD 030;Importo Ltd T/A Locharbriggs Coldstore;Hanger 2, Locharbriggs Cold Store;Locharbriggs;DG1 3PQ;55.0977500;-3.5679200
GB WD 034;Arla Foods UK PLC;Lockerbie Creamery;;DG11 1LW;55.1166800;-3.4117100
GB WD 037 / UK-7-352;P S Poultry;The Beeches;Lockerbie;DG11 3HW;55.7826562;-4.3165213
GB WD 039;Wild Foods Limited;Creeside Industrial Estate;Dumfries & Galloway;DG8 6JY;54.9540600;-4.4810500
GB WD 040;St James Salmon Farms Ltd;Unit 2 Station Yard;Annan;DG12 6BA;54.9446956;-3.9216402
GB WD 048;Barony Country Foods Ltd;Unit 4;Lochmaben;DG11 1RE;55.1186616;-3.4388544
GB WD 056;Thomsons Foodservice;Units 2 and 3, Block 1;Tinwald Downs Road;DG1 3SJ;55.0924900;-3.5764900
GB WD 057;Nith Valley Free Range Eggs Ltd;Newton Wood;Thornhill;DG3 5EA;55.2504339;-3.7285323
GB WD 058;TEC and SJ Wilson;Struanlee;Dumfries;DG1 4QP;55.0548947;-3.5680301
GB WD 060;Erol Catering (UK) Ltd;106 High Street;;DG11 2ES;55.1209402;-3.3556731
GB WD 062 / UK-7-385;Mrs McMyns;Treetops Cottage;New Abbey;DG2 8DG;53.4015028;-0.3195081
GB WD 064;The Kedar Cheese Company;Beyond the Burn;Dumfries;DG1 4LX;55.0341700;-3.4656700
GB WD 066;Finlays Farm Ltd;Rainton;Castle Douglas;DG7 2DR;54.8430200;-4.1814000
GB WD 067;Express Bakery;5 Catherinefield Industrial Estate;Dumfries;DG1 3PQ;55.0977500;-3.5679200
GB WD 069;AA Kenny and Son Shellfish;Dairy Store;Kirkcudbright;DG6 4DR;51.7153764;0.8256222
GB WD 070;McMullan Shellfish;6 Dunbae Farm;;DG9 8LY;54.8789300;-5.0178400
GB WD 071;Drummuir Farm Ice Cream;Clarencefield Road;Dumfries;DG1 4PX;55.0535100;-3.5004500
GB WD 074;The Little Bakery Company Ltd;Downsway Industrial Estate;Dumfries;DG1 3RS;55.0929400;-3.5800900
GB WD 075;TP Niven Ltd;Castle Kennedy Industrial Estate;;DG7 1PQ;54.8924900;-3.8398400
GB WD 102;Rowan Glen Ltd;Palnure;Wigtownshire;DG8 7AX;54.9503552;-4.4079696
GB WD 103;The Caledonian Cheese Company Ltd;Commerce Road;;DG9 7DA;54.8959290;-5.0142119
GB WD 104;Galloway Farmhouse Cheese;Millairies Farm;Newton Stewart;DG8 8AL;54.8058200;-4.4625199
GB WD 110;Galloway Smokehouse;Carsluith;;DG8 7DN;51.1296407;-0.1651281
GB WE 002;Golden Cross Cheese Co.;Holmes Hill;Lewes;BN8 6JA;50.8936805;0.1783162
GB WE 013;Court Lodge Farm;Wartling;Nr;BN27 1RY;50.8586273;0.3543579
GB WE 016;Alsop and Walker;Coles Hall Barns;Mayfield;TN21 6JH;54.7023545;-3.2765753
GB WE 068;Chefs Pantry;Unit 1;Lewes;BN8 6QX;50.8770959;0.0203876
GB WE 069;Zebedees Lunchbox;Unit 5;Lewes;BN8 6BN;50.9510506;-0.0816445
GB WE 080;Speldhurst Quality Foods Ltd;Danegate;Tunbridge Wells;TN3 9JA;51.0767987;0.2302806
GB WE 096;The Pished Fish;Claverham Manor;East Sussex;BN26 6TL;50.8609500;0.1822000
GB WE 097;Pevensey Cheese Company Limited;Hockham Farm House;Wartling;BN274UT;50.8845000;0.3560800
GB WE 098;The Traditional Cheese Dairy;Burnt House Farm;Waldron;TN21 0PG;53.7188982;-2.0868926
GB WE 099;Ki Kefir;Bates Green Farm;Arlington;BN26 6SH;50.8479100;0.2049400
GB WE 102;Park Farm;Martins Wood Farm;Ripe;BN8 6AR;50.8757300;0.1504400
GB WE 108;The Old Dairy;Sliders Lane;Danehill;TN22 3RT;51.0153813;0.0031082
GB WE 109;Lynnes Organic Farm;Limekiln Forest Road;Rotherfield;TN3 9LQ;51.0670902;0.2009207
GB WE 110;Orchard Eggs;Brambletye Fruit Farm;Forest Row;RH185EH;51.1010594;0.0218054
GB WE 111;Hale Farm Hale Green;Chiddingly;Lewes;BN8 6HQ;50.9083566;0.2142221
GB WE 112;Bridges Farm Eggs;Gun Hill Poultry Farm;Heathfield;TN21 0LA;50.9055314;0.2289825
GB WE 130;Living Planet Distribution;Unit 1 Riverside;Uckfield;TN22 1QQ;53.1199374;-1.5632354
GB WE 131;Beals Farm Charcuterie;Unit 9;Eridge;TN3 9JA;51.0983381;0.2228339
GB WE 132;Buds Farm;Buds Farm;Mayfield;TN20 6LJ;51.0100399;0.2167200
GB WE 134;Masons Meat Ltd;Units 7 & 8;Crowborough;TN6 2EB;51.0467086;0.1890858
GB WF 011;Delenco Foods Ltd;Units 6 - 8;Leyton;E10 7NQ;51.5700874;-0.0408368
GB WF 014;Nisas Home Made Recipes Ltd;Unit 4 5 & 6;Leyton;E10 7BT;52.5274800;-2.0219754
GB WF 020;Carns Ltd;162a Midland Road;Leyton;E10 6JT;51.5694722;-0.0066753
GB WF 021;Frozen Fast Food Ltd;Units 7 9 & 11;Leyton;E10 7FB;51.3640970;1.1068236
GB WF 023;Peppers & Spice Restaurants Ltd;Unit 26;Leyton;E10 7QZ;51.5806772;-0.0322552
GB WF 025;Moonlight Events & Lola Frozen Food Ltd;Units 23 & 24 Cromwell Industrial Estate;London;E10 7QZ;51.5694952;-0.0383644
GB WF 030;Nemat Foods Ltd;22 Cromwell Estate;Leyton;E10 7PY;51.5683712;-0.0380945
GB WF 032;Guangyuyuan Ltd;Unit 2;Leyton;E10 7QY;51.5805963;-0.0326170
GB WF 037;Plush Port Co;Unit 1A;Leytonstone;E11 1ED;51.5680149;0.0079587
GB WF 042;Harvest Seafoods;Unit 3;London;E10 7BT;51.5482296;0.0031227
GB WF 045;Bigbe Foodie Ltd;Unit T8;Leyton;E10 7QP;51.5709700;-0.0429300
GB WF 046;Zuppe Ltd;Unit T 5;Leyton;E10 7QP;51.5709700;-0.0429300
GB WF 047;Gourmet Supplies Ltd;Unit A03 Leyton Industrial Village;London;E10 7QP;51.5709700;-0.0429300
GB WF 051;A B Halal Ltd;Unit 4 & 33;London;E10 7QZ;51.7767243;-1.4825695
GB WF 052;5 Star Distribution Ltd;Unit 2B(1);London;E17 5QJ;51.5929611;-0.0417123
GB WF 053;Cheerful Links (London) Ltd;Unit 10-14 Lea Valley Business Park;London;E10 7QT;51.5656301;-0.0358188
GB WF 054;Zaara Catering;Unit 12;London;E11 1HD;51.5114786;-0.0662642
GB WF 056;Wanis Limited;Golden House;London;E107FE;51.5121844;-0.1363490
GB WF 058;Perfect Cuisine Foods UK Ltd;Unit 10 Leyton Business Centre;London;E10 7BT;51.5644174;-0.0224459
GB WF 059;Foodie Zheng Ltd;Unit B07;Leyton;E10 7QP;51.5709700;-0.0429300
GB WF 060;Crowbond Groceries Ltd;Unit 6 - 8;London;E17 6DS;51.3459971;1.3868911
GB WF 061;D C I & E Food Ltd;Unit 5;London;E10 7FE;51.5114367;-0.0654869
GB WF 062;Le China Ltd;17 Rigg Approach;London;E10 7QN;51.5665777;-0.0387489
GB WF 064;Like Home - Ming Jia Ltd;Unit 18;London;E10 7BT;51.4763296;-0.2000733
GB WF 065;Provisions Wine & Cheese;Unit 25;London;E10 7BT;51.4292125;-0.1654090
GB WF 066;Kim Son Limited;Unit 4;Leyton;E10 7JN;51.5805518;-0.0325972
GB WF 067;Hollyfields Farm Fresh Eggs Ltd;Unit 3;London;E4 8SU;51.5837852;-0.0638297
GB WG 007;Waterfields (Leigh) Ltd.;Manchester Road;Leigh;WN7 2LX;53.4951591;-2.4947692
GB WG 024;New World Foods (Europe) Ltd;Leigh Street;Wigan;WN1 3BE;53.5429821;-2.6206980
GB WG 025;F King (Wigan) Ltd;Princess Street;Wigan;WN3 4HW;53.5412208;-2.6316700
GB WG 032;BLS Foods Ltd (t/a BLS Foods);Units 3 7 & 8 Hemfield Court;Wigan;WN2 2ER;53.5461600;-2.5869800
GB WG 033;Nutrisport;Great George Street;Wigan;WN3 4DL;53.5447321;-2.6384753
GB WG 035;Food-Pro Manufacturing Ltd;Chapel Lane;Wigan;WN3 5DQ;53.5390077;-2.6324022
GB WG 045;Breck Casings Ltd;Stephens Way;Wigan;WN3 6PH;53.5328518;-2.6577907
GB WG 047;Quick Products;Stephens Way;Wigan;WN3 6PH;53.5328518;-2.6577907
GB WG 053;Seddon Foods Ltd;Unit 6B Haselmere Industrial Estate;Wigan;WN4 0BZ;53.5118019;-2.6491836
GB WG 054;GRS Ltd;10B Miry Lane Industrial Estate;Wigan;WN6 7TG;53.5465400;-2.6473200
GB WG 057;H J Heinz Manufacturing UK Ltd;Walthew House Lane;Wigan;WN5 0JL;53.5507286;-2.6847969
GB WG 058;Galloways Bakers Ltd;3 Wood Street;Wigan;WN34ET;53.4755978;-2.5965098
GB WG 059;Taylors Confectioners Ltd;Hill Street;Leigh;WN7 4DT;53.4959002;-2.5247835
GB WG 061;R J Taylor (Northwest) Ltd;Cheetham House Farm;Wigan;WN25XP;53.5033400;-2.5791700
GB WG 062;Magnavale Warrington Limited;Yew Tree Way;Warrington;WA33JD;53.4694877;-2.5882776
GB WG 065;Newburgh Foods Ltd;11a;Wigan;WA3 3AP;53.4767138;-2.5824184
GB WG 066;Soho Flordis UK Limited;1 Botanic Court;Wigan;WN50JZ;54.5821216;-5.9291649
GB WG 067;Vivatinell Limited;Unit 138;Wigan;WN6 0XG;53.5902674;-2.6557235
GB WG 069;Newburgh Foods Limited;Miry Lane;Wigan;WN6 7TG;53.5462666;-2.6468407
GB WG 070;SeaFresh;Unit A12;Leigh;WN7 3PT;53.4796213;-2.5468659
GB WG 071;Greencore;Unit 16;Golborne;WA3 3AD;53.4704239;-2.5958061
GB WG 072;Johnson’s Free Range Eggs;Walkers Lower Farm;Wigan;WN2 1YL;53.5714997;-2.5806148
GB WG 074;Sysco GB;Unit A3;Wigan;WN4 8DE;53.4886445;-2.6382186
GB WH 010;Stickleback Fish Company Ltd;Unit 1-2 Apex Point;Hatfield;AL9 7HB;51.7404901;-0.2170014
GB WH 012;XPO Transport Solutions Ltd;Building 4000;Hatfield;AL10 9US;51.7692219;-0.2393668
GB WH 014;Greencore;Target Point;Hatfield;AL10 9TR;51.7720573;-0.2499707
GB WI 014;The Smokery;HMP Prison;Millom;LA18 4NA;51.4809274;-2.5922972
GB WI 017;R B Woodall (Waberthwaite);Lane End;Cumbria;LA19 5YJ;51.3258538;-1.0515080
GB WI 019;Fisher Free Range Eggs;Mowbray Farm;Frizington;CA26 3QU;54.5377522;-3.4899004
GB WI 022;Whitehaven Fishermens Cooperative Limited;Old North Wall;Whitehaven;CA287XY;54.5525456;-3.5872935
GB WI 023;Bleawath Farm;Gosforth Road;Cumbria;LA20 1HJ;54.3985142;-3.4766371
GB WK 001;Village Maid Cheese Ltd;;Reading;;51.4564242;-0.9700664
GB WK 002;TS Findlay & Partners;Stokes Farm;Wokingham;RG40 5PR;51.4213937;-0.8099279
GB WK 005;South England Pastries;Woods Farm;Wokingham;RG40 3AE;52.1926108;-3.1435724
GB WK 006;Pulleyn Transport Limited;Three Mile Cross;Reading;RG7 1HB;51.4076353;-0.9652688
GB WK 007;Sysco GB;Unit 24;Earley;RG6 1AZ;51.4429901;-0.9335713
GB WL 003;GJ Simmons & Sons Ltd;Unit 7;Walsall;WS2 8TL;52.5753753;-2.0165064
GB WL 006;Midland Chilled Foods Limited;Stringes Lane;Willenhall;WV13 1LX;52.5905560;-2.0444292
GB WL 009;Lawrence Meats;Unit 6;Walsall;WS2 7LZ;52.5753753;-2.0165064
GB WL 010;ACE Pub Supplies/Black Country Snacks;Unit 4;Walsall;WS2 7NQ;52.5841953;-1.9915136
GB WL 013;AE Poxon & Sons Ltd;Unit 12;Brownhills;WS8 6EF;52.6341457;-1.9289191
GB WL 014;Chicken Joes;Empire Industrial Estate;Walsall;WS9 8AU;52.6086125;-1.9214455
GB WL 016;Tican Chilled;Stockton Close;Walsall;WS2 8LH;52.5961050;-1.9923064
GB WL 017;Potters Pork Products;Unit 3;Walsall;WS2 7PB;52.5841959;-1.9913993
GB WL 021;Madni Food Products Limited;Unit 1;Walsall;WS2 9EP;52.5839213;-1.9881030
GB WL 023;Ross Fish;Bray Street;Willenhall;WV13 1QY;52.5862987;-2.0485731
GB WL 025;Best Foods Midlands Ltd;Unit 5a;Brownhills;WS8 6JZ;52.6341457;-1.9289191
GB WL 026;Timezone Foods Ltd;Units 64 & 65 Morgan Close;Walsall;WV12 4LH;52.5944287;-2.0491531
GB WL 028;Quality Bites Ltd;Unit 4-5 Redhouse Industrial Estate;Walsall;WS9 8EA;52.6023100;-1.9406300
GB WL 034;MFS Seafood Limited;Unit 39;Walsall;WS2 9HQ;52.5753753;-2.0165064
GB WL 035;Muller Milk and Ingredients;Ashmore Lake Wzay;Willenhall;WV124LF;52.5947926;-2.0465034
GB WL 036;A E Poxon & Sons Ltd;27 High street;Walsall;WS86EF;52.6482167;-1.9348504
GB WL 037;Little Bobby Jebb Foods Ltd;Unit 2-3;Bloxwich;WS2 7LZ;52.6056592;-2.0136174
GB WL 038;Euro Foods Group Limited;Heath Road;Wednesbury;WS10 8XL;51.4690445;-0.1454249
GB WL 039;Ekofrost;58-76 Brickyard Road;Walsall;WS9 8UQ;52.6166573;-1.9311341
GB WL 040;Makkah Foods Europe Ltd;Unit 1;Walsall;WS2 9JZ;52.5839213;-1.9881030
GB WL 043;Nedal Food Products Ltd;Unit 5;Walsall;WS2 9EP;52.5841160;-1.9916645
GB WL 044;Unity Distribution Ltd;Unit 10A;Walsall;WS2 9HQ;52.5720001;-2.0197021
GB WM 002;T & G Wholesale Meats Ltd;Unit H3;Ascot;SL5 9ED;51.1543699;-2.9858939
GB WN 057;Blue Mountain Foods Ltd;Shaw House;Wolverhampton;WV10 9LE;51.5008795;0.0643078
GB WN 059;Quick Foods Ltd;Cross Street North;Wolverhampton;WV1 1PP;52.5948322;-2.1242153
GB WN 063;E & N Foods;Pearson Street;Wolverhampton;WV2 4HP;52.5770555;-2.1291309
GB WN 066;A.I.B Foods Ltd;Unit 3-5;Wolverhampton;WV10 0PG;52.5926290;-2.1083228
GB WN 070;Town & Country Meats Group Ltd;Units 11 13 - 16 & 23;Wolverhampton;WV2 2QJ;52.5791236;-2.1078950
GB WN 074;Gills Meat Products Limited;Units 12-14 Union Street;Wolverhampton;WV14 0QL;52.5605043;-2.0885057
GB WN 077;New Cross Hospital;CPU Building 6;Wolverhampton;WV10 0PQ;54.7023545;-3.2765753
GB WN 078;Newstar Poultry Limited;Unit 7;Wolverhampton;WV14 7DW;52.5723748;-2.0506581
GB WN 079;Pak Kashmir Catering Supplies;Unit 3;Wolverhampton;WV10 9XA;52.5926290;-2.1083228
GB WN 080;Empire Snack Company Ltd;Unit D;Wolverhampton;WV1 3QS;51.7759412;-1.4871848
GB WN 081;Little Dessert Shop;125A Gorsebrook Road;Wolverhampton;WV10 6JD;52.6022047;-2.1311847
GB WN 084;Salisbury Poultry Limited;Dale Street;Wolverhampton;WV14 7JU;52.5652712;-2.0594661
GB WN 085;Real Meat Store;Unit 9;Wolverhampton;WV10 6RT;52.5926290;-2.1083228
GB WN 086;Constellation Cold Logistics UK Limited;Challenge Way;Wolverhampton;WV10 9QD;52.6022275;-2.1162415
GB WN 087;Jayjay Nuga Enterprise;Unit 39;Wolverhampton;WV2 2HX;52.5657596;-2.1215069
GB WN 088;Clive Cowern Chill Transport Ltd;Park Lane;Wolverhampton;WV10 9QD;52.6025400;-2.1159260
GB WO 003;Bennetts Foods (Worcestershire) Ltd;Manor Farm;Worcester;WR2 4BT;52.1150370;-1.9600029
GB WO 005;Bennetts Farm;Manor Farm;Worcester;WR24BS;52.1150370;-1.9600029
GB WP 003 FE;Weyfish Ltd;Unit 6;Portland;DT5 1FD;50.5661492;-2.4529720
GB WP 004;Portland Shellfish Ltd;Portland Port Business Centre;Portland;DT5 1PA;50.5677000;-2.4289100
GB WQ 101;Apetito Group Ready Meals;Ready Meal Division;Trowbridge;BA14 8RJ;51.3294900;-2.2049100
GB WQ 103;Lyons Seafoods (Warminster);Fairfield House;Warminster;BA12 9DA;51.3739295;-0.0919775
GB WQ 104;Lyons Seafoods (Codford);Chitterne Road;Warminster;BA12 0LY;51.1604559;-2.0418503
GB WQ 106;N H Case Ltd;Newopaul Way;Warminster;BA12 8RY;51.2133787;-2.1900718
GB WQ 107;Savencia Fromage & Dairy UK Ltd;The Ham;Westbury;BA13 4HA;51.2707386;-2.1979910
GB WQ 108;Arla Foods Westbury;4 Stephenson Road;Westbury;BA13 4WD;51.2694673;-2.2074123
GB WQ 110;Paxcroft Farm Eggs;Paxcroft Farm;Trowbridge;BA14 6JB;51.3327392;-2.1683106
GB WQ 113;Triple Eight Supplies Ltd;Kingdom Avenue;Westbury;BA13 4WE;51.2704505;-2.2072330
GB WQ 116;A & M Walker;Home Farm;Bradford on Avon;BA15 2RS;51.3757929;-2.2415243
GB WQ 117;P Vowles;Blueridge Farm;Westbury;BA13 4LA;51.2822500;-2.1987899
GB WQ 118;Matthew MacDonald;New MacDonald Farm;Corsham;SN13 8DG;51.4022590;-2.2588643
GB WQ 202;Brinkworth Dairy;Hill End Farm;Brinkworth;SN15 5AZ;51.5553939;-1.9910960
GB WQ 204;Stonegate Farms Ltd;The Sidings;Chippenham;SN15 2ND;51.4720747;-2.4834417
GB WQ 207;Par Foods Ltd;Unit 2;Calne;SN11 9BW;51.4360422;-2.0065346
GB WQ 208;Coombe Castle International Ltd;The Creamery;Melksham;SN12 8FH;54.1757953;-6.3419183
GB WQ 213;Southview Farm Free Range Eggs;Southview Cottage;Corsham;SN13 8JJ;51.3826055;-2.5862679
GB WQ 214;Rupert Turner;Avien;Trowbridge;BA14 9LE;51.3151700;-2.2537800
GB WQ 215;The Lacock Dairy Ltd;Selves Farm;Lacock;SN15 2PN;51.4024500;-2.1003100
GB WQ 224;Trowle Farm;Trowbridge Road;Trowbridge;BA14 9LE;51.5082531;-3.1050352
GB WQ 305;Travelling Chicken Organic Eggs;Horton House;Devizes;SN10 3LX;52.1082514;-1.9879403
GB WQ 307;Sherston Free Range Eggs;Home Farm;Tetbury;GL8 8QY;51.5932071;-2.2368365
GB WQ 401;Premier Fish Ltd;Unit 2;Salisbury;SP5 3RA;51.0628484;-1.7783158
GB WQ 406;Rosary Goats Cheese;Partridge Hill;Salisbury;SP5 2BB;50.9728384;-1.6104432
GB WQ 409;Lyburn Farm Cheesemakers;Lyburn Road;Salisbury;SP5 2DN;50.9675222;-1.6600734
GB WQ 413;Red House Foods Ltd;Stockport Park;Salisbury;SP4 7LN;53.4047169;-2.1903057
GB WQ 422;GE Street & Son;Berwick Hill Farm;Salisbury;SP3 4TS;51.1508500;-1.8990700
GB WQ 423;Chalke Valley Eggs;Slate House;Salisbury;SP5 9LJ;53.4398807;-0.4725643
GB WQ 425;Bidvest 3663;Batten Road;Salisbury;SP5 3HY;50.9960234;-1.7563844
GB WQ 426;La Chasse Ltd;The Warehouse;Warminster;BA12 6NZ;53.7584391;-2.6951861
GB WQ 428;Kenneth Spencer Ltd;St Martins Farm;Warminster;BA12 6NZ;50.8481159;-0.7732420
GB WQ 429;Muller Milk and Ingredients;Solar Way;Amesbury;SP4 7SZ;51.1751859;-1.7499256
GB WQ 430;Pythouse Organics;Pythouse Farm;Salisbury;SP3 6PA;51.0560199;-2.1305600
GB WQ 433;Fowle Play;Charlton Manor;Pewsey;SN9 6EU;51.3047709;-1.8366417
GB WQ 434;Purton House Organics;Purton House;Purton;SN5 4EB;51.5833255;-1.8592070
GB WQ 435;Lucky 8 Foods (Ruskim Seafoods Ltd);Unit 2b;Warminster;BA12 8RY;51.2203889;-2.1895525
GB WQ 436;Mere Trout Ltd;Ivy Mead;Warminster;BA12 6EN;51.0904131;-2.2631215
GB WQ 438;Model Farm Eggs Limited;Nables Farm;Chippenham;SN15 5HP;51.5438895;-2.0517291
GB WQ 439;Tom Parker Creamery;Unit 8;Mildenhall;SN8 2FR;51.5962357;-1.7897657
GB WQ 440;Till Valley Eggs;2 Downs Way;Salisbury;SP3 4TH;51.5381648;-1.7261012
GB WQ 441;Mr R Jeans;1 Overway;Shaftesbury;SP7 9LH;51.0138550;-2.1195517
GB WQ 442;Horton House Farm Ltd;Horton house;Horton Devizes;SN10 3LX;52.1082514;-1.9879403
GB WQ 445;Figsbury Fresh Free Range Eggs;Mill Lane Farm;Firsdown;SP4 6DT;52.5754142;-1.1549590
GB WQ 448;September House Smallholding;Broadslade House;Warminster;BA12 7LY;51.1752343;-2.2747039
GB WQ 449;J S Noad & Sons Woodhouse Farm;98 The Strand;Trowbridge;BA14 6LL;51.3365365;-2.1204155
GB WQ 450;Bybrook Dairy Products;Lidbrook Barn;Corsham;SN13 8PT;51.4288800;-2.2446300
GB WQ 452;John Martin;Nunton Farm;Salisbury;SP5 4HY;51.0343200;-1.7803800
GB WQ 453;Premier Smokehouse;New Court Dairy;Downton;SP5 3JE;51.0010900;-1.7715800
GB WQ 454;Swerdna Coldstores Ltd;Chitterne Road;Warminster;BA120LY;51.1604559;-2.0418503
GB WQ 455;Lode Star Trading Company Ltd;Unit 41;Royal Wootton Bassett;SN4 7DB;52.6433639;1.2154717
GB WQ 456;Decisions Decisions;23 Lypiatt Road;Corsham;SN13 9JD;51.4249415;-2.1855957
GB WQ 457;PT Hosier & Son;Wexcombe Farmhouse;Marlborough;SN8 3SQ;51.3299400;-1.6089400
GB WR 004;Greencore Warrington;20 Grosvenor Grange;Warrington;WA1 4SF;53.4062958;-2.5462111
GB WR 021;Sysco GB;Unit 3;Warrington;WA5 4AH;53.3933080;-2.6668088
GB WR 022;Abbey Eggs;Brook Head Farm;Warrington;WA5 4BZ;53.4243682;-2.6451848
GB WR 025;The Hut Group;Omega Business PArk;Warrington;WA5 3RN;53.4053157;-2.6466214
GB WR 027;Coffee House;Unit 4 Taurus Park;Warrington;WA5 7ZT;53.4186276;-2.6233026
GB WR 028;Sykes Seafood Ltd;Unit 1;Warrington;WA5 3ZL;53.3933334;-2.6670345
GB WR 029;Tatry Trade Limited;Unit 9;Warrington;WA5 0JU;53.3977929;-2.6089264
GB WR 030;Fuel Hub Ltd;;Warrington;;53.3899497;-2.5943178
GB WR 031;Golds Ice Cream Ltd;2 Mercer Street;Warrington;WA5 4JJ;53.4296384;-2.6611503
GB WR 032;The Chefs Savoury Company Ltd;;Warrington;;53.3899497;-2.5943178
GB WR 033;We Need Good Food Company Limited;3 Clarendon Court;Warrington;WA2 8QP;53.4213047;-2.6065571
GB WS 003;Styles Farmhouse Ice Cream;Wibble Business Park;Taunton;TA4 4DD;51.1671900;-3.2867600
GB WS 020;Greenfields Free range Produce;The Old Stone Barn;Taunton;TA4 3QL;52.3675535;-0.4650686
GB WS 022;Porlock Bay Oysters;8 Harbour Studios;Porlock Weir;TA24 8NP;51.2092811;-3.5990069
GB WT 007;Master Gourmet Meats;Unit 6;Watford;WD18 8XU;51.6499068;-0.4139302
GB WT 008;Hert Estates Limited;Unit 5a;Watford;WD18 0FF;51.5727084;-0.3243981
GB WT 009;UK Demes Ltd;Unit 6;Watford;WD24 7UB;51.6499068;-0.4139302
GB WT 010;Hert Estates Limited;Unit 5A;Watford;WD18 0FF;51.5727084;-0.3243981
GB WU 011;Jaeger Casings;;Wellingborough;;52.3018900;-0.6937309
GB WU 022;Barratt Foods;Unit 124 & 125;Wellingborough;NN8 1RT;52.3003861;-0.6697166
GB WU 023;Station Farm;Finedon Station Road;Wellinborough;NN9 5NX;52.3476202;-0.6885295
GB WU 024;Cooked Meat Co Ltd;3 Stanton Close;Wellingborough;NN8 4HN;52.3208267;-0.6880133
GB WU 027;Joans Fresh Eggs;45 Millers Park;Wellingborough;NN82NQ;52.2848591;-0.6951445
GB WU 028;Abbey Farm;Wellingborough Road;Wellingborough;NN297PY;52.3176158;-0.6690887
GB WU 031;Billington Foods Ltd;39-44 Davy Close;Wellingborough;NN8 6XX;52.3087448;-0.7362877
GB WU 032;Billington Foods Ltd;2-4 Darby Close;Wellingborough;NN8 6GS;52.3055825;-0.7375980
GB WU 033;GXO Logistics UK Limited;1-5 Claudius Way;Wellingborough;NN8 2DH;52.2896228;-0.6640279
GB WU 035;Thai Tana Ltd;Unit 3;Kettering;NN14 1EZ;52.4128279;-0.7689902
GB WU 036;H K Dim Sum;Units F & G;Corby;NN17 4LT;52.5041600;-0.6823800
GB WU 037;Blue Skies (UK) Limited;Unit 3;Corby;NN18 9EY;52.4902176;-0.7046686
GB WU 039;Booker Retailer Partners;Booth Drive;Wellingborough;NN8 6GR;52.3032913;-0.7338354
GB WV 005;Sun Valley Foods Limited;Balliol Business Park;Wolverhampton;WV9 5EU;52.6265500;-2.1634800
GB WV 010;Easy Fill Casings;Unit 5 Amptronic Trading Estate;Wombourne;WV5 8AP;52.5206888;-2.2088262
GB WV 011;Ridgeway foods Limited;Seisdon Packing Unit;Seisdon;WV6 7EL;52.5585600;-2.2562300
GB WV 012;Nobel Foods Cannock;Church Farm;Hatherton;WS11 1RR;52.6893699;-2.0637500
GB WV 020;Quantum Foods Ltd;Unit 15;Stafford;WV10 7DZ;52.6577752;-2.1203645
GB WV 021;Lower Farm (Bednall) Limited;Long Meadow;Bednall;ST17 0SF;52.7571956;-2.0618553
GB WV 022;Oliver Kay Produce;Unit 4;Four Ashes;WV10 7DZ;52.6809913;-2.1619248
GB WV 023;Egg Sisters Ltd;Edgelands Farm;Stafford;ST19 5QN;52.7247200;-2.1979500
GB WV 024;Fast Track Food Ltd;Hollies Farm;Shareshill;WV10 7LU;52.9456990;-1.3704419
GB WX 006;The Village Bakery Wrexham Ltd;Ruthin Road;Wrexham;LL11 3RD;53.0600804;-3.0808190
GB WX 010;Rowan Foods (A Division of Oscar Mayer Ltd);Ash Road South;Wrexham;LL13 9UG;53.0434604;-2.9247700
GB WX 015;Roberts Country Fayre;Units F9-F10;Wrexham;LL14 4EG;53.0262200;-3.0238500
GB WX 017;Chirk Trout Farm & Smokery;Chirk;Wrexham;LL14 5BL;52.9314300;-3.0967400
GB WX 019;Armon Ltd;Unit 34;Wrexham;LL13 3RD;51.6152385;0.2197214
GB WX 021;Knolton Farmhouse Cheese;Oswestry Road;Wrexham;LL13 0LG;52.9581794;-2.9491227
GB WX 022;Ash Manor Cheese Company Ltd;Units 57 58 59 & 63;Wrexham;LL13 9XN;53.0396785;-2.9343975
GB WX 026;Woodlands Ice Cream;Asney Park Farm;Wrexham;LL13 0DS;52.9789800;-2.9597200
GB WX 032;Gerrards Confectionary;30-32 Ruthin Road;Wrexham;LL13 7TU;53.0433617;-3.0070964
GB WX 041;Nant Ucha Farm;Garth;Wrexham;LL20 7YH;52.9851600;-3.1073200
GB WX 042;Oakland Farm Eggs Limited;Units 2 & 3 Wynnstay Technology Park;Wrexham;LL14 6EN;52.9840180;-3.0554700
GB WX 046;CTM Wholesale;Croesfoel Industrial Estate;Wrexham;LL14 4BJ;53.0305000;-3.0312000
GB WX 047;F Jones;Abbey Road South;Wrexham;LL12 9RF;53.5851353;-1.7069594
GB WX 048;Tyn Y Fron Farm Eggs;Tyn Y Fron Farm;Llangollen;LL20 7BG;52.9225100;-3.1618400
GB WX 050;Rackery Dairy;Rackery Farm;Wrexham;LL12 0AE;53.1063600;-2.9960700
GB WX 060;Hill Farm Penley;Overton Road;Wrexham;LL13 0LY;53.0001255;-2.9108162
GB WX 7158;Thermotraffic Ltd;Ash Road South;Wrexham;LL13 9UG;53.0434604;-2.9247700
GB WY 002;Bath Soft Cheese;Park Farm;Bath;BA1 9AG;51.4017225;-2.4331340
GB WY 021;Arthur David & Co Ltd;Hillside Farm;Bristol;BS39 5XR;52.7683991;-1.4819959
GB WY 024;Chew Moos Ice Cream Co;Graylands Farm;Bristol;BS41 8NR;51.3883598;-2.6177467
GB WY 025;Chew Valley Dairy;Court Farm;Bristol;BS40 6JF;51.3621819;-2.7681039
GB WY 026;Homewood (Cheeses);Unit 4;Bristol;BS40 6PE;51.4839152;-2.5877618
GB WY 029;R D Johns Ltd;Charlton Lane;Bath;BA3 4SB;51.2758883;-2.4674186
GB WY 030;Farmhouse Dairy Somerset;Sleight Farm;Bristol;BS39 5TF;51.3316174;-1.9749546
GB WY 032;Fratelli Amodio;Chew Valley Dairy;Bristol;BS40 6JF;51.3123747;-2.6604231
GB WZ 010;Priory Quality Meats Ltd;17 - 19 Holborn Square;Birkenhead;CH41 9HQ;53.3821163;-3.0177568
GB WZ 015;Quans Food Supply;Unit 60;Birkenhead;CH41 9HH;53.4044672;-3.0216474
GB WZ 017;Chester Medical Solutions Ltd;Unit 3-4 Apex Court;Bromborough;CH62 3RE;53.3340744;-2.9717618
GB WZ 018;KPFF Ltd;Units 3 4 5 and cold store;Bidston;CH41 7ED;53.4055400;-3.0641900
GB WZ 019;Pharmapac (UK) Ltd;Unit 22;Bidston;CH41 7EL;53.4058558;-3.0737760
GB WZ 020;Yiu Sing Wholesale;Unit 30;Bromborough;CH63 3RA;53.3448860;-2.9959260
GB WZ 021;Smylie Ltd;Unit 7;Wirral;CH62 3RR;53.4076120;-3.1162364
GB WZ 022;PD Foods Wholesale Ltd;Dock Road South;Wirral;CH624SR;53.3533647;-2.9790172
GB WZ 023;Merseyside Ship Stores Limited;Unit 9;Bromborough;CH62 3PT;53.3332708;-2.9773481
GB WZ 024;Very Shellfish Diver Limited;Unit 2;Wallasey;CH45 6TB;53.4194572;-3.0544386
GB XA 007;ABP Hull Cold Store;Corporation Road;Hull;HU9 5NF;53.7458456;-0.2836391
GB XA 014;Kirkella H7;The Orangery;Hessle;HU13 0LH;51.8545910;-2.2026741
GB XA 015;North Atlantic Fishing Company Limited;Frank Bonefaas;Caterham;CR3 5XY;51.2916721;-0.1052923
GB XA 017;Wirons Limited;Wiron 5;Caterham;CR3 5XY;51.2916721;-0.1052923
GB XA 018;Wirons Limited;Wiron 6;Caterham;CR3 5XY;51.2916721;-0.1052923
GB XH 004;Culina Logistic - Tilbury;Port of Tilbury;Tilbury;RM187EH;51.4640700;0.3463400
GB XQ 001;Sutton Harbour Group;Fish Market;Plymouth;PL4 0LH;51.0801449;1.1864319
GB XQ 009;Interfish Ltd;Wallsend Industrial Estate;Plymouth;PL4 0RW;50.3635844;-4.1192591
GB XQ 013;Rex Down Wholesale Fish Merchants Ltd;Unit 4;Plymouth;PL4 0LH;50.3695293;-4.1571408
GB XQ 032;Sole Trader;Unit 1;Plymouth;PL4 0LH;50.3710210;-4.1358244
GB XQ 034;Robert Manning;Unit 1;Plymouth;PL4 0LH;50.3710210;-4.1358244
GB XQ 037;Sole of Discretion;Unit 5;Plymouth;PL4 0LH;50.3938999;-4.0425103
GB XQ 038;RG Seafoods;Unit 6;Plymouth;PL4 0LH;50.4156235;-4.1353227
GB XQ 042;Plymouth Scallop Company Limited;Unit 2;Plymouth;PL4 0LH;50.3812575;-4.1342374
GB XQ 043;Via Mare Seafood Ltd;Unit 8;Plymouth;PL4 0LH;50.3647668;-4.1188603
GB YB 004;K Stuart & Sons;Dyson Cote Farm;Sheffield;S36 8YR;53.5000849;-1.6119757
GB YB 015;Cranswick Convenience Foods Limited;Valley Park Industrial Estate;Wombwell;S73 0UN;53.5160937;-1.3776848
GB YB 044;Fresh Pak Chilled Foods Ltd;1 Waterside Park;Barnsley;S73 0BB;53.5201357;-1.3887519
GB YB 046;Cottage Bakeries Ltd;34 Benbank Rd;Barnsley;S75 4PB;53.5365491;-1.5597795
GB YB 054;Amos Kaye and Son;Town Head Farm;Sheffield;S36 4TG;54.4796965;-3.0307580
GB YB 056;D and M Smith;Smithfield Farm;Barnsley;S73 8UG;53.5274100;-1.4222500
GB YB 057;P M and A Turner;Martins Nest Farm;Holmfirth;HD9 7TG;53.5514700;-1.7239600
GB YB 060;STEF Langdons Ltd;Great Cliffe Road;Barnsley;S75 3SP;53.5475122;-1.5307359
GB YB 061;Flavours Foods Ltd;Unit C Bromcliffe Park;Monk Bretton;S71 5RN;53.5680353;-1.4407569
GB YB 062;The Company Shop Ltd;Wentworth Way Industrial Estate;Barnsley;S75 3DH;53.4928090;-1.4935810
GB YB 067;Kendray Central Production Unit;Kendray Hospital;Barnsley;S70 3RD;53.5467328;-1.4539542
GB YB 068;Delitalia Ltd;Unit 8 Strafford Industrial park;Barnsley;S75 3EJ;53.5320320;-1.5150959
GB YB 070;FareShare Yorkshire;Unit 14 Aldham Industrial Estate;Barnsley;S73 8HA;53.5332892;-1.4134869
GB YB 071;Food Service Logistics C/O Gist;Carlton Industrial Estate;Barnsley;S71 3LJ;53.5795100;-1.4545800
GB YB 072;Company Shop Ltd;Units 5 & 6 Bretton Point;Barnsley;S75 5NH;53.5814800;-1.5242300
GB YC 005;Yorvale ltd;Fossfield Farm;York;YO23 2XA;53.9018700;-1.1207600
GB YC 006;VL & MC Rookes Limited;;York;;53.9590555;-1.0815361
GB YC 007;Burnholme Fisheries;1 Gerard Avenue;York;YO31 0QT;53.9644301;-1.0521154
GB YC 101;Thorntree Free Range Eggs;York Road;York;YO19 5LF;53.9599237;-0.9960768
GB YE 026;Castleford Slicing Company Limited;9 Pottery Sreet;Castleford;WF10 1NJ;53.7266985;-1.3658225
GB YE 027;H Hofmann & Sons Ltd;111 Westgate;Wakefield;WF1 1EW;53.6825219;-1.4987962
GB YE 031;Dairy Consumer Foods (UK) Limited;Healey Old Mills;Ossett;WF5 8NF;53.6672061;-1.5923846
GB YE 032;Fine Cheeses Ltd;Unit 9;Featherstone;WF7 6FE;53.6851649;-1.3554633
GB YE 033;Napier Brown;Ripley Drive;Normanton;WF6 1RY;53.7054500;-1.3971589
GB YE 045;Dalziels LTD;Unit F1;Castleford;WF10 5HX;53.7060747;-1.3680079
GB YE 047;Sysco GB;Hoyle Mill Road;Pontefract;WF9 5JB;53.6258955;-1.3604441
GB YE 048;Church View Farm Eggs;31 Church View;Wakefield;WF1 5AL;53.6642961;-1.4779935
GB YE 050;Marcho Ltd;10 Hanover Street;Wakefield;WF2 9BW;53.6794877;-1.5159604
GB YE 051;Premier Quality Foods Limited;Units 1-5;Pontefract;WF9 5JB;51.3697331;-0.4760473
GB YE 054;Total Trading Limited;Rectory Street;Castleford;WF10 1FT;53.7271694;-1.3561186
GB YE 056;Forza Foods Ltd;Unit 2000;Normanton;WF6 1GX;52.5169588;-2.0174812
GB YE 058;Blakemore Food Service;Unit 3;Wakefield;LS26 8ZA;53.7308877;-1.3516677
GB YE 061;Storelogs Limited;Units 18 & 20 Langthwaite Business Park;Pontefract;WF9 3AP;53.5907684;-1.3112003
GB YE 062;Bidfood;Express Way;Normanton;WF6 2TZ;53.7190911;-1.4132636
GB YE 063;Newcold Ltd;Unit 3;Wakefield;WF3 4FE;53.7308877;-1.3516677
GB YE 072;Muller Milk and Ingredients;Ripley Drive;Normanton;WF6 1RY;53.7054500;-1.3971589
GB YE 080;KeyStream Ltd;Unit 18;Pontefract;WF9 3AP;53.5880361;-1.3116050
GB YE 084;Company Shop Ltd;Unit 20 Langthwaite Road;Pontefract;WF9 3AP;53.5921919;-1.3112022
GB YE 088;Sykes Seafood Ltd;Unit 8;Wakefield;WF1 5PE;53.6769987;-1.4905384
GB YE 090;Booker Retail Partners;Elmsall Drive;Pontefract;WF9 2RH;53.6022667;-1.2697992
GB YE 092;International Procurement & Logistics;Foxbridge Way;Normanton;WF6 1TN;53.7055035;-1.3909453
GB YE 093;The Yorkshire Kitchen Limited;Unit 9 Ashmount Industrial Park;Pontefract;WF9 5EE;53.6256000;-1.3668000
GB YE 094;Yorkshire Premier Meat;Unit 18 to 20 Langthwaite Road;Pontefract;WF9 3AP;53.5907684;-1.3112003
GB YE 095;JR Eatables Ltd;39 Firville Avenue;Normanton;WF6 1HL;53.6948392;-1.4173569
GB YE 096;MDG Foods Ltd;Unit 3;Wakefield;WF2 8PW;53.7308877;-1.3516677
GB YH 001;Paradise Patties Ltd (FNA Supreme Meat Products Ltd);Frontier Works;Tottenham;N17 8JA;51.6079500;-0.0760000
GB YH 003;Brook Farm Foods;Units 1-4;London;N22 6TR;51.6324314;-0.1278811
GB YH 005;Bonn Foods;19 Salisbury Road;Haringey;N22 6NL;51.5977111;-0.1019428
GB YH 009;Nation Foods Limited;1 Rainbow Works;Tottenham;N15 4RG;51.5836900;-0.0650800
GB YH 010;Prime Cut;Unit D4;London;N17 0DY;51.5429334;-2.4345860
GB YH 011;ML Meat Supplies;Unit 10-12;London;N17 9QP;51.5871140;-2.9941072
GB YH 012;Beyran Meat Ltd;201 Philip Lane;London;N15 4HL;51.5886589;-0.0818393
GB YH 021;Banoful Sweets Ltd T/A Pran;77 Turnpike Lane;London;N8 0QJ;51.5892695;-0.1076550
GB YH 022;Mexican Grill Limited T/A Tortilla;Unit D2;London;N17 0QJ;51.5551112;-0.1969605
GB YH 023;King Escalope;Unit 11A;London;N17 0YL;52.6467441;1.3270116
GB YH 024;Heimish Fish Limited T/A Taam Haayam;10 High Road;London;N15 6LS;51.6242599;0.0303321
GB YH 026;Anadolu;Unit 4;London;N17 9SR;51.5114434;-0.0653591
GB YH 041;Asil Meat Ltd;Unit 8;Tottenham;N17 0EB;51.5771534;-0.0919736
GB YH 042;Hatov Distribution;Units 52-54 Milmead Industrial Centre;London;N17 9QU;51.5933777;-0.0562117
GB YH 050;Mamo Meat Ltd;Unit 21-22;London;N17 0YX;52.5169588;-2.0174812
GB YH 305;Onur Meat Ltd;Unit 4d Triumph Trading Estate;London;N17 0EB;51.6068600;-0.0598500
GB YK 001;Scarborough Fish Auction Market;West Pier;Scarborough;YO11 1PD;51.3280169;1.4188985
GB YK 002;Whitby Fish Auction Market;Pier Road;Whitby;YO21 3PU;54.4892674;-0.6147446
GB YK 003;AB Shellfish Ltd;Station House;Saltburn-by-the-Sea;TS13 5BB;52.0342006;-0.7748261
GB YK 004;Dennis Crooks Wholesale Fish;Whitby Business Park;Whitby;YO22 4PU;54.4715282;-0.5955400
GB YK 005;Whitby Seafish;Unit 1 Staithes Industrial Estate;Saltburn-by-the-Sea;TS13 5BB;54.5556100;-0.7920800
GB YK 006;Whitby Seafoods Ltd;Whitby Business Park;Whitby;YO22 4PU;54.4715282;-0.5955400
GB YK 007;Edwin Jenkinson Ltd;Unit 2;Scarborough;YO11 2YH;54.2410216;-0.4418383
GB YK 009;Edwin Jenkinson Ltd;Andalucia Shed;Scarborough;YO11 1PD;54.2831800;-0.3918400
GB YK 010;Townsend Shellfish Ltd;25 - 27 West Pier;Scarborough;YO11 1PD;54.4929176;-0.6131412
GB YK 011;Whitby Crab Company;Unit 2 Staithes Industrial Estate;Saltburn;TS13 5BB;54.5556100;-0.7920800
GB YK 012;Taste Of The Sea Ltd;Unit 2;Scarborough;YO12 4EB;54.2410216;-0.4418383
GB YK 013;Lobstore Ltd;Shellfish Holding Facility;Whitby;YO21 3PU;54.4892987;-0.6148913
GB YK 014;T.G. Wood Ltd;9 Lower Clark Street Industrial Estate;Scarborough;YO12 7PP;54.2860500;-0.4041100
GB YK 016;Lockers Trawlers;12 Alma Square;Scarborough;YO11 1JU;54.2811163;-0.4049674
GB YK 017;L & W Shellfish;Unit 2;Whitby;YO22 4PU;54.4728097;-0.5814709
GB YK 021;Scarborough Fair Shellfish Ltd;West Pier;Scarborough;YO111PD;54.4936040;-0.6134055
GB YK 101;Beacon Farm;Beacon Way;Whitby;YO22 5HS;54.4564962;-0.6147453
GB YK 102;Trillos of Whitby Ltd;Spring Hill;Whitby;YO21 1EB;54.4849076;-0.6175529
GB YK 103;The Camphill Village Trust Ltd;Botton Creamery;Whitby;YO212NJ;54.4285080;-0.9301349
GB YK 104;Cumboots Dairy Farm;Limestone Road;SCARBOROUGH;YO130PQ;54.6167745;-5.9331075
GB YK 110;Cod Beck Blenders Ltd;Cod Beck Estate;Dalton;YO7 3HR;54.1806363;-1.3699920
GB YK 120;Rosedale Cheese;Abbey Farm Cottage;Pickering;YO18 8SD;51.6067771;-1.8058386
GB YK 121;Coney Hill Farm Creamery Ltd;Coney Hill Farm;York;YO62 4HY;54.1668200;-1.0801099
GB YK 130;The Courtyard Dairy;Crow’s Nest Barn;Austwick;LA2 8AS;54.0985393;-2.3368772
GB YK 131;Lonsdale Health Products Limited;Unit 12;Carnforth;LA6 3NU;54.1281782;-2.7487285
GB YK 132;Lowfields Farm Limited;Low Fields Farm;Carnforth;LA6 3PF;54.1493000;-2.4980000
GB YK 203;Coopland Bakery;Caxton Way;Scarborough;YO11 3YT;54.2362151;-0.4101510
GB YK 210;Yorkshire Handmade Pies Ltd;Unit 1;Leeming Bar;DL7 9UL;51.7767415;-1.4870678
GB YK 211;The Hero’s Journey Ltd;York Dale House;Bedale;DL8 1FN;54.3260700;-1.6402400
GB YK 212;Made in Oldstead Ltd;Unit 7 Barugh Close;Ripon;HG4 5NJ;54.1729592;-1.4811752
GB YK 240;Wolfpack Journey Ltd.;Unit 2;Thirsk;YO7 3FF;54.2276162;-1.3236487
GB YK 241;O’Brien Fine Foods;20 Leases Road;Leeming Bar;DL7 9AW;54.3060869;-1.5610084
GB YK 301;Brown Eggs Ltd;Redcliffe Farm;Scarborough;YO11 3NT;54.2348000;-0.3482000
GB YK 302;All Game & Eggs Ltd;Barker Rails Farm;Scarborough;YO13 9DH;54.2189800;-0.5707000
GB YK 305;JH & D.Emmerson;Barf Farm;Filey;YO14 9RR;54.1689600;-0.3132600
GB YK 321;Broachdale Birds Limited;Staxton Wold Farm;Scarborough;YO12 4TD;54.1830700;-0.4538500
GB YK 322;Waingate Cottage Eggs;Waingate Cottage;Fadmoor;YO62 7HA;54.2955281;-0.9645742
GB YK 340;Bedale Chickens;Theakston Grange;Bedale;DL8 2JF;54.2724925;-1.5250644
GB YK 341;W G Johnson & Sons;Mallard Grange;Ripon;HG43BE;50.7237376;-1.8408422
GB YK 410;Yorkshire Cured Meat;Unit 1 Manor Dairy Farm;Harrogate;HG3 2BD;54.0214505;-1.5714594
GB YK 450;Oakland International Limited;Unit 3;Kellingley;WF11 8FG;53.7078182;-1.1968333
GB YM 001;Leprino Foods Limited;Glanhwfa Road;Llangefni;LL77 7TT;53.2534438;-4.3119382
GB YM 005;Menai Oysters;Tal Y Bont Bach;Llanfair PG;LL61 6UU;53.1744925;-4.3145666
GB YM 011;The Lobster Pot (Anglesey) Ltd;Ty Colbi;Holyhead;LL65 4EY;53.3689942;-4.5491867
GB YM 016;Food Technology Centre;Coleg Menai;Llangefni;LL77 7HY;53.2565663;-4.3173221
GB YM 018;Gorau Glas;Quirt Farm;Dwyran;LL61 6BZ;53.1587287;-4.3095919
GB YM 023;Mr D Woods;Ty Croes Mawr;Llanfaethlu;LL65 4PE;53.3405789;-4.5619069
GB YM 029;South Quay Shellfish;Fish Dock;Holyhead;LL65 2DE;54.2335941;-1.3420138
GB YM 031;Caws Rhyd Y Delyn;Rhyd-Y-Delyn Fawr;Pentraeth;LL75 8YY;53.2572213;-4.2185133
GB YM 037;Mon ar Lwy/ Taste of Wales;Tyn Rallt;Bodorgan;LL62 5HL;53.2022135;-4.3960295
GB YM 043;Y Cwt Mwg;Deri Isaf;Dulas;LL70 9DX;53.3657307;-4.3158029
GB YM 044;Mon Dressed Crab;Church Bay;Holyhead;LL65 4EU;53.3719391;-4.5544904
GB YM 052;Ocean Bay Seafoods Ltd;Holland Park Industrial Estate;Anglesey;LL65 2PU;53.3020563;-4.6256120
GB YM 053;The Artisan Group (t/a as Red Boat);Unit 11;Llangefni;LL777AW;53.2464521;-4.3069958
GB YM 055;Cwt Llefrith;Fferam y Llan;Anglesey;LL62 5ED;53.2377889;-4.3615820
GB YM 060;Llefrith Cybi Cyf;Hafod y Plas;Holyhead;LL652EJ;53.2693885;-4.5933538
GB YM 062;Wyau Mon;Cae Mawr;Ynys Mon;LL71 8AN;53.2986140;-4.3928279
GB YM 064;Anglesey Foods Limited;Unit 4B;Gaerwen;LL606HR;53.2216624;-4.2750537
GB YM 065;Llaeth Medra;Food Technology Centre;Ynys Mon;LL71 8AN;53.3489073;-4.3691816
GB YM 066;Licio Gelato;Unit 24;Gaerwen;LL60 6HR;53.2204034;-4.2739311
GB YM 067;Dylans Restaurant Ltd;Pen Yr Orsedd;Ynys Mon;LL777AW;53.2523697;-4.3079809
GB YM 068;The Very Shellfish Diver Ltd;White Lodge;Anglesey;LL61 6RS;53.1593768;-4.3491728
GB YM 069;Caws Môn Ltd;Mona Dairy Mona Industrial Park;Anglesey;LL65 4RJ;53.2530747;-4.3721566
GB YM 070;Charcuterie Mon;Tyn Lon;Ynys Môn;LL654UA;53.2965925;-4.4518038
GB YO 009;Cranswick Gourmet Bacon;Seafox Court;Leeds;LS25 6EP;53.7917005;-1.2210260
GB YO 010;C Lupton & Sons;;Selby;;53.7850970;-1.0990407
GB YO 013;Babthorpe Hall Farm Ltd;Babthorpe Hall;Selby;YO8 6EH;53.7651600;-0.9599400
GB YO 014;JE Hartley Ltd;Rothill Lane;York;YO19 6DJ;53.8607500;-0.9890900
GB YO 016;Natat Pasta Ltd;Unit G;York;YO19 6FD;53.9883565;-1.1029705
GB YR 001;Peters Food Services;Unit 1;Caerphilly;CF83 8XP;51.7564771;-3.2816458
GB YR 002;Castle Dairies Ltd;Pontygwindy Industrial Estate;Caerphilly;CF83 3HU;51.5892741;-3.2237602
GB YS 012;W. M. Howe & Son Ltd;15 Maltravers Road;Sheffield;S2 5AA;53.3838218;-1.4496809
GB YS 016;Binghams Cooked Meats Limited;148-154 Western Rd;Sheffield;S10 1LD;53.3859430;-1.5032931
GB YS 030;Our Cow Molly Dairy Ltd;Cliffe House Farm;Sheffield;S6 6GW;53.3996602;-1.5753739
GB YS 052;John Wragg & Co Ltd;19b Orgreave Close;Sheffield;S13 9NP;53.3706361;-1.3686966
GB YS 066;Kingdom Quality Foods;109 Lindsay Avenue;Sheffield;S5 7SD;53.4233835;-1.4653500
GB YS 067;Flora (UK) Ltd;3 Rosamond Close;Sheffield;S17 4LU;53.3213680;-1.5185937
GB YS 069;Alicater;56 Queenswood Drive;Sheffield;S6 1RJ;53.4154326;-1.5206914
GB YS 070;Eden Farm Hulleys;29 Orgreave Road;Sheffield;S13 9NR;53.3721612;-1.3712594
GB YS 072;Our Cow Molly Dairy Ice Cream;Cliffe House Farm;Sheffield;S6 6GW;53.3996602;-1.5753739
GB YS 075;Yee Kwan Ice Cream;Unit 2;Sheffield;S1 4HX;53.3797065;-1.4747973
GB YS 078;Bellisimo Foods;Brierley Fields Nursery;Sheffield;S8 7UT;53.3337999;-1.4846500
GB YS 079;TAJ Foods Ltd;6 Roman Ridge Road;Sheffield;S9 1GB;53.4176397;-1.4189990
GB YS 080;Parkway Warehouse Ltd;Unit 5a;Sheffield;S9 4WN;53.3805718;-1.4257543
GB YS 081;I3 Productions;250 Sheffield Road;Sheffield;S9 1RD;53.4143217;-1.4012576
GB YS 083;Proper Pasty Company Ltd;11 – 13 Parkway Business Park;Sheffield;S9 4WQ;51.7701532;0.0556800
GB YS 084;The Steel Spoon Ltd;Broomhill Methodist Church;Sheffield;S10 3BD;53.3765303;-1.5033195
GB YS 085;Mastermedia UK Ltd;Unit 6;Sheffield;S9 1TH;53.4013666;-1.4403809
GB YS 088;For Fish Sake;49 Middlewood Road;Sheffield;S6 4GW;53.4037232;-1.5032102
GB YV 011;Ridgeways Farmhouse Icecream;Downs Farm;Banbury;OX15 6LP;51.6695561;-1.9418787
GB YV 018;David Bruce Eggs Ltd;Lower Lodge;Stratford-on-Avon;CV37 0RJ;51.0619769;-0.4397321
GB YV 023;Clay Hall Farm;Bidford-on-Avon;Stratford-on-Avon;B50 4PD;52.1444600;-1.8501300
GB YV 028;R J & N Palmer;Upper Nineveh Farm;Shipston-on-Stour;CV36 5EH;52.0837000;-1.5559500
GB YV 030;The Outdoor Pig Company;Kingley Farm;Alcester;B49 5NP;52.1922000;-1.8834900
GB YV 032;North Cotswold Dairy;Butlers Road Farm;Shipston-on-Stour;CV365LQ;51.9902800;-1.5797500
GB YV 033;Greggs Eggs;Lower Fox Farm;Southam;CV47 2DN;52.2630995;-1.4210186
GB YV 034;Pinwheel Patisserie;Unit 4 Chesterton Fields Farm;Leamington Spa;CV33 9JY;52.2346100;-1.5098500
GB YV 035;Meadow Farm Eggs;4 Meadow Barn;Stratford upon Avon;CV370HG;52.4717315;-1.8113488
GB YX 001;Dnata Catering UK Limited;Faraday Road;Crawley;RH10 1HL;51.1322169;-0.1782428
GB YX 003;Gate Gourmet Ltd;Perimeter Road South;Crawley;RH6 0PQ;51.1471485;-0.1791265
GB YX 011;Camelot Chilled Foods Ltd;Unit 1 – 5;Crawley;RH11 7RY;51.1314013;-0.1822149
GB YX 014;Newrest Inflight UK Ltd;Unit 4;Crawley;RH10 9QT;51.1077613;-0.1430138
GB YX 015;Town & Country Meats Group (London) Ltd;Unit 19;Crawley;RH10 9RX;51.1359683;-0.1641890
GB ZE 003;Saunders & Wilson Ltd;17 Chiswell;Portland;DT5 1AN;50.5623787;-2.4490486
GB ZE 008 FE;CJ Shellfish;24a Castletown;Portland;DT5 1BD;50.5682277;-2.4430582
UK(NI) 9001 EC;ABP Newry;Greenbank Industrial Estate;NEWRY;BT342PD;54.7023545;-3.2765753
UK(NI) 9005 Pack N UK9 005 EC;Robert Clarke (Keady) Ltd.;105 Darkley Rd;Keady;BT60 3AY;54.2361752;-6.6906002
UK(NI) 9011 EC;Doherty & Gray Ltd;Woodside Industrial Estate;BALLYMENA;BT42 4HX;54.8740449;-6.2286265
UK(NI) 9012 EC;Dunbia Dungannon a division of Dunbia (UK);Granville Industrial Estate;DUNGANNON;BT70 1NJ;54.4902417;-6.8079274
UK(NI) 9013 EC;Etherson Meats  Ltd;157 Bendooragh Road;BALLYMONEY;BT53 7NR;55.0443165;-6.5464104
UK(NI) 9016 EC;Foyle Campsie;Lisahally;LONDONDERRY;BT47 6TJ;55.0311119;-7.2640261
UK(NI) 9021-00 EC;William Grant & Co Ltd;16 Coney Road;LONDONDERRY;BT48 8JP;55.0627227;-7.2577975
UK(NI) 9022 EC;Granville Food Care Ltd;Granville Industrial Estate;DUNGANNON;BT70 1NJ;54.4902417;-6.8079274
UK(NI) 9023 EC;Linden Foods;Unit 2 & 5 Granville Industrial Estate;DUNGANNON;BT70 1NJ;54.4895758;-6.8037609
UK(NI) 9024 EC;Hewitt Meats;Lissheffield House;ARMAGH;BT61 8QB;54.7023545;-3.2765753
UK(NI) 9026 EC;Hilton Meat Products Ltd;Unit 21A Kilroot Park;CARRICKFERGUS;BT38 7PR;54.7268872;-5.7694869
UK(NI) 9028 EC;Interfrigo;Unit 16 Steeple Road;Antrim;BT41 1AB;54.7215550;-6.2097186
UK(NI) 9033 EC;ABP(Lurgan) Ltd;33 Annesborough Industrial Estate;CRAIGAVON;BT67 9JD;54.7023545;-3.2765753
UK(NI) 9037 EC;McCulla Ireland Ltd;Blaris Industrial Estate;LISBURN;BT27 5QB;54.7023545;-3.2765753
UK(NI) 9042 EC;Foyle Omagh;52 Doogary Road;OMAGH;BT79 0BQ;54.5766249;-7.2802777
UK(NI) 9044 EC;Fred C Robinson Ltd;40 Hillhead  Road;BALLYCLARE;BT39 9DS;54.7312138;-5.9767804
UK(NI) 9045 EC;Cranswick Country Foods (Ballymena);146 Fenaghy Road;BALLYMENA;BT42 1EA;54.8621967;-6.3299370
UK(NI) 9046 Pack N UK9 046 EC;Farmlay Eggs;58A Hamiltonsbawn Road;Armagh;BT60 1HW;54.3473963;-6.6327235
UK(NI) 9047 EC;T D Meats Ltd;15 Old Belfast Road;LARNE;BT40 2SH;54.8419793;-5.8534251
UK(NI) 9052 EC;Karro Food Group Ltd;70 Molesworth Road;COOKSTOWN;BT80 8PJ;50.3767533;-4.1601310
UK(NI) 9054 Pack N UK9 054 EC;Ballygarvey Eggs Ltd.;108 Ballygarvey Road;Ballymena;BT43 7JX;54.8842371;-6.2603823
UK(NI) 9056 EC;W D Meats;Lower Newmills Road;COLERAINE;BT52 2JR;55.1325311;-6.6494158
UK(NI) 9057 Pack N UK9 057 EC;Clements Eggs;Packing station;Ballywalter;BT22 2LG;54.7023545;-3.2765753
UK(NI) 9058 EC;Galgorm Meats Ltd;24 Galgorm Industrial Estate;Ballymena;BT42 1AQ;54.7023545;-3.2765753
UK(NI) 9061 EC;Hannan Meats;9 Moira Industrial Estate;Moira;BT67 0LZ;54.4808031;-6.2552713
UK(NI) 9062 EC;McWhinneys Sausages Limited;10 Balloo Way;Bangor;BT19 7QZ;54.6420161;-5.6676888
UK(NI) 9064 EC;Ardboe Coldstore Ltd;Ardboe Business Park;Ardboe;BT71 5BJ;54.7023545;-3.2765753
UK(NI) 9068 EC;James Doherty Meats;7 Pennyburn Industrial Estate;Derry;BT47 0LU;55.0139334;-7.3225747
UK(NI) 9073 EC;William Sprott;Edward Street;Portadown;BT62 3NE;54.4220710;-6.4419784
UK(NI) 9080 EC;Primestock Meats;Unit 20-21;Lurgan;BT67 9JD;54.4868394;-6.3188756
UK(NI) 9082 Pack N UK9 082 EC;Portmore Farms Ltd.;20 Orken Lane;Craigavon;BT67 0ED;54.5329857;-6.2785026
UK(NI) 9097 EC;Pinkertons Ltd.;7 Magheraville Road;ARMAGH;BT60 3PR;54.7023545;-3.2765753
UK(NI) 9100 EC;C & M Coldstores;Carran Business Park;ENNISKILLEN;BT74 4RZ;54.7023545;-3.2765753
UK(NI) 9103 EC;C & J Meats;77 Red Lion Road;KILMORE;BT61 8NU;51.3808217;-0.2901464
UK(NI) 9106 Pack N UK9 106 EC;Ready Egg Products Ltd;116 Crom Road;Lisnaskea;BT92 0BN;54.2261518;-7.4230459
UK(NI) 9107 EC;McKee’s;11  Fairhill;Maghera;BT46 5AY;54.8449240;-6.6770722
UK(NI) 9108 EC;Kettyle Irish Foods;Manderwood Business Park;LISNASKEA;BT92 0FS;54.7023545;-3.2765753
UK(NI) 9112 EC;Causeway Prime;Loughanhill Industrial Estate;COLERAINE;BT52 2NR;55.1474902;-6.6500893
UK(NI) 9113 Pack N UK9 113 EC;Braeside Farm Eggs;302 Drum Road;Cookstown;BT80 9PT;54.6426684;-6.8137284
UK(NI) 9115 EC;Bawnbua Foods NI Ltd;67 Crowhill Road;Craigavon;BT66 7AT;54.4171735;-6.3362123
UK(NI) 9118 EC;C Mallon;12A Mayfair Business Park;Portadown;BT62 1HA;54.7023545;-3.2765753
UK(NI) 9126 Pack N UK9 126 EC;Heathers Eggs;39 Coolaghy Road;Omagh;BT78 4LG;54.7226071;-7.4411536
UK(NI) 9131 EC;Lakeview Farm Meats Ltd;68 Largy Road;Crumlin;BT29 4RS;54.6245325;-6.2659245
UK(NI) 9132 EC;Abercorn Estates;Baronscourt;Newtownstewart;BT78 4EZ;54.7196239;-7.3885574
UK(NI) 9135 EC;K & G McAtamney Wholesale Meats Ltd;Woodside Industrial Estate;Ballymena;BT42 4QJ;54.8740449;-6.2286265
UK(NI) 9136 EC;Carnbrooke Meats Ltd;100 Ballynahinch Road;Lisburn;BT27 5EZ;54.5049793;-6.0356541
UK(NI) 9137 EC;Oak Hill Farm and Pol Meats;69a Tullysaran Road;Armagh;BT61 8HE;54.3772030;-6.7072070
UK(NI) 9139 EC;McAtamney’s Traditional Butchers;25 Mettican Road;Coleraine;BT51 5HS;55.0091168;-6.6960369
UK(NI) 9140 EC;Ballymena Meats Ltd;Pennybridge Industrial Estate;Ballymena;BT42 3HB;54.8507038;-6.2603398
UK(NI) 9141 EC;Lisdergan Meats;97 Main Street;Fintona;BT78 2AQ;54.4978782;-7.3176055
UK(NI) 9142 Pack N UK9 142 EC;Kevin G McPolin;7 Ballyweely Road;Newry;BT34 5RQ;54.2210733;-6.1053567
UK(NI) 9143 Pack N UK9 143 EC;Currie Farm Eggs;192 Lower Ballyboley Road;Larne;BT40 2PR;54.7932505;-5.9502922
UK(NI) 9148 Pack N UK9 148 EC;Farmview Fresh Eggs;4 Blackrock Road;Cookstown;BT80 9NS;54.7319775;-6.3383136
UK(NI) 9152 Pack N UK9 152 EC;Ivor Girvin;55 Bresagh Road;Lisburn;BT27 6TU;54.4580006;-5.9224518
UK(NI) 9165 Pack N UK9 165 EC;Mountain View Farm;25 Ballyriff Road;Magherafelt;BT45 6NL;54.7023545;-3.2765753
UK(NI) 9198 Pack N UK9 198 EC;Fruitvale Farm;26 Shore Road;Lisburn;BT28 2LF;54.5764936;-6.2715305
UK(NI) 9205 EC;Armstrong Meats Ltd;64a Lisnabreeny Road;BELFAST;BT6 9SR;54.5556346;-5.8759787
UK(NI) 9206 Pack N UK9 206 EC;Raymond Baxter;37 Kilmore Road;Omagh;BT78 4PR;54.6477031;-7.5263056
UK(NI) 9224 Pack N UK9 224 EC;Blairmount Free Range Eggs;38 Ballymullock Road;Larne;BT40 2LR;54.8563268;-5.8669376
UK(NI) 9226 Pack N UK9 226 EC;Lorna Baird;334a Glassdrummond Rd;Annalong;BT34 4QN;54.7023545;-3.2765753
UK(NI) 9227 Pack N UK9 227 EC;Mr John Anderson;32 Lisnamuck Road;Coleraine;BT51 4HN;54.8148205;-6.7112201
UK(NI) 9228 Pack N UK9 228 EC;Andrew Kerr;72A Clabby Road;Fivemiletown;BT75 0QU;54.3801577;-7.3199527
UK(NI) 9230 Pack N UK9 230 EC;Mr Plunkett Murphy;103 Legavallon Road;Dungiven;BT47 4QL;54.7023545;-3.2765753
UK(NI) 9231 Pack N UK9 231 EC;Mr. Roy J Nesbitt;28 Maydown Road;Armagh;BT61 8BY;54.3761660;-6.7517061
UK(NI) 9233 Pack N UK9 233 EC;Raymond Killops;25 Wallace Hill Road;Downpatrick;BT30 9TR;54.3828786;-5.6966615
UK(NI) 9239 Pack N UK9 239 EC;Glenburrisk;Glenburrisk;Dungannon;BT70 2NL;54.7023545;-3.2765753
UK(NI) 9240 Pack N UK9 240 EC;Murlough Farm Eggs;23 Keel Point;Dundrum;BT33 0NQ;54.2516115;-5.8502561
UK(NI) 9244 Pack N UK9 244 EC;Artie & Ann McIvor;16 Glack Road;Limavady;BT49 9JP;55.0172087;-7.0261222
UK(NI) 9261 Pack N UK9 261 EC;Gerry Nixon;3 Back Lane;Fintona;BT78 2BF;51.5811163;-0.1244270
UK(NI) 9274 Pack N UK9 274 EC;Mr William J Doherty and Mrs Jacqueline Doherty;350 Seacoast Rd;Limavady;BT49 0LA;55.0599976;-6.9617216
UK(NI) 9275 Pack N UK9 275 EC;Brian McGrenaghan;20 Corrashesk Rd;Trillick;BT78 3PZ;54.7023545;-3.2765753
UK(NI) 9277 Pack N UK9 277 EC;A & F McKean;78 Park Rd;Strabane;BT82 0AN;54.8309039;-7.4673468
UK(NI) 9278 Pack N UK9 278 EC;Carliss Eggs;42 Carliss Rd;Newry;BT35 9AZ;54.7023545;-3.2765753
UK(NI) 9281 Pack N UK9 281 EC;Stafford Eggs;45 Tullinavall Rd;Newry;BT35 0PZ;54.1265105;-6.5814258
UK(NI) 9282 Pack N UK9 282 EC;Prospect Hill Eggs;12 Latt Rd;Newry;BT35 6PB;54.2270354;-6.3776664
UK(NI) 9285 Pack N UK9 285 EC;Ballygarvey Eggs Ltd. (Deerfin site);113 Deerfin Rd;Ballymena;BT42 4HR;54.8569621;-6.2721942
UK(NI) 9288 Pack N UK9 288 EC;Straid Free Range Eggs;141 Straid Rd;Bushmills;BT57 8XU;55.2023674;-6.5106575
UK(NI) 9292 Pack N UK9 292 EC;McKees Farm Shop;28 Holywood Road;Newtownards;BT23 4TQ;54.6107605;-5.7581713
UK(NI) 9293 Pack N UK9 293 EC;Springmount Farms;39 Springmount Road;Newtownards;BT23 6NF;54.5070328;-5.8168714
UK(NI) 9294 Pack N UK9 294 EC;Edenagarry Eggs;42 Lisnacroppan Road;Rathfriland;BT34 5NY;54.7023545;-3.2765753
UK(NI) 9301 EC;DMP Foods Ltd;73 Largy Road;Crumlin;BT29 4RS;54.6245325;-6.2659245
UK(NI) 9303 EC;Broughgammon Ltd;50 Straid Road;Ballycastle;BT54 6NP;55.2020300;-6.3038946
UK(NI) 9304 EC;Tullyelmer Ltd;12 Drumcairn Road;Armagh;BT61 7SA;54.3689097;-6.6676906
UK(NI) 9306 EC;Apperley Fine Foods;108 Ballyrashane Road;Coleraine;BT52 2LJ;55.1373397;-6.6260700
UK(NI) 9307 EC;McKees Farm Shop Limited;28 Holywood Road;Newtownards;BT23 4TQ;54.6107605;-5.7581713
UK(NI) 9308 EC;Irvines Family Butchers;62 Main Street;Enniskillen;BT94 4RZ;54.7023545;-3.2765753
UK(NI) 9309 EC;Kingsbury Farm Enterprises Ltd;Unit 12C Armagh Shopping Centre;Armagh;BT61 7AE;54.3453086;-6.6540749
UK(NI) 9310 EC;Ballyrashane Meat Wholesalers;108 Ballyrashane Road;Coleraine;BT52 2LJ;55.1373397;-6.6260700
UK(NI) 9502 EC;Moy Park Ltd;Coolhill;DUNGANNON;BT71 6LN;54.4985551;-6.7446134
UK(NI) 9509 EC;Moy Park Ltd;170 Larne Road;BALLYMENA;BT42 3HA;54.8546086;-6.2580817
UK(NI) 9518 EC;McKeown Fine Foods Ltd;Dreen Farm;BALLYMENA;BT44 8RW;54.7023545;-3.2765753
UK(NI) 9520 EC;GB Poultry Ltd;17 Mary Street;CROSSGAR;BT30 9DG;54.3967224;-5.7603948
UK(NI) 9552 EC;Kearns Poultry;17 Main Street;BALLYMENA;BT44 9AA;55.0120998;-6.4124147
UK(NI) 9554 EC;Rockvale Poultry;45 Ballyloughan Road;ARMAGH;BT61 9ND;54.3561502;-6.5144035
UK(NI) 9559 EC;Galloway Turkeys;50 Tannaghmore Road;Randalstown;BT41 3HB;54.7534456;-6.3399122
UK(NI) 9701 Pack N UK9 120 EC;Glenshane Fresh Farm Eggs Ltd;15 Tullyherran Road;Maghera;BT46 5JQ;54.8466495;-6.6891152
UK(NI) 9702 Pack N UK9 097 EC;Skea Egg Farms Ltd;116 Crom Road;County Fermanagh;BT92 0BN;54.2261518;-7.4230459
UK(NI) 9703 Pack N  UK9 122 EC;Sydare Eggs;71 Mossfield Road;Ballinamallard;BT94 2DU;54.4094272;-7.6255465
UK(NI) 9705 Pack N UK9 298 EC;Netherys Free Range Eggs;83 Saint Dympnas Road;Dromore;BT78 3DL;54.5125832;-7.4684733
UK(NI) 9707 Pack N UK9 301 EC;Cairnview Free Range Eggs;Cairnview Free Range Eggs;Co Tyrone;BT79 8XP;54.7023545;-3.2765753
UK(NI) 9708 Pack N UK9 302 EC;Springtown Farms;80 Springtown Road;Enniskillen;BT92 4EE;55.0172870;-7.3320164
UK(NI) 9710 Pack N UK9 305 EC;Chapel Lane Eggs;90 Tullyah Road;Co. Armagh;BT60 2TG;54.2168628;-6.4822287
UK(NI) 9711 Pack N UK9 303 EC;Farleys Free Range Eggs;82 Rock Road;Omagh;BT79 0QN;54.7023545;-3.2765753
UK(NI) 9712 Pack N UK9 304 EC;CJs Eggs;11 Carncorran Road;Castlederg;BT81 7NJ;54.6874675;-7.5476507
UK(NI) 9714 Pack N UK9 310 EC;Ezi Eggs;16 Ardbarron Road;Co. Tyrone;BT81 7QT;54.7023545;-3.2765753
UK(NI) 9716 Pack N UK9 315 EC;Four Leaf;17 Pear Tree Road;Ballynahinch;BT24 8YB;52.9084879;-1.4786088
UK(NI) 9717 Pack N UK9 316 EC;Sunnyhill Farms;26 Crew Road;Ballygawley;BT70 2AT;54.4675155;-7.0496714
UK(NI) 9718 EC;Rams Island Duck Eggs;26A Shore Road;Lisburn;BT28 2LF;54.5764936;-6.2715305
UK(NI) 9719 Pack N UK9 317 EC;McCulla Ireland Ltd.;Unit 5;Lisburn;BT27 5QB;54.5769501;-5.9533916
UK(NI) 9720 Pack N UK9 318 EC;Aidan Fegan;34A Longstone Hill;Co. Down;BT34 5BT;54.2323212;-6.2044743
UK(NI) 9721 Pack N UK9 319 EC;Glebe Farm and Co.;37 Tobermesson Road;Dungannon;BT71 7QE;54.4386812;-6.7494428
UK(NI) 9722 Pack N UK9 320 EC;Laragh Free Range Eggs;19 Laragh Road;Maghera;BT46 5NS;54.5440648;-7.1728812
UK(NI) 9723 Pack N UK9 321 EC;Chucks Farm;25 Carrickabolie Road;Armagh;BT60 3HP;54.2303586;-6.7621971
UK(NI) 9724 Pack N UK9 322 EC;Minnies Free Range Eggs;18 Crosscavanagh Road;Dungannon;BT70 3BJ;54.7023545;-3.2765753
UK(NI) 9726 Pack N UK9 324 EC;Gortaclare Chilled Distribution;180 Doogary Road;Omagh;BT79 0XN;54.5825305;-7.2858268
UK(NI) 9908 EC;Just Milked;33 Tievenny Road;Strabane;BT82 9LW;54.7329915;-7.4646651
UK(NI) 9909 EC;Ballydown Milk;66 Rathfriland Road;Banbridge;BT32 3RN;54.3422616;-6.2624641
UK(NI) 9910 EC;Thirsty Cow;7 Kilmacbrack Road;Enniskillen;BT92 6BD;54.2144472;-7.3718536
UK(NI) JA 007 EC;Macs Quality Foods;Unit 3 Derriaghy Industrial Estate;BELFAST;BT17 9HU;54.7023545;-3.2765753
UK(NI) JA 011 EC;PRM Logistics Ltd;Rathdown Road;Lisburn;BT28 2RE;54.5048446;-6.1034689
UK(NI) JA 013 EC;Neil McMullan Limited;3 Meadow Road;Moira;BT67 0HH;54.7023545;-3.2765753
UK(NI) JA 015 EC;Knockbracken Foods;Knockbracken Healthcare Trust;Belfast;BT8 8BU;54.5369242;-5.9080827
UK(NI) JA 018 EC;James AS Finlay Ltd;29 Maghaberry Road;Lisburn;BT67 0JF;54.5051054;-6.1885734
UK(NI) JA 021 EC;Johnston Contracts;Unit E21 Le Mans Industrial Estate;Comber;BT23 5QU;54.7023545;-3.2765753
UK(NI) JA 026 EC;En Place Foods Ltd;32F Old Kilmore Road;Moira;BT67 0LZ;54.4852818;-6.2633489
UK(NI) JA 028 EC;Ardboe Coldstore Limited;221 Hillhall Road;Lisburn;BT27 5JQ;54.5115703;-6.0039860
UK(NI) JB 002 FE EC;Donegal Prime Fish;3 Skeoge Industrial Estate;Derry;BT48 8SE;54.7023545;-3.2765753
UK(NI) JB 007 EC;Caseys Salmon Ltd;15 Derg Road;Co Tyrone;BT82 9JW;54.7023545;-3.2765753
UK(NI) JB 014 EC;McColgans Quality Foods Limited;Unit 5 & 7 Dublin Road Industrial Estate;Strabane;BT82 9EA;54.8087519;-7.4742650
UK(NI) JB 015 EC;Carols Stock Market Limited;Unit 36 North West Business Park;Co Derry;BT48 8SE;54.7023545;-3.2765753
UK(NI) JB 016 EC;Galberts Food Products Limited;4 Glenaden Complex;Derry;BT47 2ED;54.9812514;-7.3029701
UK(NI) JB 020 EC;U Bake Ltd;50 Skeoge Industrial Estate;DERRY;BT48 8SE;54.7023545;-3.2765753
UK(NI) JB 030 EC;Dart Mountain Cheese Ltd;26 Tamnagh Road;Co Derry;BT47 4DN;54.8379229;-7.0689132
UK(NI) JB 040 EC;PK Wholesalers Ltd;Unit 5 Knockroe Business Park;Co Tyrone;BT82 9QR;54.7023545;-3.2765753
UK(NI) JB 042 EC;Ardboe Coldstore Limited;1 Fruit Of The Loom Drive;Derry;BT47 3XY;54.7023545;-3.2765753
UK(NI) JB 043 EC;Schimmel Distribution Ltd;5 Baronscourt Road;Newtownstewart;BT78 4EX;54.7196239;-7.3885574
UK(NI) JD 002 EC;McMullan Shellfish;The Lobster Ponds;Co Antrim;BT44 0QY;54.7023545;-3.2765753
UK(NI) JF 003 EC;Sea Source Processing;13/15 The Harbour;Kilkeel;BT34 4AX;54.0594042;-5.9938287
UK(NI) JF 005 EC;Kilkeel Kippering Company Limited;9 The Harbour;Newry;BT34 4AX;54.0594042;-5.9938287
UK(NI) JF 008 EC;Youngs Seafood Ltd;The Harbour;Newry;BT34 4AX;54.0594042;-5.9938287
UK(NI) JF 010 EC;Rooney Fish;7 The Harbour;Newry;BT34 4AX;54.0594042;-5.9938287
UK(NI) JF 011 EC;North Atlantic Shellfish;The Harbour;Newry;BT34 4AX;54.0594042;-5.9938287
UK(NI) JF 025 EC;Mourne Seafoods;The Harbour;Newry;BT34 4AX;54.0594042;-5.9938287
UK(NI) JF 026 EC;Kilkeel Fish Market;The Harbour;Newry;BT34 4AX;54.0594042;-5.9938287
UK(NI) JF 028 EC;Gourmet Island Ltd.;Unit 10 Greenbank Industrial Estate;Newry;BT34 2QX;54.7023545;-3.2765753
UK(NI) JF 031 EC;C & N Chambers Seafood Limited;39 The Harbour;Newry;BT34 4AX;54.0594042;-5.9938287
UK(NI) JF 034 EC;Glenpac Bacon Products Ltd;3 Corliss Road;NEWRY;BT35 9AY;54.1095898;-6.6473608
UK(NI) JF 043 EC;Oliver Rogers Seafoods;36 Anthonys Road;Newry;BT34 4PN;53.7708478;-1.5698975
UK(NI) JF 050 EC;Eastcoast Seafoods;7-11 Killard Drive;Downpatrick;BT30 7PN;54.7023545;-3.2765753
UK(NI) JF 053 EC;T S Foods Ltd;40 Mary Street;Castlewellan;BT31 9DU;54.2568601;-5.9421997
UK(NI) JF 054 EC;Byrne Fish;80 Killard Road;Downpatrick;BT30 7PQ;54.3018590;-5.5586068
UK(NI) JF 055 EC;Ardglass Fish Market;South Pier;Downpatrick;BT30 7TZ;54.9152526;-1.3545957
UK(NI) JF 056 EC;Dundrum Bay Crab Products Limited;60 Dromara Road;Co. Down;BT33 0NS;54.4298387;-6.0608015
UK(NI) JF 057 EC;Killough Bay Oysters;21 Downpatrick Road;Downpatrick;BT30 7QB;54.2514276;-5.6490380
UK(NI) JF 058 EC;Logue Casings Ltd;22 Brannish Road;Downpatrick;BT30 6LL;54.3139686;-5.7062497
UK(NI) JF 060 EC;G & W Moore Co. Ltd.;Units 27 & 28 Windmill Business Park;Saintfield;BT24 7DX;54.7023545;-3.2765753
UK(NI) JF 061 EC;Ardglass Shellfish Suppliers Ltd;Unit 6 North Quay;Ardglass;BT30 7TZ;50.3701839;-4.1339358
UK(NI) JF 062 EC;Lynns Country Foods Ltd;Unit 6 Down Business Park;DOWNPATRICK;BT30 9UP;54.3444979;-5.7358592
UK(NI) JF 063 EC;Premiere Poultry Ltd;9 Cloonagh Road;Downpatrick;BT30 6LJ;54.3146701;-5.7036134
UK(NI) JF 067 EC;Carlisles Fresh Foods;11 Kilmore Road;Co Down;BT30 9HJ;54.3935723;-5.7636724
UK(NI) JF 068 EC;Kool Food;48A Stewarts Road;Annalong;BT34 4UE;51.4739102;-0.1387878
UK(NI) JF 069 EC;Sea Source Processing Ltd;11 The Harbour;Kilkeel;BT34 4AX;54.0594042;-5.9938287
UK(NI) JF 070 EC;Kilkeel Seafoods Ltd;4 11 & 14 The Harbour;Newry;BT34 4AX;54.0600842;-5.9918769
UK(NI) JF 073 EC;A & A Seafood;80 Killard Road;Downpatrick;BT30 7PQ;54.3018590;-5.5586068
UK(NI) JF 075 EC;Finnebrogue;23 Finnebrogue Road;Co Down;BT30 9AB;54.3499039;-5.7304007
UK(NI) JF 076 EC;Savage And Whitten Chilled Fresh & Frozen;7 Springhill Road;Newry;BT35 6EF;54.2054822;-6.3536134
UK(NI) JF 077 EC;Lecale Harvest;Unit 30;Downpatrick;BT30 9UP;54.3797583;-5.7428011
UK(NI) JF 078 EC;A&ASF Limited;c/o Mourne Seafoods;Kilkeel;BT34 4AX;54.0600842;-5.9918769
UK(NI) JF 079 EC;Fresh 2 U Limited;Unit 1a;Newry;BT34 2TH;54.3200175;-6.2990165
UK(NI) JF 080 EC;The Little Meat Company Ltd.;Block L Win Business Park;Co. Down;BT35 6PH;54.7023545;-3.2765753
UK(NI) JF 082 EC;La Dolce Vita;Unit 3A Camlough Retail Park;Newry;BT35 7GB;54.7023545;-3.2765753
UK(NI) JF 083 EC;Just Good Grub Ltd;J2 Win Business Park;Newry;BT35 6PH;54.7023545;-3.2765753
UK(NI) JF 084 EC;Oh So Lean Ltd;Unit 6 Binnian Enterprise Park;Kilkeel;BT34 4AX;54.0600842;-5.9918769
UK(NI) JF 085 EC;Oh So Lean Ltd.;Unit 3 The Harbour;Kilkeel;BT34 4AX;54.0594042;-5.9938287
UK(NI) JF 088 EC;Moon and Spoon Ireland Ltd;Unit 15 Flurrybridge Enterprise Centre;Jonesborough;BT35 8SQ;54.7023545;-3.2765753
UK(NI) JF 089 EC;Dees Frozen Foods;Unit 5;Warrenpoint;BT34 3FN;54.1407528;-6.3099980
UK(NI) JF 090 EC;Time TT Limited;70a Chancellors Road;Newry;BT35 8QB;54.1770282;-6.3650359
UK(NI) JF 091 EC;MFV Tigers II;16A The Harbour;Co Down;BT34 4AX;54.0594042;-5.9938287
UK(NI) JF 093 EC;B & M Chambers Ltd;4 Greenfield Drive;Co.Down;BT34 4TE;51.5868923;-0.1561813
UK(NI) JF 095 EC;Crawford Hide Company (NI) Ltd;15 Yellow Road;Co. Down;BT34 5UD;54.1657392;-6.1884382
UK(NI) JF 097 EC;Lecale Seafood;Unit 3;Downpatrick;BT30 6LL;54.3797583;-5.7428011
UK(NI) JF 099 EC;Gourmet Foods;Unit 3 Ballynahinch Business Centre;Down;BT24 8AN;54.4008864;-5.9006895
UK(NI) JF 100 EC;G Milligan & Son (Fish Merchants) Ltd;North Quay;Ardglass;BT30 7SP;54.2622255;-5.6074264
UK(NI) JF 102 EC;Crossgar Food Co Ltd;Unit 29 Down Business Park;Downpatrick;BT30 9UP;54.3444979;-5.7358592
UK(NI) JF 103 EC;MFV Rocco Reed;The Harbour;Newry;BT34 4AX;54.0594042;-5.9938287
UK(NI) JF 104 EC;MFV Lucinda Ann B313;The Harbour;Kilkeel;BT34 4AX;54.0594042;-5.9938287
UK(NI) JF 105 EC;MFV Northern Eagle;The Harbour;Kilkeel;BT34 4AX;54.0594042;-5.9938287
UK(NI) JF 106 EC;MFV Boy Conor;The Harbour;Kilkeel;BT34 4AX;54.0594042;-5.9938287
UK(NI) JF 107 EC;MFV Benaiah IV;The Harbour;Kilkeel;BT34 4AX;54.0594042;-5.9938287
UK(NI) JF 108 EC;MFV Rita Rose;The Harbour;Northern Ireland;BT34 4AX;54.0594042;-5.9938287
UK(NI) JF 109 EC;MFV Alannah Riley;The Harbour;Kilkeel;BT34 4AX;54.0594042;-5.9938287
UK(NI) JF 110 EC;Finnebrogue Vegetarian Company;25 Enterprise Avenue Down Business Park;County Down;BT30 9UP;54.3444979;-5.7358592
UK(NI) JF 111 EC;Parkview Provisions Limited;Unit 7i Springhill Road;Newry;BT35 6EF;54.7023545;-3.2765753
UK(NI) JF 112 EC;Atlantic Sea Gold Ltd;12 The Harbour;Arglass;BT30 7TZ;51.2064026;0.5912440
UK(NI) JF 114 EC;The Gallery Factory Retail;65 The Harbour;Kilkeel;BT34 4AX;54.0594042;-5.9938287
UK(NI) JF 115 EC;Ocean Pioneer;7 Castle Lane;Ardglass;BT30 7RX;54.2585886;-5.6078830
UK(NI) JF 116 EC;Cake Sisters;23 Derrybeg Lane;Newry;BT35 6JW;54.1876915;-6.3586694
UK(NI) NI 202 M EC;Kerry;19 Tamlaght Road;Omagh;BT78 5AW;54.5978365;-7.3110869
UK(NI) NI 203 M EC;Lakeland Dairies Co-operative Society Ltd.;47 Berryhill Road;Strabane;BT82 0HN;54.8555514;-7.4022207
UK(NI) NI 207 M EC;Pritchitts;46 Belfast Road;Newtownards;BT23 4TU;54.5971265;-5.7116621
UK(NI) NI 209 M EC;Dromona Creamery Dale Farm Ltd;Dromona Creamery;Ballymena;BT42 1PE;54.7023545;-3.2765753
UK(NI) NI 210 M EC;Dale Farm Ltd;Dunmanbridge Factory;Cookstown;BT80 9UU;54.7023545;-3.2765753
UK(NI) NI 213 M EC;Leprino Foods Limited;35 Steps Road;Magheralin;BT67 0QZ;54.4652000;-6.2596444
UK(NI) NI 214 M EC;Kerry Ingredients (UK) Ltd;Millburn Road;Coleraine;BT52 1QZ;55.1389996;-6.6660747
UK(NI) NI 215 M EC;Dale Farm Ltd;Pennybridge Industrial Estate;Ballymena;BT42 3HB;54.8507038;-6.2603398
UK(NI) NI 218 M EC;Food Technology Centre - CAFRE Loughry Campus;76 Dunngannon Rd;Cookstown;BT80 9AA;54.6159827;-6.7320912
UK(NI) NI 222 M EC;Dairy Consumer Foods (UK) Ltd;25-29 Artabrackagh Road;Portadown;BT62 4HB;54.3972602;-6.4673798
UK(NI) NI 223 M EC;Lacpatrick Dairies (NI) Ltd.;18 Creamery Road;Coleraine;BT52 2NE;55.1443058;-6.6062066
UK(NI) NI 224 M EC;Strathroy Dairy Ltd;Shergrim;Omagh;BT79 7JD;54.6142760;-7.3059365
UK(NI) NI 226 M EC;Grove Dairy Ltd;39 Kilclean Road;Castlederg;BT81 7EF;54.7198152;-7.6080954
UK(NI) NI 227 M EC;Farmview Dairies Ltd;75 Lisnabreeny Road;Belfast;BT6 9SB;54.5556346;-5.8759787
UK(NI) NI 235 M EC;Draynes Dairy Limited;1 Glenavy Road;Lisburn;BT83 3UP;54.4949858;-6.2093231
UK(NI) NI 508 M EC;Tickety-Moo Wholesale Ltd;36 Tully Road;Fermanagh;BT94 1RG;54.4422455;-7.6509510
UK(NI) NI 510 M EC;Braemar Farm Ice Cream;67 Altikeeragh;Coleraine;BT51 4ST;55.1478161;-6.8167791
UK(NI) ZJ 008 EC;Henderson Food Service Ltd;1 Hightown Avenue;Newtownabbey;BT36 4RT;54.6734336;-5.9784818
UK(NI) ZJ 009 EC;Ashers Baking Company Ltd;581 Doagh Road;Newtownabbey;BT36 5RZ;54.6994555;-5.9555174
UK(NI) ZJ 010 EC;Henderson Wholesale Ltd;9-11 Hightown Road;Newtownabbey;BT36 4RT;54.6650125;-5.9758844
UK(NI) ZJ 012 EC;DHL Mc Kinney IE;McKinney Industrial Estate;Newtownabbey;BT36 4PX;54.7023545;-3.2765753
UK(NI) ZJ 013 EC;John Luke;36 Ballynashee Road;Ballyclare;BT39 9SZ;54.7928857;-6.0197655
UK(NI) ZJ 014 EC;J.S. Foods Ltd;Unit 10-11;Randalstown;BT41 2ED;54.7480591;-6.3200354
UK(NI) ZJ 015 EC;Antrim Pork Supplies;41 Castle Road;Antrim;BT41 4NA;54.7240457;-6.2466905
UK(NI) ZJ 016 EC;Finlay Poultry;7 Ballyeaston Village;Ballyclare;BT39 9SH;54.7715316;-5.9969268
UK(NI) ZJ 019 EC;Henderson Kitchen;Unit 6-8;Randalstown;BT36 4RT;57.2161300;-2.1973163
UK(NI) ZJ 020 EC;D Foods;8 Portland Avenue;Belfast;BT36 5EY;54.6720366;-5.9582835
UK(NI) ZJ 021 EC;Fareshare NI;Building 14 Unit 3 Central Park;Mallusk;BT36 4FS;54.6747803;-5.9870924
UK(NI) ZJ 023 EC;Bumbles Delicatessen Ltd;B2 Antrim Enterprise Park;Antrim;BT41 1JZ;54.7148610;-6.1876256
UK(NI) ZJ 024 EC;McCulla (Ireland) Ltd;Unit 1 McKinney Industrial Estate;Co Antrim;BT36 4PX;54.7023545;-3.2765753
UK(NI) ZJ 026 EC;Toomacro Ltd;Unit D3 Valley Business Centre;Newtownabbey;BT36 7LS;54.7023545;-3.2765753
UK(NI) ZJ 027 EC;Sysco Belfast;81 Nutts Corner Road;Antrim;BT29 4SJ;54.6350884;-6.1487218
UK(NI) ZJ 028 EC;SBS Food and Drink;Unit 2 Building 13;Newtownabbey;BT36 4FS;51.7767274;-1.4830478
UK(NI) ZK 002 EC;Fish Auction Market;Portavogie Fish Market;Newtonards;BT22 1EA;54.7023545;-3.2765753
UK(NI) ZK 004 EC;C Fish;4;Newtownards;BT22 1DT;54.6080234;-5.5359105
UK(NI) ZK 007 EC;FB Mawhinney & Son;Unit 5;Portavogie;BT22 1DT;53.0454564;-2.1888124
UK(NI) ZK 008 EC;George S Cully and Son;Unit 3 6 Princess Anne Road;Portavogie;BT22 1DT;54.4585419;-5.4388883
UK(NI) ZK 020 EC;A Winkles;Unit 8;Portavogie;BT22 1DT;52.4559123;-1.8214055
UK(NI) ZK 024 EC;Glastry Farm Ice Cream Ltd;43 Manse Road;Newtownards;BT22 1DR;54.5935210;-5.7132494
UK(NI) ZK 027 EC;Clandeboye Yoghurt Limited;12 Estate Road;Co Down;BT19 1UR;54.6347207;-5.7217941
UK(NI) ZK 030 EC;Superior Oceans Ltd;Unit 2-3;Portavogie;BT22 1DT;51.5223747;-3.1929938
UK(NI) ZK 032 EC;R&C Taggart Seafood;;Portagovie;;54.7023545;-3.2765753
UK(NI) ZK 033 EC;Mikes Fancy Cheese Company Ltd;Unit E1;Newtownards;BT23 4YH;54.5978432;-5.8903190
UK(NI) ZK 034 EC;Strangford Lough Mussels Ltd;Bishop Mills;Newtownards;BT22 1HH;54.7023545;-3.2765753
UK(NI) ZK 037 EC;Moorcroft Foods Limited;190 Quarry Heights;Newtownards;BT23 7SZ;54.6020549;-5.6949143
UK(NI) ZK 038 EC;Soups by James;8 Balloo Drive;Bangor;BT19 7QY;54.6426816;-5.6659701
UK(NI) ZK 039 EC;Hellbent;Corries on the Farm;Newtownards;BT22 2AA;54.7023545;-3.2765753
UK(NI) ZM 009 EC;Townsend Meats;57A Dunminning Road;Cullybackey;BT42 1PE;54.9057246;-6.3755008
UK(NI) ZM 010 EC;Barrs Country Kitchen;90A Cloughwater Road;Ballymena;BT43 6SZ;54.9003036;-6.2560113
UK(NI) ZM 013 EC;Gracehill Fine Foods;Unit 32 Ballymena Business Development Centre;Ballymena;BT42 1FL;54.7023545;-3.2765753
UK(NI) ZM 014 EC;CCS;310 Doury Road;Ballymena;BT44 9QP;54.9010422;-6.2849059
UK(NI) ZM 017 EC;R J Cherry & Son;38-40 Carnlea Road;Ballymena;BT43 6TS;54.9346933;-6.3161456
UK(NI) ZM 018 EC;Glenarm Organic Salmon Ltd;8 Castle Demesne;Glenarm;BT44 0BD;54.8623422;-6.2703203
UK(NI) ZM 019 EC;W Allen Meats;Unit 17;Ballykeel;BT42 4DN;54.8570746;-6.2643370
UK(NI) ZM 021 EC;M3 Distribution Services Ltd;9A Larne Street;Ballymena;BT42 3AJ;54.7023545;-3.2765753
UK(NI) ZM 022 EC;Henderson Foodservice Ltd;15 Old Belfast Road;Larne;BT40 2SH;54.8419793;-5.8534251
UK(NI) ZM 024 EC;Millbrook Coldstore;15 Old Belfast Road;Co. Antrim;BT40 2SH;54.8419793;-5.8534251
UK(NI) ZM 025 EC;Spear and Arrow;Unit 37 Ledcom Industrial Estate;Larne;BT40 3AW;54.7023545;-3.2765753
UK(NI) ZM 027 EC;Pro – Form Nutrition;Unit 20 Galgorm Industrial Estate;Ballymena;BT42 1AQ;54.7023545;-3.2765753
UK(NI) ZM 030 EC;Sardini Limited;73 Bank Road;Larne;BT40 3AT;54.8453049;-5.8182528
UK(NI) ZP 001 EC;Keenans Seafood Ltd;Unit 10 Kennedy Enterprise Centre;Belfast;BT11 9DT;54.5777366;-5.9741120
UK(NI) ZP 620 EC;Ewings Seafoods;6 Kendal Street;Belfast;BT13 2JR;54.6032149;-5.9459226
UK(NI) ZP 621 EC;Belfast Meats;Unit 3 Townsend Enterprise Park;Belfast;BT13 2ES;54.6015273;-5.9401368
UK(NI) ZP 622 EC;North Down ( Belfast ) Ltd;7 Blackstaff Road;Belfast;BT11 9DT;54.5784814;-5.9757057
UK(NI) ZP 623 EC;Belfast Ship Stores;Unit 16;Belfast;BT3 9JP;54.6116191;-5.9270862
UK(NI) ZP 629 EC;DFDS Logistics Ltd;Transit II & III;Belfast;BT3 9JL;54.6365573;-5.8793977
UK(NI) ZP 630 EC;Musgrave Wholesale Partners;1-15 Dargan Crescent;Belfast;BT3 9HJ;54.6257247;-5.9127295
UK(NI) ZP 633 EC;Tasty Foods Cuisine Ltd;Unit 6 & 7 Glenwood Business Centre;Belfast;BT17 0YU;54.7023545;-3.2765753
UK(NI) ZP 635 EC;James H Givan Ltd;Unit 5 & 6 Prince Regent Commercial Centre;Belfast;BT5 6QR;54.5814114;-5.8724441
UK(NI) ZP 637 EC;Ewings Smoked Salmon Ltd;6 Kendal street;Belfast;BT13 2JR;54.6032149;-5.9459226
UK(NI) ZP 638 EC;Asia Supermarket;60 Ormeau Embankment;Belfast;BT6 8LU;54.5904060;-5.9122781
UK(NI) ZP 641 EC;Go Pig Or Go Home Ltd;Unit 6 Oak Bank;Belfast;BT3 9DT;54.6084226;-5.9080578
UK(NI) ZP 642 EC;Freshly Prepd;Units 11-14 DC Enterprise Centre;Belfast;BT11 9AP;54.5773569;-5.9767495
UK(NI) ZP 644 EC;DFDS Logistics Contracts LTD;Transit III;Belfast;BT3 9JL;54.6365573;-5.8793977
UK(NI) ZP 645 EC;Manfreight Ltd;34A West Bank Road;Belfast;BT3 9JL;54.6326505;-5.8886019
UK(NI) ZP 646 EC;Kitchingham Meats Ltd;32 Kennedy Way;Belfast;BT11 9BQ;54.5752874;-5.9780578
UK(NI) ZP 647 EC;Blue Door Seafoods Ltd;21 Springbank Way;Belfast;BT17 0EZ;54.5694731;-6.0323023
UK(NI) ZP 648 EC;Castlebay Seafoods;49 Glenwood Business Park;Belfast;BT17 0YU;54.7023545;-3.2765753
UK(NI) ZP 9086 EC;Duncrue Food Processors Ltd;Duncrue Street;Belfast;BT3 9VS;54.6220967;-5.9173014
UK(NI) ZS 002 EC;Europa Foods Distribution Ltd;Units 16-19 Kilrea Enterprise Centre;Kilrea;BT51 5QU;54.7023545;-3.2765753
UK(NI) ZS 003 EC;Sloan’s;Unit 9 Kilrea Enterprise Centre;Kilrea;BT51 5QU;54.7023545;-3.2765753
UK(NI) ZS 005 EC;JTM Meats;50 Quilly Road;Coleraine;BT51 3PE;55.1393253;-6.6982893
UK(NI) ZS 009 EC;Annies Traditional Food Ltd.;Unit 5 Ballerin Business Park;Garvagh;BT51 5EH;54.7023545;-3.2765753
UK(NI) ZS 010 EC;Lynas Foodservice;Loughanhill Industrial Estate;Coleraine;BT52 2NR;55.1474902;-6.6500893
UK(NI) ZS 011 EC;North Coast Smokehouse;Unit 3 Moyle Enterprise Centre;Co Antrim;BT54 6EZ;54.7023545;-3.2765753
UK(NI) ZS 015 EC;KBC Food Service Limited;Unit 14 Acorn Business Centre;Co Antrim;BT53 7LH;54.7023545;-3.2765753
UK(NI) ZS 017 EC;Corndale Farm;Units C1 C2 & C3 S.O.N Building;Limavady;BT49 0HR;55.0743966;-6.9454218
UK(NI) ZS 018 EC;Lynas Foodservice;22 Garryduff Road;Co Antrim;BT53 7AP;55.0655758;-6.4979373
UK(NI) ZS 019 EC;Chestnutts Farm;211 Ballybogy Road;Portrush;BT56 8NE;55.1978029;-6.5991530
UK(NI) ZS 020 EC;Choice Cuts;68a Main Street;Co. Londonderry;BT51 5AE;54.9812685;-6.6880194
UK(NI) ZS 022 EC;Dairy Consumer Foods (UK) Ltd;Millburn Road;County Londonderry;BT52 1QZ;55.1389996;-6.6660747
UK(NI) ZS 023 EC;Higgins & Sons;29 Sea Road;Castlerock;BT51 4TN;55.1593498;-6.7881640
UK(NI) ZT 001 FE EC;F J Devlin and Sons;26 Kinturk Road;Cookstown;BT80 0JD;54.6576021;-6.5212114
UK(NI) ZT 004 FE EC;Edgewater Foods Ltd;57A Killycanavan Road;Dungannon;BT71 5BP;54.6036883;-6.5417421
UK(NI) ZT 009 EC;Food Technology Centre - CAFRE Loughry Campus;76 Dunngannon Rd;COOKSTOWN;BT80 9AA;54.6159827;-6.7320912
UK(NI) ZT 016 EC;Morrow Foods;Unit 1 Food Business Incubation Centre;Cookstown;BT80 8SG;54.7023545;-3.2765753
UK(NI) ZT 018 EC;Cloughbane Farm Foods;160 Tanderagee Road;Pomeroy;BT70 3HS;54.5900809;-6.9144155
UK(NI) ZT 021 EC;Allingham Transport Ltd;6 Grange Road;Cookstown;BT80 8SB;53.5017830;-2.6545573
UK(NI) ZT 022 EC;Glenshane Fresh Farm Eggs Ltd;15a Tullyheron Road;Maghera;BT46 5JQ;54.8466495;-6.6891152
UK(NI) ZT 023 EC;McAtamneys Gourmet Kitchen;Unit 7;Portglenone;BT44 8NQ;54.8727210;-6.4818770
UK(NI) ZT 024 EC;Lough Neagh Fishermens Co-Operative Society Ltd;4 Bannside;Toomebridge;BT41 3SB;54.2677262;-6.1232831
UK(NI) ZT 025 EC;Northern Bacon Slicers;Old Barrack Yard;Aughnacloy;BT69 6AA;51.5019510;-0.1549460
UK(NI) ZT 026 EC;Grange Farm Eggs;70 Drumgrannon Road;Dungannon;BT71 7DY;54.7023545;-3.2765753
UK(NI) ZT 032 EC;Ispini Charcuterie;20 Gorey Road;Dungannon;BT70 3AG;50.7499610;-1.9336726
UK(NI) ZT 035 EC;Ardboe Coldstore Ltd;57 Tobermore Road;Co Tyrone;BT45 5LE;54.7743202;-6.6784366
UK(NI) ZT 038 EC;Ardboe Coldstore Ltd;89 Annaghmore Road;Derry;BT45 8DU;54.7723913;-6.5587471
UK(NI) ZT 039 EC;Jordan International Transport Ltd;60 Benburb Road;Dungannon;BT71 7EZ;54.4446244;-6.6968016
UK(NI) ZT 040 EC;Bettys Ice Cream;44 Turnabarson oad;Pomeroy;BT70 2TP;54.7023545;-3.2765753
UK(NI) ZT 041 EC;Ardboe Coldstore Ltd;Unit C2 Ronan Valley Business Park;Magherafelt;BT45 6EW;54.7023545;-3.2765753
UK(NI) ZU 017 EC;Portadown Coldstore Ltd;16 Corcullentragh Road;Portadown;BT62 4JB;54.4323378;-6.4689960
UK(NI) ZU 018 EC;Mr Bens;90 Glenavon Lane;Lurgan;BT66 8TN;54.4472602;-6.3417376
UK(NI) ZU 027 EC;Americold Lurgan Warehousing Limited;66 Silverwood Road;Co Armagh;BT66 6LN;54.4679484;-6.3617856
UK(NI) ZU 028 EC;Moy Park Ltd;39 Seagoe Industrial Estate;Craigavon;BT63 5AE;54.4256823;-6.4378339
UK(NI) ZU 029 EC;Elliotts Traditional Ltd;2 Carn Drive;Craigavon;BT63 5WJ;54.4471607;-6.4177460
UK(NI) ZU 031 EC;Universal Meat Company;17A Derrycoose Road;Armagh;BT62 1LY;54.4636290;-6.5879067
UK(NI) ZU 032 EC;Farmlay Eggs;58A Hamiltonsbawn Road;Armagh;BT60 1HW;54.3473963;-6.6327235
UK(NI) ZU 033 EC;M R Foods Wholesale Ltd;Unit 7 - 11 & Unit 23A Tullygoonigan Industrial Estate;Armagh;BT61 8DR;54.3912889;-6.6693001
UK(NI) ZU 034 EC;Daily Bake Manufacturing Limited;58D Hamiltonsbawn Road Industrial Estate;Armagh;BT60 1HW;54.3480025;-6.6324646
UK(NI) ZU 035 EC;A J Miller Agencies;78 Annareagh Road;Armagh;BT61 9JU;54.3490158;-6.5473377
UK(NI) ZU 037 EC;Linden Foods Ltd;Unit 7 Charlemont Industrial Estate;Armagh;BT71 7SD;54.7023545;-3.2765753
UK(NI) ZU 038 EC;Dairy Fresh Foods Ltd;Unit 65 CIDO;Co. Armagh;BT63 5WH;54.7023545;-3.2765753
UK(NI) ZU 040 EC;Carrs Elite Foods Ltd;24B Lower Clay Road;Co Armagh;BT60 3HR;54.2286372;-6.7395814
UK(NI) ZU 045 EC;Ballylisk Dairies Ltd;Unit 12b Mahon Road;Portadown;BT62 3EH;54.4102868;-6.4555025
UK(NI) ZU 046 EC;KSM Lurgancot Coldstores Ltd;98 Lurgancot Lane;Co Armagh;BT61 8NU;54.7023545;-3.2765753
UK(NI) ZU 047 EC;Jebco Foods Ltd;6E Diviny Drive;Co Armagh;BT63 5WE;54.7023545;-3.2765753
UK(NI) ZU 049 EC;Carn Coldstore Ltd.;90 Charlestown Road;Portadown;BT63 5PP;54.4627909;-6.4261007
UK(NI) ZU 050 EC;Lean Supper Club;6A & 6B Bluestone Business Park;Co Armagh;BT65 5HU;54.4384569;-6.3701405
UK(NI) ZU 056 EC;Nutrilean;204 Blackskull Road;Banbridge;BT32 4PW;54.4131206;-6.2276652
UK(NI) ZU 058 EC;Kitchen Bakes Ltd;Unit 1-6 Mahon Industrial Estate;Portadown;BT62 3EH;54.4093326;-6.4481044
UK(NI) ZU 059 EC;Simplyfruit (IRE) Limited;1 Carn Drive;Craigavon;BT63 5WJ;54.4471607;-6.4177460
UK(NI) ZU 060 EC;Abernethy Butter;7A Bluestone Business Park;Craigavon;BT65 5HU;54.4384569;-6.3701405
UK(NI) ZU 061 EC;Spizarnia UK Ltd;Unit F3 & f4;Portadown;BT62 1PA;54.4334101;-6.4493012
UK(NI) ZV 006 EC;C & O Milligan NI Ltd;Station Lane;Downpatrick;BT30 7SF;52.7612726;-1.6845240
UK(NI) ZV 008 EC;Ardglass Sea Products Ltd;20 Downpatrick Road;Downpatrick;BT30 7SF;54.2602973;-5.6413592
UK(NI) ZX 010 EC;Western Brand Poultry Products (NI) Ltd;11 Screevagh Road;Lisnaskea;BT92 0FA;54.2200689;-7.4195453
UK(NI) ZX 012 EC;Flynns Fine Foods Ltd;Unit A;Rosslea;BT92 7GP;51.7757699;-1.4870197
UK(NI) ZX 013 EC;Erne Country Meats Ltd;54 Wattlebridge Road;Newtownbutler;BT92 6NJ;54.1794468;-7.3595158
UK(NI) ZX 016 EC;O’Dohertys Black Bacon Co;3 Belmore Street;Co. Fermanagh;BT74 6AA;54.3442284;-7.6339109
UK(NI) ZX 017 EC;Pilgrim Food Masters UK Ltd;Carran Business Park;Co. Fermanagh;BT74 4RZ;54.7023545;-3.2765753
UK(NI) ZX 018 EC;Flynns Fine Foods Ltd.;110 Deerpark Road;Rosslea;BT92 7GP;54.2583842;-7.1706136
UK(NI) ZX 019 EC;Ready Egg Products Ltd;116 Crom Road;Lisnaskea;BT92 0BN;54.2261518;-7.4230459
UK(NI) ZX 025 EC;Glenrossan Fish Products;50 Aughaboy Road;Omagh;BT79 7QS;54.9026585;-5.9630049
UK(NI) ZX 026 EC;Gortrush Food Services Ltd;Unit 2;Omagh;BT78 5NF;54.5138011;-7.4583538
UK(NI) ZX 028 EC;Crust and Crumb Bakery Ltd;37 Main Street;Derrylin;BT92 9PL;54.2002834;-7.5763101
UK(NI) ZX 029 EC;Kennedy Bacon;30 Glenhordial Road;Omagh;BT79 7JT;54.7023545;-3.2765753
UK(NI) ZX 031 EC;Gortaclare Chilled Distribution;180 Doogary Road;Omagh;BT79 0XN;54.5825305;-7.2858268
