L1	L2	Food product L7	Segmentation OFF	Batch 1 ?
Alcoholic beverages	Beer and beer-like beverage	Ale beer	Beverages and beverages preparations > Beverages > Alcoholic beverages > Beers > Ales	
Legumes, nuts, oilseeds and spices	Spices	Allspice fruit	Condiments > Herbs and spices > Spices > Peppers	
Legumes, nuts, oilseeds and spices	Nuts, oilseeds and oilfruits	Almonds	Plant-based foods and beverages > Plant-based foods > Nuts and their products > Nuts > Almonds	
Grains and grain-based products	Fine bakery wares	Apple strudel	Snacks > Sweet snacks > Biscuits and cakes > Cakes > Apple Cakes	
Grains and grain-based products	Fine bakery wares	Apple strudel	Snacks > Sweet snacks > Biscuits and cakes > Pastries > Strudels	
Grains and grain-based products	Fine bakery wares	Apple strudel	Snacks > Sweet snacks > Biscuits and cakes > Cakes > Apple Cakes	
Fruit and fruit products	Fruit used as fruit	Apples	Plant-based foods and beverages > Plant-based foods > Fruits and vegetables based foods > Fruits based foods > Fruits > Apples	yes
Fruit and fruit products	Fruit used as fruit	Apricots	Plant-based foods and beverages > Plant-based foods > Fruits and vegetables based foods > Fruits based foods > Fruits > Apricots	
Vegetables and vegetable products	Herbs and edible flowers	Aromatic herbs	Condiments > Culinary plants > Aromatic plants > Herbs	
Vegetables and vegetable products	Stems/stalks eaten as vegetables	Asparagus	Plant-based foods and beverages > Plant-based foods > Fruits and vegetables based foods > Vegetables based foods > Vegetables > Vegetable rods > Asparagus	
Fish and seafood	Fish (meat)	Atlantic salmon	Seafood > Fishes and their products > Fishes > Fatty fishes > Salmons > Salmons from farming	
Vegetables and vegetable products	Fruiting vegetables	Aubergines	Plant-based foods and beverages > Plant-based foods > Fruits and vegetables based foods > Vegetables based foods > Vegetables > Aubergines	
Fruit and fruit products	Fruit used as fruit	Avocados	Plant-based foods and beverages > Plant-based foods > Fruits and vegetables based foods > Fruits based foods > Fruits > Tropical fruits > Avocados	
Meat and meat products	Processed whole meat products	Bacon	Meats and their products > Meats > Pork > Bacon	
Seasoning, sauces and condiments	Condiments (including table-top formats)	Balsamic vinegar and similar	Condiments > Vinegars > Balsamic vinegars	
Coffee, cocoa, tea and infusions	Hot drinks and similar (coffee, cocoa, tea and herbal infusions)	Barley coffee infusion	Beverages and beverages preparations > Beverage preparations > Instant beverages > Cereals-based beverages	
Coffee, cocoa, tea and infusions	Hot drinks and similar (coffee, cocoa, tea and herbal infusions)	Barley coffee infusion	Beverages and beverages preparations > Beverage preparations > Instant beverages > Instant mix of barley and coffee powder	
Grains and grain-based products	Cereals and cereal primary derivatives	Barley grain, pearled	Plant-based foods and beverages > Plant-based foods > Cereals and potatoes > Cereals and their products > Cereal grains > Barley > Pearled barley	
Grains and grain-based products	Cereals and cereal primary derivatives	Barley groats	Plant-based foods and beverages > Plant-based foods > Cereals and potatoes > Cereals and their products > Groats	
Grains and grain-based products	Cereals and cereal primary derivatives	Barley groats	Plant-based foods and beverages > Plant-based foods > Cereals and potatoes > Cereals and their products > Cereal grains > Barley	
Vegetables and vegetable products	Herbs and edible flowers	Basil	Condiments > Culinary plants > Aromatic plants > Herbs > Basil	
Legumes, nuts, oilseeds and spices	Spices	Bay leaves, dry	Condiments > Culinary plants > Aromatic plants > Bay laurel > Dried bay laurel	
Vegetables and vegetable products	Legumes with pod	Beans (with pods) and similar-	Plant-based foods and beverages > Plant-based foods > Fruits and vegetables based foods > Vegetables based foods > Vegetables > Broad beans	
Composite dishes	Dishes, incl. Ready to eat meals (excluding soups and salads)	Beans meal	Meals > Bean dishes	
Seasoning, sauces and condiments	Condiments (including table-top formats)	Bechamel sauce	Condiments > Sauces > Béchamel sauces	
Alcoholic beverages	Beer and beer-like beverage	Beer	Beverages and beverages preparations > Beverages > Alcoholic beverages > Beers	
Alcoholic beverages	Beer and beer-like beverage	Beer aromatised with lemon	Beverages and beverages preparations > Beverages > Alcoholic beverages > Beers > Beers with fruits	
Alcoholic beverages	Beer and beer-like beverage	Beer aromatised with lemon	Beverages and beverages preparations > Beverages > Alcoholic beverages > Beers	
Alcoholic beverages	Beer and beer-like beverage	Beer, alcohol-free	Beverages and beverages preparations > Beverages > Non-alcoholic beverages > Non-alcoholic beers	
Alcoholic beverages	Beer and beer-like beverage	Beer, light	Beverages and beverages preparations > Beverages > Alcoholic beverages > Beers > Light beers	
Alcoholic beverages	Beer and beer-like beverage	Beer, regular	Beverages and beverages preparations > Beverages > Alcoholic beverages > Beers > Industrial beer	
Alcoholic beverages	Beer and beer-like beverage	Beer, strong	Beverages and beverages preparations > Beverages > Alcoholic beverages > Beers > Strong beers	
Alcoholic beverages	Beer and beer-like beverage	Beer-like beverages	Beverages and beverages preparations > Beverages > Alcoholic beverages > Beers > Pure malt beers	
Vegetables and vegetable products	Root and tuber vegetables (excluding starchy- and sugar-)	Beetroots	Plant-based foods and beverages > Plant-based foods > Fruits and vegetables based foods > Vegetables based foods > Vegetables > Beetroot	
Fruit and fruit products	Fruit used as fruit	Berries and small fruits	Plant-based foods and beverages > Plant-based foods > Fruits and vegetables based foods > Fruits based foods > Fruits > Berries	
Fruit and fruit products	Fruit used as fruit	Bilberries (European blueberries)	Plant-based foods and beverages > Plant-based foods > Fruits and vegetables based foods > Fruits based foods > Fruits > Berries > Bilberries	
Grains and grain-based products	Fine bakery wares	Biscuit with inclusions, filling or coating	Snacks > Sweet snacks > Biscuits and cakes > Biscuits > Filled biscuits	
Grains and grain-based products	Fine bakery wares	Biscuits	Snacks > Sweet snacks > Biscuits and cakes > Biscuits	yes
Grains and grain-based products	Fine bakery wares	Biscuits, chocolate	Snacks > Sweet snacks > Biscuits and cakes > Biscuits > Chocolate biscuits	yes
Grains and grain-based products	Fine bakery wares	Biscuits, sweet, plain	Snacks > Sweet snacks > Biscuits and cakes > Biscuits > Plain wheat biscuits	yes
Grains and grain-based products	Fine bakery wares	Biscuits, sweet, wheat wholemeal	Snacks > Sweet snacks > Biscuits and cakes > Biscuits	
Sugar and similar, confectionery and water-based sweet desserts	Confectionery including chocolate	Bitter chocolate	Cocoa and its products > Chocolates > Dark chocolates	
Sugar and similar, confectionery and water-based sweet desserts	Confectionery including chocolate	Bitter-sweet chocolate	Cocoa and its products > Chocolates > Chocolates with sweeteners > Dark chocolates with sweeteners	
Legumes, nuts, oilseeds and spices	Spices	Black caraway seed	Condiments > Culinary plants > Aromatic plants > Herbs > Caraway seeds	
Legumes, nuts, oilseeds and spices	Spices	Black pepper	Condiments > Herbs and spices > Spices > Peppers > Black peppers	
Fruit and fruit products	Fruit used as fruit	Blackcurrants	Plant-based foods and beverages > Plant-based foods > Fruits and vegetables based foods > Fruits based foods > Fruits > Berries > Blackcurrants	
Animal and vegetable fats and oils and primary derivatives thereof	Fat emulsions and blended fats	Blended fat and oils	Fats > 30-40% blended fat with vegetable and animal origins	
Animal and vegetable fats and oils and primary derivatives thereof	Fat emulsions and blended fats	Blended fat and oils	Fats > 30-40% lightly salted blended fat with vegetable and animal origins	
Animal and vegetable fats and oils and primary derivatives thereof	Fat emulsions and blended fats	Blended fat and oils	Fats > 50-63% blended fat with vegetable and animal origins	
Animal and vegetable fats and oils and primary derivatives thereof	Fat emulsions and blended fats	Blended fat and oils	Fats > 50-63% lightly salted blended fat with vegetable and animal origins	
Animal and vegetable fats and oils and primary derivatives thereof	Fat emulsions and blended fats	Blended fat and oils	Spreads > Spreadable fats > Butter and margarine mix	
Animal and vegetable fats and oils and primary derivatives thereof	Fat emulsions and blended fats	Blended frying oil/fats	Fats > Vegetable fats > Vegetable oils > Frying oil	
Animal and vegetable fats and oils and primary derivatives thereof	Fat emulsions and blended fats	Blended margarine	Plant-based foods and beverages > Plant-based foods > Plant-based spreads > Margarines	
Meat and meat products	Animal other slaughtering products	Blood (as part-nature)	Meats and their products > Prepared meats > Boudins	
Meat and meat products	Animal other slaughtering products	Blood (as part-nature)	Fish and meat and eggs > Offals > Tripe dishes > Black pudding	
Meat and meat products	Sausages	Blood and tongue sausage	Meats and their products > Prepared meats > Boudins	
Meat and meat products	Sausages	Blood and tongue sausage	Fish and meat and eggs > Offals > Tripe dishes > Black pudding	
Meat and meat products	Sausages	Blood-type sausage	Meats and their products > Prepared meats > Boudins	
Meat and meat products	Sausages	Blood-type sausage	Fish and meat and eggs > Offals > Tripe dishes > Black pudding	
Fish and seafood	Molluscs	Blue mussel	Seafood > Mollusc > Mussels > Common mussels	
Eggs and egg products	Processed eggs	Boiled eggs	Farming products > Eggs	
Eggs and egg products	Processed eggs	Boiled eggs	Farming products > Eggs > Hard-boiled egg	
Eggs and egg products	Processed eggs	Boiled eggs	Farming products > Eggs > Boiled eggs	
Meat and meat products	Sausages	Bologna-type sausage	Meats and their products > Italian meat products > Mortadella Bologna	
Legumes, nuts, oilseeds and spices	Legumes	Borlotti or other common beans (dry)	Plant-based foods and beverages > Plant-based foods > Legumes and their products > Legumes > Legume seeds > Pulses > Common beans > White beans > Dried haricot beans	
Legumes, nuts, oilseeds and spices	Legumes	Borlotti or other common beans (without pods)	Plant-based foods and beverages > Plant-based foods > Legumes and their products > Legumes > Legume seeds > Pulses > Common beans	
Water and water-based beverages	Drinking water	Bottled drinking water	Beverages and beverages preparations > Beverages > Waters > Table waters	
Water and water-based beverages	Drinking water	Bottled water	Beverages and beverages preparations > Beverages > Waters	
Meat and meat products	Mammals and birds meat	Bovine and pig fresh meat	Meats and their products > Meats > Cooked meats > Cooked red meat	
Meat and meat products	Mammals and birds meat	Bovine and pig, minced meat	Meats and their products > Meats > Cooked meats > Cooked red meat	
Meat and meat products	Animal edible offal, non-muscle, other than liver and kidney	Bovine edible offal, non-muscle, other than liver and kidney	Meats and their products > Beef and its products > Beef > Beef offals	
Meat and meat products	Mammals and birds meat	Bovine fresh meat	Meats and their products > Beef and its products > Beef	yes
Meat and meat products	Animal other slaughtering products	Bovine trotters and feet	Meats and their products > Beef and its products > Beef > Beef knuckle	
Meat and meat products	Mammals and birds meat	Bovine, minced meat	Meats and their products > Beef and its products > Beef > Beef steaks > Ground beef steaks	yes
Alcoholic beverages	Unsweetened spirits and liqueurs	Brandy	Beverages and beverages preparations > Beverages > Alcoholic beverages > Distilled beverages > Hard liquors > Eaux de vie > Brandys	
Composite dishes	Dishes, incl. Ready to eat meals (excluding soups and salads)	Bread- (or similar products) based dishes	Meals > Pizzas pies and quiches	
Composite dishes	Dishes, incl. Ready to eat meals (excluding soups and salads)	Bread- (or similar products) based dishes	Meals > Focaccia	
Composite dishes	Dishes, incl. Ready to eat meals (excluding soups and salads)	Bread- (or similar products) based dishes	Sandwiches	
Grains and grain-based products	Bread and similar products	Bread and rolls with special ingredients added	Plant-based foods and beverages > Plant-based foods > Cereals and potatoes > Cereals and their products > Breads	
Grains and grain-based products	Bread and similar products	Bread and rolls with special ingredients added	Plant-based foods and beverages > Plant-based foods > Cereals and potatoes > Cereals and their products > Breads > Bread rolls	
Grains and grain-based products	Bread and similar products	Bread from bakery	Plant-based foods and beverages > Plant-based foods > Cereals and potatoes > Cereals and their products > Breads	
Grains and grain-based products	Bread and similar products	Bread stuffing	Stuffing	
Grains and grain-based products	Bread and similar products	Bread stuffing	Plant-based foods and beverages > Plant-based foods > Cereals and potatoes > Cereals and their products > Breads	
Grains and grain-based products	Bread and similar products	Breadcrumbs	Plant-based foods and beverages > Plant-based foods > Cereals and potatoes > Cereals and their products > Breads > Bread crumbs	
Meat and meat products	Sausages	Breakfast-type sausage	Meats and their products > Pork and its products > Prepared pork meats > Pork sausages	
Grains and grain-based products	Fine bakery wares	Brioche type products	Snacks > Sweet snacks > Sweet pastries and pies > Viennoiseries > Brioches	
Vegetables and vegetable products	Flowering brassica	Broccoli	Plant-based foods and beverages > Plant-based foods > Fruits and vegetables based foods > Vegetables based foods > Vegetables > Broccoli	
Sugar and similar, confectionery and water-based sweet desserts	Sugar and other sweetening ingredients (excluding intensive sweeteners)	Brown sugar	Sweeteners > Sugars > Brown sugars	
Vegetables and vegetable products	Leafy vegetables	Brussels sprouts	Plant-based foods and beverages > Plant-based foods > Fruits and vegetables based foods > Vegetables based foods > Vegetables > Brussels sprouts	
Grains and grain-based products	Cereals and cereal primary derivatives	Buckwheat	Plant-based foods and beverages > Plant-based foods > Cereals and potatoes > Cereals and their products > Cereal grains > Buckwheat	
Grains and grain-based products	Cereals and cereal primary derivatives	Bulgur	Plant-based foods and beverages > Plant-based foods > Cereals and potatoes > Cereals and their products > Groats > Wheat groats > Bulgur	
Grains and grain-based products	Fine bakery wares	Buns	Plant-based foods and beverages > Plant-based foods > Cereals and potatoes > Cereals and their products > Breads > Special breads	
Grains and grain-based products	Fine bakery wares	Buns	Plant-based foods and beverages > Plant-based foods > Cereals and potatoes > Cereals and their products > Breads > Special breads > Hamburger buns	
Animal and vegetable fats and oils and primary derivatives thereof	Fat emulsions and blended fats	Butter	Fats > Animal fats > Butters	
Animal and vegetable fats and oils and primary derivatives thereof	Fat emulsions and blended fats	Butter and margarine/oil blends	Fats > 30-40% blended fat with vegetable and animal origins	
Animal and vegetable fats and oils and primary derivatives thereof	Fat emulsions and blended fats	Butter and margarine/oil blends	Fats > 30-40% lightly salted blended fat with vegetable and animal origins	
Animal and vegetable fats and oils and primary derivatives thereof	Fat emulsions and blended fats	Butter and margarine/oil blends	Fats > 50-63% blended fat with vegetable and animal origins	
Animal and vegetable fats and oils and primary derivatives thereof	Fat emulsions and blended fats	Butter and margarine/oil blends	Fats > 50-63% lightly salted blended fat with vegetable and animal origins	
Animal and vegetable fats and oils and primary derivatives thereof	Fat emulsions and blended fats	Butter and margarine/oil blends	Spreads > Spreadable fats > Butter and margarine mix	
Grains and grain-based products	Fine bakery wares	Butter biscuits	Snacks > Sweet snacks > Biscuits and cakes > Biscuits > Shortbread cookies > Sablés au beurre	yes
Milk and dairy products	Milk, whey and cream	Buttermilk	Dairies > Fermented milk products > Buttermilks	
Grains and grain-based products	Pasta, doughs and similar products	Cake pre-mixes/batter	Plant-based foods and beverages > Plant-based foods > Cereals and potatoes > Cereals and their products > Pancake mixes	
Grains and grain-based products	Fine bakery wares	Cakes	Snacks > Sweet snacks > Biscuits and cakes > Cakes	
Grains and grain-based products	Fine bakery wares	Cakes with fruits	Snacks > Sweet snacks > Biscuits and cakes > Cakes > Soft cake filled with fruits	
Grains and grain-based products	Fine bakery wares	Cakes with fruits	Snacks > Sweet snacks > Biscuits and cakes > Cakes > Fruit cakes	
Grains and grain-based products	Fine bakery wares	Cakes with fruits	Snacks > Sweet snacks > Biscuits and cakes > Cakes > Clafoutis	
Grains and grain-based products	Fine bakery wares	Cakes with fruits	Snacks > Sweet snacks > Biscuits and cakes > Cakes > Apple Cakes	
Grains and grain-based products	Fine bakery wares	Cakes with fruits	Snacks > Sweet snacks > Biscuits and cakes > Cakes	
Meat and meat products	Mammals and birds meat	Calf fresh meat	Meats and their products > Meats > Cooked meats > Cooked white meat > Cooked veal meat	
Coffee, cocoa, tea and infusions	Hot drinks and similar (coffee, cocoa, tea and herbal infusions)	Camomile infusion	Beverages and beverages preparations > Beverage preparations > Herbal teas > Chamomile	
Sugar and similar, confectionery and water-based sweet desserts	Confectionery including chocolate	Candies (soft and hard)	Snacks > Sweet snacks > Confectioneries > Candies	
Fish and seafood	Fish and seafood processed	Canned anchovies	Seafood > Fishes and their products > Fishes > Fatty fishes > Anchovy > Anchovy fillets > Anchovy fillets in oil > Semi-preserved anchovy fillets in oil	
Fish and seafood	Fish and seafood processed	Canned anchovies	Seafood > Fishes and their products > Fishes > Fatty fishes > Anchovy > Semi-preserved anchovy in salt	
Fish and seafood	Fish and seafood processed	Canned anchovies	Seafood > Fishes and their products > Fishes > Fatty fishes > Anchovy	
Fish and seafood	Fish and seafood processed	Canned anchovies	Canned foods > Canned fishes	
Meat and meat products	Canned-tinned meat	Canned meat	Meats and their products > Meats > Poultries > Preserved poultry liver	
Meat and meat products	Canned-tinned meat	Canned meat	Meats and their products > Meats > Poultries > Ducks > Duck gizzards > Preserved duck gizzards	
Meat and meat products	Canned-tinned meat	Canned meat	Meats and their products > Meats > Pork > Preserved pork liver	
Meat and meat products	Canned-tinned meat	Canned meat	Meals > Meals with meat > Canned meals with meat	
Meat and meat products	Canned-tinned meat	Canned meat	Meats and their products > Pork and its products > Pork preparations > Canned cooked lean pork	
Meat and meat products	Canned-tinned meat	Canned meat	Canned foods > Canned meats	
Vegetables and vegetable products	Processed or preserved vegetables and similar	Canned mushrooms	Canned foods > Canned plant-based foods > Canned mushrooms	
Fruit and fruit products	Processed fruit products	Canned or jarred apricot	Canned foods > Canned plant-based foods > Canned fruits > Fruits in syrup > Apricots in syrup	
Legumes, nuts, oilseeds and spices	Processed legumes, nuts, oilseeds and spices	Canned or jarred chickpea	Canned foods > Canned plant-based foods > Canned legumes	
Legumes, nuts, oilseeds and spices	Processed legumes, nuts, oilseeds and spices	Canned or jarred chickpea	Canned foods > Canned plant-based foods > Canned legumes > Canned chickpeas	
Legumes, nuts, oilseeds and spices	Processed legumes, nuts, oilseeds and spices	Canned or jarred common beans	Canned foods > Canned plant-based foods > Canned legumes > Canned common beans	
Legumes, nuts, oilseeds and spices	Processed legumes, nuts, oilseeds and spices	Canned or jarred french beans (with pods)	Plant-based foods and beverages > Plant-based foods > Prepared vegetables > Cooked vegetables > Cooked French beans	
Legumes, nuts, oilseeds and spices	Processed legumes, nuts, oilseeds and spices	Canned or jarred french beans (with pods)	Plant-based foods and beverages > Plant-based foods > Prepared vegetables > Cooked vegetables > Cooked haricot beans	
Legumes, nuts, oilseeds and spices	Processed legumes, nuts, oilseeds and spices	Canned or jarred french beans (with pods)	Canned foods > Canned plant-based foods > Canned legumes > Canned common beans	
Legumes, nuts, oilseeds and spices	Processed legumes, nuts, oilseeds and spices	Canned or jarred french beans (with pods)	Canned foods > Canned plant-based foods > Canned legumes > Canned green beans	
Legumes, nuts, oilseeds and spices	Processed legumes, nuts, oilseeds and spices	Canned or jarred french beans (with pods)	Plant-based foods and beverages > Plant-based foods > Prepared vegetables > Cooked vegetables > Cooked French beans	
Fruit and fruit products	Processed fruit products	Canned or jarred fruit	Canned foods > Canned plant-based foods > Canned fruits	
Fruit and fruit products	Processed fruit products	Canned or jarred mixed fruit	Canned foods > Canned plant-based foods > Canned fruits > Fruits in syrup > Canned mixed fruit in syrup	
Legumes, nuts, oilseeds and spices	Processed legumes, nuts, oilseeds and spices	Canned or jarred peas	Canned foods > Canned plant-based foods > Canned legumes > Canned peas	
Fruit and fruit products	Processed fruit products	Canned or jarred pineapple	Canned foods > Canned plant-based foods > Canned fruits > Canned pineapples	
Legumes, nuts, oilseeds and spices	Processed legumes, nuts, oilseeds and spices	Canned or jarred slicing bean	Plant-based foods and beverages > Plant-based foods > Fruits and vegetables based foods > Vegetables based foods > Vegetables > Broad beans > Canned broad beans	
Legumes, nuts, oilseeds and spices	Processed legumes, nuts, oilseeds and spices	Canned or jarred slicing bean	Canned foods > Canned plant-based foods > Canned legumes > Canned common beans	
Legumes, nuts, oilseeds and spices	Processed legumes, nuts, oilseeds and spices	Canned or jarred slicing bean	Canned foods > Canned plant-based foods > Canned legumes > Canned green beans > Canned flat green beans	
Fruit and fruit products	Processed fruit products	Canned or jarred sour cherry	Canned foods > Canned plant-based foods > Canned fruits > Fruits in syrup > Cherries in syrup	
Fish and seafood	Fish and seafood processed	Canned seafood	Canned foods > Canned mussels	
Fish and seafood	Fish and seafood processed	Canned seafood	Seafood > Shelf-stable prepared aquatic invertebrates	
Fish and seafood	Fish and seafood processed	Canned tunas and similar	Canned foods > Canned fishes > Canned tunas	yes
Vegetables and vegetable products	Processed or preserved vegetables and similar	Canned/jarred carrots	Canned foods > Canned plant-based foods > Canned vegetables > Canned carrots	
Vegetables and vegetable products	Processed or preserved vegetables and similar	Canned/jarred endives	Plant-based foods and beverages > Plant-based foods > Fruits and vegetables based foods > Vegetables based foods > Vegetables > Leaf vegetables > Belgian endives > Canned Belgian endives	
Vegetables and vegetable products	Processed or preserved vegetables and similar	Canned/jarred endives	Plant-based foods and beverages > Plant-based foods > Fruits and vegetables based foods > Vegetables based foods > Vegetables > Endives	
Fish and seafood	Fish and seafood processed	Canned/jarred fish	Canned foods > Canned fishes	
Vegetables and vegetable products	Processed or preserved vegetables and similar	Canned/jarred gherkins	Canned foods > Canned plant-based foods > Canned vegetables > Pickled vegetables > Pickled cucumbers	
Vegetables and vegetable products	Processed or preserved vegetables and similar	Canned/jarred gherkins	Plant-based foods and beverages > Plant-based foods > Pickles	
Vegetables and vegetable products	Processed or preserved vegetables and similar	Canned/jarred gherkins	Plant-based foods and beverages > Plant-based foods > Fruits and vegetables based foods > Vegetables based foods > Vegetables > Cucumbers > Small cucumbers > Gherkins > Pickled gherkins	
Vegetables and vegetable products	Processed or preserved vegetables and similar	Canned/jarred gherkins	Plant-based foods and beverages > Plant-based foods > Fruits and vegetables based foods > Vegetables based foods > Vegetables > Cucumbers > Small cucumbers > Gherkins	
Vegetables and vegetable products	Processed or preserved vegetables and similar	Canned/jarred heart of palm	Canned foods > Canned plant-based foods > Canned palm hearts	
Vegetables and vegetable products	Processed or preserved vegetables and similar	Canned/jarred sweet pepper and tomatoes	Plant-based foods and beverages > Plant-based foods > Prepared vegetables > Stuffed tomatoes	
Vegetables and vegetable products	Processed or preserved vegetables and similar	Canned/jarred sweet pepper and tomatoes	Plant-based foods and beverages > Plant-based foods > Prepared vegetables > Mashed vegetables > Canned tomato puree	
Vegetables and vegetable products	Processed or preserved vegetables and similar	Canned/jarred sweet pepper and tomatoes	Plant-based foods and beverages > Plant-based foods > Plant-based spreads > Fruit and vegetable preserves > Jams > Tomato jams	
Vegetables and vegetable products	Processed or preserved vegetables and similar	Canned/jarred sweet pepper and tomatoes	Plant-based foods and beverages > Plant-based foods > Plant-based spreads > Tomato chutneys	
Vegetables and vegetable products	Processed or preserved vegetables and similar	Canned/jarred sweet pepper and tomatoes	Canned foods > Canned plant-based foods > Canned vegetables > Canned tomatoes	
Vegetables and vegetable products	Processed or preserved vegetables and similar	Canned/jarred sweet pepper and tomatoes	Plant-based foods and beverages > Plant-based foods > Plant-based spreads > Sweet pepper chutneys	
Vegetables and vegetable products	Processed or preserved vegetables and similar	Canned/jarred sweet pepper and tomatoes	Plant-based foods and beverages > Plant-based foods > Prepared vegetables > Cooked vegetables > Cooked peppers	
Vegetables and vegetable products	Processed or preserved vegetables and similar	Canned/jarred sweet pepper and tomatoes	Plant-based foods and beverages > Plant-based foods > Prepared vegetables > Cooked vegetables > Cooked sweet peppers	
Vegetables and vegetable products	Processed or preserved vegetables and similar	Canned/jarred sweet pepper and tomatoes	Plant-based foods and beverages > Plant-based foods > Plant-based spreads > Fruit and vegetable preserves > Jams > Sweet pepper jams	
Vegetables and vegetable products	Processed or preserved vegetables and similar	Canned/jarred sweet pepper and tomatoes	Canned foods > Canned plant-based foods > Canned vegetables > Canned peppers	
Vegetables and vegetable products	Processed or preserved vegetables and similar	Canned/jarred tomato sauce	Plant-based foods and beverages > Plant-based foods > Prepared vegetables > Mashed vegetables > Canned tomato puree	yes
Vegetables and vegetable products	Processed or preserved vegetables and similar	Canned/jarred tomato sauce	Condiments > Sauces > Meal sauces > Fried tomato sauces	yes
Vegetables and vegetable products	Processed or preserved vegetables and similar	Canned/jarred tomato sauce	Condiments > Sauces > Meal sauces > Pimented tomato sauces	yes
Vegetables and vegetable products	Processed or preserved vegetables and similar	Canned/jarred tomato sauce	Condiments > Sauces > Meal sauces > Tomato sauces with basil	yes
Vegetables and vegetable products	Processed or preserved vegetables and similar	Canned/jarred tomato sauce	Condiments > Sauces > Meal sauces > Tomato sauces with cheese	yes
Vegetables and vegetable products	Processed or preserved vegetables and similar	Canned/jarred tomato sauce	Condiments > Sauces > Meal sauces > Tomato sauces with mushrooms	yes
Vegetables and vegetable products	Processed or preserved vegetables and similar	Canned/jarred tomato sauce	Condiments > Sauces > Meal sauces > Tomato sauces with olives	yes
Vegetables and vegetable products	Processed or preserved vegetables and similar	Canned/jarred tomato sauce	Condiments > Sauces > Meal sauces > Tomato sauces with parmesan cheese	yes
Vegetables and vegetable products	Processed or preserved vegetables and similar	Canned/jarred tomato sauce	Condiments > Sauces > Meal sauces > Tomato sauces with ricotta	yes
Vegetables and vegetable products	Processed or preserved vegetables and similar	Canned/jarred tomato sauce	Condiments > Sauces > Meal sauces > Tomato sauces with vegetables	yes
Vegetables and vegetable products	Processed or preserved vegetables and similar	Canned/jarred tomato sauce	Condiments > Sauces > Pizza sauces > Tomato sauce for pizza base	yes
Vegetables and vegetable products	Processed or preserved vegetables and similar	Canned/jarred tomato sauce	Condiments > Sauces > Tomato sauces	yes
Vegetables and vegetable products	Processed or preserved vegetables and similar	Canned/jarred vegetables	Canned foods > Canned plant-based foods > Canned vegetables	
Vegetables and vegetable products	Processed or preserved vegetables and similar	Canned/jarred vegetables 	Canned foods > Canned plant-based foods > Canned vegetables	
Sugar and similar, confectionery and water-based sweet desserts	Confectionery including chocolate	Caramel, soft	Snacks > Sweet snacks > Confectioneries > Caramels	
Legumes, nuts, oilseeds and spices	Spices	Caraway fruit	Condiments > Culinary plants > Aromatic plants > Herbs > Caraway seeds	
Water and water-based beverages	Drinking water	Carbonated bottled drinking water	Beverages and beverages preparations > Beverages > Carbonated drinks > Carbonated waters	
Water and water-based beverages	Drinking water	Carbonated natural mineral water	Beverages and beverages preparations > Beverages > Carbonated drinks > Carbonated waters > Carbonated natural mineral waters	
Vegetables and vegetable products	Root and tuber vegetables (excluding starchy- and sugar-)	Carrots	Plant-based foods and beverages > Plant-based foods > Fruits and vegetables based foods > Vegetables based foods > Vegetables > Carrots	
Legumes, nuts, oilseeds and spices	Nuts, oilseeds and oilfruits	Cashew nuts	Plant-based foods and beverages > Plant-based foods > Nuts and their products > Nuts > Cashew nuts	
Vegetables and vegetable products	Flowering brassica	Cauliflowers	Plant-based foods and beverages > Plant-based foods > Fruits and vegetables based foods > Vegetables based foods > Vegetables > Leaf vegetables > Cauliflowers	
Vegetables and vegetable products	Root and tuber vegetables (excluding starchy- and sugar-)	Celeriacs	Condiments > Culinary plants > Celery > Celeriac	
Vegetables and vegetable products	Stems/stalks eaten as vegetables	Celeries	Condiments > Culinary plants > Celery	
Vegetables and vegetable products	Herbs and edible flowers	Celery leaves	Condiments > Culinary plants > Celery > Celery stalk	
Grains and grain-based products	Breakfast cereals	Cereal bars mixed	Snacks > Sweet snacks > Bars > Cereal bars	
Grains and grain-based products	Breakfast cereals	Cereal flakes and similar	Breakfasts > Breakfast cereals > Cereal flakes	
Composite dishes	Soups and salads	Cereal products and grains based soup	Meals > Soups > Fermented cereal soup	
Composite dishes	Soups and salads	Cereal products and grains based soup	Dried products > Dried meals > Dehydrated soups > Dehydrated cereals and vegetables soup	
Alcoholic beverages	Wine and wine-like drinks	Champagne-like wine	Beverages and beverages preparations > Beverages > Alcoholic beverages > Wines > Wines from France > Crémant d'Alsace	
Vegetables and vegetable products	Leafy vegetables	Chards	Plant-based foods and beverages > Plant-based foods > Fruits and vegetables based foods > Vegetables based foods > Vegetables > Chards	
Milk and dairy products	Cheese	Cheese	Dairies > Fermented milk products > Cheeses	
Milk and dairy products	Cheese	Cheese cake	Snacks > Sweet snacks > Biscuits and cakes > Cakes > Cheesecakes	
Milk and dairy products	Cheese	Cheese curd	Dairies > Fermented milk products > Cheeses > Lithuanian cheeses > Lithuanian curd cheese	
Seasoning, sauces and condiments	Condiments (including table-top formats)	Cheese sauce	Condiments > Sauces > Cheese sauces	
Composite dishes	Dishes, incl. Ready to eat meals (excluding soups and salads)	Cheese savoury pie	Meals > Pizzas pies and quiches > Salted pies > Cheese pies	
0	0	Cheese substitutes	Plant-based foods and beverages > Dairy substitutes > Cheese substitutes	
Alternative products (outside of FoodEx)	Alternative products (outside of FoodEx)	Cheese substitutes	Plant-based foods and beverages > Dairy substitutes > Cheese substitutes	
Alternative products (outside of FoodEx)	Alternative products (outside of FoodEx)	Cheese substitutes	Plant-based foods and beverages > Dairy substitutes > Ricotta substitutes	
Alternative products (outside of FoodEx)	Alternative products (outside of FoodEx)	Cheese substitutes	Plant-based foods and beverages > Plant-based foods > Plant-based spreads > Cheese spreads substitutes	
Alternative products (outside of FoodEx)	Alternative products (outside of FoodEx)	Cheese substitutes	Plant-based foods and beverages > Dairy substitutes > Mascarpone substitutes	
Milk and dairy products	Cheese	Cheese, brie	Dairies > Fermented milk products > Cheeses > Cow cheeses > Bries	
Milk and dairy products	Cheese	Cheese, buche de chevre	Dairies > Fermented milk products > Cheeses > Goat cheeses > Cheese buche from goat's milk	
Milk and dairy products	Cheese	Cheese, caciocavallo	Dairies > Fermented milk products > Cheeses > Italian cheeses > Caciocavallo Silano	
Milk and dairy products	Cheese	Cheese, camembert	Dairies > Fermented milk products > Cheeses > Cow cheeses > Camemberts	
Milk and dairy products	Cheese	Cheese, cheddar	Dairies > Fermented milk products > Cheeses > Cheeses from the United Kingdom > Cheeses from England > Cheddar cheese	
Milk and dairy products	Cheese	Cheese, comte	Dairies > Fermented milk products > Cheeses > Cow cheeses > Comté	
Milk and dairy products	Cheese	Cheese, cream havarti	Dairies > Fermented milk products > Cheeses > Cow cheeses > Havarti	
Milk and dairy products	Cheese	Cheese, danbo	Dairies > Fermented milk products > Cheeses > Danish cheeses > Данбо	
Milk and dairy products	Cheese	Cheese, edam	Dairies > Fermented milk products > Cheeses > Cheeses of the Netherlands > Edam	
Milk and dairy products	Cheese	Cheese, emmental	Dairies > Fermented milk products > Cheeses > Cow cheeses > Emmentaler	
Milk and dairy products	Cheese	Cheese, feta	Dairies > Fermented milk products > Cheeses > Greek cheeses > Feta	
Milk and dairy products	Cheese	Cheese, Gebjna	Dairies > Fermented milk products > Cheeses	
Milk and dairy products	Cheese	Cheese, Gebjna	Dairies > Fermented milk products > Cheeses > Goat cheeses	
Milk and dairy products	Cheese	Cheese, gjetost	Dairies > Fermented milk products > Cheeses > Cheeses from Norway > Brunost	
Milk and dairy products	Cheese	Cheese, gouda	Dairies > Fermented milk products > Cheeses > Cow cheeses > Gouda	
Milk and dairy products	Cheese	Cheese, grana padano	Dairies > Fermented milk products > Cheeses > Italian cheeses > Grana Padano	
Milk and dairy products	Cheese	Cheese, gruyere	Dairies > Fermented milk products > Cheeses > Cheeses from Switzerland > Swiss Gruyères	
Milk and dairy products	Cheese	Cheese, kefalotyri	Dairies > Fermented milk products > Cheeses > Greek cheeses > Κεφαλογραβιέρα	
Milk and dairy products	Cheese	Cheese, mizithra	Dairies > Fermented milk products > Cheeses > Greek cheeses	
Milk and dairy products	Cheese	Cheese, mizithra	Dairies > Fermented milk products > Cheeses > Goat cheeses	
Milk and dairy products	Cheese	Cheese, mizithra	Dairies > Fermented milk products > Cheeses > Greek cheeses > Feta	
Milk and dairy products	Cheese	Cheese, oltermanni	Dairies > Fermented milk products > Cheeses > Cow cheeses > Alderman	
Milk and dairy products	Cheese	Cheese, parmigiano reggiano	Dairies > Fermented milk products > Cheeses > Italian cheeses > Parmigiano-Reggiano	
Milk and dairy products	Cheese	Cheese, pecorino romano	Dairies > Fermented milk products > Cheeses > Italian cheeses > Pecorino > Pecorino Romano	
Milk and dairy products	Cheese	Cheese, raclette	Dairies > Fermented milk products > Cheeses > Cow cheeses > Cow raclette	
Milk and dairy products	Cheese	Cheese, raclette	Dairies > Fermented milk products > Cheeses > French cheeses > Raclette de Savoie	
Milk and dairy products	Cheese	Cheese, raclette	Dairies > Fermented milk products > Cheeses > Goat cheeses > Goat raclette	
Milk and dairy products	Cheese	Cheese, raclette	Dairies > Fermented milk products > Cheeses > Raclette	
Milk and dairy products	Cheese	Cheese, telemea	Dairies > Fermented milk products > Cheeses > Romanian cheeses > Telemea de Ibăneşti	
Milk and dairy products	Cheese	Cheese, trappist	Dairies > Fermented milk products > Cheeses > Cow cheeses > Trappista	
Milk and dairy products	Cheese	Cheese, turunmaa	Dairies > Fermented milk products > Cheeses > Cow cheeses > Tilsit	
Fruit and fruit products	Fruit used as fruit	Cherries (sweet)	Plant-based foods and beverages > Plant-based foods > Fruits and vegetables based foods > Fruits based foods > Fruits > Cherries	
Vegetables and vegetable products	Fruiting vegetables	Cherry tomatoes	Plant-based foods and beverages > Plant-based foods > Fruits and vegetables based foods > Vegetables based foods > Tomatoes and their products > Tomatoes > Cherry plum tomatoes	yes
Vegetables and vegetable products	Herbs and edible flowers	Chervil	Plant-based foods and beverages > Plant-based foods > Fresh chervil	
Legumes, nuts, oilseeds and spices	Nuts, oilseeds and oilfruits	Chestnuts	Plant-based foods and beverages > Plant-based foods > Nuts and their products > Nuts > Chestnuts	
Sugar and similar, confectionery and water-based sweet desserts	Confectionery including chocolate	Chewing gum	Snacks > Sweet snacks > Confectioneries > Chewing gum	
0	0	Chia seeds	Plant-based foods and beverages > Plant-based foods > Seeds > Chia	
Alternative products (outside of FoodEx)	Alternative products (outside of FoodEx)	Chia seeds	Plant-based foods and beverages > Plant-based foods > Seeds > Chia	
Meat and meat products	Animal other slaughtering products	Chicken feet	Meats and their products > Chicken and its products > Chickens > Chicken feet	
Meat and meat products	Mammals and birds meat	Chicken fresh meat	Meats and their products > Chicken and its products > Chickens	
Meat and meat products	Animal other slaughtering products	Chicken heart	Meats and their products > Chicken and its products > Chickens > Chicken heart	
Meat and meat products	Mammals and birds meat	Chicken, minced meat	Meats and their products > Chicken and its products > Chickens > Ground chicken meat	
Meat and meat products	Mammals and birds meat	Chicken, minced meat	Meats and their products > Chicken and its products > Chickens > Ground chicken meat > Frozen ground chicken meat	
Legumes, nuts, oilseeds and spices	Legumes	Chickpeas (dry)	Plant-based foods and beverages > Plant-based foods > Legumes and their products > Legumes > Legume seeds > Pulses > Chickpeas > Dried chickpeas	
Coffee, cocoa, tea and infusions	Hot drinks and similar (coffee, cocoa, tea and herbal infusions)	Chicory coffee infusion	Beverages and beverages preparations > Beverage preparations > Instant beverages > Instant coffee substitutes > Instant chicory	
Vegetables and vegetable products	Fruiting vegetables	Chili peppers	Condiments > Herbs and spices > Spices > Chili peppers	
Vegetables and vegetable products	Leafy vegetables	Chinese cabbages	Plant-based foods and beverages > Plant-based foods > Fruits and vegetables based foods > Vegetables based foods > Vegetables > Leaf vegetables > Cabbages > Chinese cabbage	
Meat and meat products	Sausages	Chipolata-type sausage	Meats and their products > Prepared meats > Sausages > French sausages > Chipolatas	
Composite dishes	Fried or extruded cereal, seed or root-based products	Chips/crisps	Snacks > Salty snacks > Appetizers > Crisps	
Vegetables and vegetable products	Herbs and edible flowers	Chives	Condiments > Culinary plants > Aromatic plants > Herbs > Chives	
Sugar and similar, confectionery and water-based sweet desserts	Confectionery including chocolate	Chocolate and similar	Cocoa and its products > Chocolates	
Grains and grain-based products	Fine bakery wares	Chocolate cake	Snacks > Sweet snacks > Biscuits and cakes > Cakes > Chocolate cakes	
Sugar and similar, confectionery and water-based sweet desserts	Confectionery including chocolate	Chocolate coated confectionery	Cocoa and its products > Chocolate candies > Bonbons	
Sugar and similar, confectionery and water-based sweet desserts	Confectionery including chocolate	Chocolate spread	Breakfasts > Sweet spreads > Chocolate spreads	
Sugar and similar, confectionery and water-based sweet desserts	Confectionery including chocolate	Chocolate/cocoa-based products	Cocoa and its products	
Sugar and similar, confectionery and water-based sweet desserts	Confectionery including chocolate	Chocolate-based cakes	Snacks > Sweet snacks > Biscuits and cakes > Cakes > Chocolate cakes	
Meat and meat products	Sausages	Chorizo and similar	Meats and their products > Prepared meats > Cured sausages > Chorizo	
Alcoholic beverages	Wine and wine-like drinks	Cider	Beverages and beverages preparations > Beverages > Alcoholic beverages > Ciders	
Legumes, nuts, oilseeds and spices	Spices	Cinnamon bark	Condiments > Herbs and spices > Spices > Cinnamon > Cinnamon sticks	
Milk and dairy products	Cheese	Clotted cream	Dairies > Creams > Cornish Clotted Cream	
Legumes, nuts, oilseeds and spices	Spices	Cloves buds	Condiments > Herbs and spices > Spices > Cloves	
Fish and seafood	Fish (meat)	Coalfish	Seafood > Fishes and their products > Fishes > Saithe	
Alcoholic beverages	Mixed alcoholic drinks	Cocktail drink	Beverages and beverages preparations > Beverages > Alcoholic beverages > Rum-based cocktail	
Coffee, cocoa, tea and infusions	Ingredients for coffee, cocoa, tea, and herbal infusions	Cocoa beverage-preparation, powder	Cocoa and its products > Cocoa and chocolate powders > Cocoa powders > Cocoa powder for beverages with sugar	
Coffee, cocoa, tea and infusions	Hot drinks and similar (coffee, cocoa, tea and herbal infusions)	Cocoa beverages	Cocoa and its products > Cocoa and chocolate powders > Cocoa powders > Instant cocoa or chocolate beverage with sugar fortified with vitamins and chemical elements ready-to-drink (reconstituted with standard semi-skimm	
Coffee, cocoa, tea and infusions	Ingredients for coffee, cocoa, tea, and herbal infusions	Cocoa powder	Cocoa and its products > Cocoa and chocolate powders > Cocoa powders	
Fish and seafood	Fish (meat)	Cod	Seafood > Fishes and their products > Fishes > Cods	
Coffee, cocoa, tea and infusions	Hot drinks and similar (coffee, cocoa, tea and herbal infusions)	Coffee (average strenght) beverage	Beverages and beverages preparations > Beverage preparations > Capsules > Coffee capsules	
Coffee, cocoa, tea and infusions	Hot drinks and similar (coffee, cocoa, tea and herbal infusions)	Coffee (average strenght) beverage	Beverages and beverages preparations > Beverage preparations > Coffee beans	
Coffee, cocoa, tea and infusions	Hot drinks and similar (coffee, cocoa, tea and herbal infusions)	Coffee (average strenght) beverage	Beverages and beverages preparations > Beverage preparations > Ground coffees	
Coffee, cocoa, tea and infusions	Hot drinks and similar (coffee, cocoa, tea and herbal infusions)	Coffee (average strenght) beverage	Beverages and beverages preparations > Beverage preparations > Instant beverages > Instant coffees	
Coffee, cocoa, tea and infusions	Hot drinks and similar (coffee, cocoa, tea and herbal infusions)	Coffee (average strenght) beverage	Beverages and beverages preparations > Beverages > Coffee drinks	
Coffee, cocoa, tea and infusions	Hot drinks and similar (coffee, cocoa, tea and herbal infusions)	Coffee (average strenght) beverage	Plant-based foods and beverages > Plant-based foods > Coffees	
Coffee, cocoa, tea and infusions	Hot drinks and similar (coffee, cocoa, tea and herbal infusions)	Coffee (average strength) beverage	Beverages and beverages preparations > Beverage preparations > Capsules > Coffee capsules	
Coffee, cocoa, tea and infusions	Hot drinks and similar (coffee, cocoa, tea and herbal infusions)	Coffee (average strength) beverage	Beverages and beverages preparations > Beverage preparations > Coffee beans	
Coffee, cocoa, tea and infusions	Hot drinks and similar (coffee, cocoa, tea and herbal infusions)	Coffee (average strength) beverage	Beverages and beverages preparations > Beverage preparations > Ground coffees	
Coffee, cocoa, tea and infusions	Hot drinks and similar (coffee, cocoa, tea and herbal infusions)	Coffee (average strength) beverage	Beverages and beverages preparations > Beverage preparations > Instant beverages > Instant coffees	
Coffee, cocoa, tea and infusions	Hot drinks and similar (coffee, cocoa, tea and herbal infusions)	Coffee (average strength) beverage	Beverages and beverages preparations > Beverages > Coffee drinks	
Coffee, cocoa, tea and infusions	Hot drinks and similar (coffee, cocoa, tea and herbal infusions)	Coffee (average strength) beverage	Plant-based foods and beverages > Plant-based foods > Coffees	
Coffee, cocoa, tea and infusions	Hot drinks and similar (coffee, cocoa, tea and herbal infusions)	Coffee (strong) beverage	Beverages and beverages preparations > Beverage preparations > Capsules > Coffee capsules	
Coffee, cocoa, tea and infusions	Hot drinks and similar (coffee, cocoa, tea and herbal infusions)	Coffee (strong) beverage	Beverages and beverages preparations > Beverage preparations > Coffee beans	
Coffee, cocoa, tea and infusions	Hot drinks and similar (coffee, cocoa, tea and herbal infusions)	Coffee (strong) beverage	Beverages and beverages preparations > Beverage preparations > Ground coffees	
Coffee, cocoa, tea and infusions	Hot drinks and similar (coffee, cocoa, tea and herbal infusions)	Coffee (strong) beverage	Beverages and beverages preparations > Beverage preparations > Instant beverages > Instant coffees	
Coffee, cocoa, tea and infusions	Hot drinks and similar (coffee, cocoa, tea and herbal infusions)	Coffee (strong) beverage	Beverages and beverages preparations > Beverages > Coffee drinks	
Coffee, cocoa, tea and infusions	Hot drinks and similar (coffee, cocoa, tea and herbal infusions)	Coffee (strong) beverage	Plant-based foods and beverages > Plant-based foods > Coffees	
Coffee, cocoa, tea and infusions	Hot drinks and similar (coffee, cocoa, tea and herbal infusions)	Coffee (weak strength) beverage	Beverages and beverages preparations > Beverage preparations > Capsules > Coffee capsules	
Coffee, cocoa, tea and infusions	Hot drinks and similar (coffee, cocoa, tea and herbal infusions)	Coffee (weak strength) beverage	Beverages and beverages preparations > Beverage preparations > Coffee beans	
Coffee, cocoa, tea and infusions	Hot drinks and similar (coffee, cocoa, tea and herbal infusions)	Coffee (weak strength) beverage	Beverages and beverages preparations > Beverage preparations > Ground coffees	
Coffee, cocoa, tea and infusions	Hot drinks and similar (coffee, cocoa, tea and herbal infusions)	Coffee (weak strength) beverage	Beverages and beverages preparations > Beverage preparations > Instant beverages > Instant coffees	
Coffee, cocoa, tea and infusions	Hot drinks and similar (coffee, cocoa, tea and herbal infusions)	Coffee (weak strength) beverage	Beverages and beverages preparations > Beverages > Coffee drinks	
Coffee, cocoa, tea and infusions	Hot drinks and similar (coffee, cocoa, tea and herbal infusions)	Coffee (weak strength) beverage	Plant-based foods and beverages > Plant-based foods > Coffees	
Coffee, cocoa, tea and infusions	Hot drinks and similar (coffee, cocoa, tea and herbal infusions)	Coffee beverage decaffeinated	Beverages and beverages preparations > Beverage preparations > Capsules > Coffee capsules > Decaffeinated coffee capsules	
Coffee, cocoa, tea and infusions	Hot drinks and similar (coffee, cocoa, tea and herbal infusions)	Coffee beverage decaffeinated	Plant-based foods and beverages > Plant-based foods > Coffees > Decaffeinated coffees	
Coffee, cocoa, tea and infusions	Hot drinks and similar (coffee, cocoa, tea and herbal infusions)	Coffee beverages	Beverages and beverages preparations > Beverages > Coffee drinks	
Coffee, cocoa, tea and infusions	Hot drinks and similar (coffee, cocoa, tea and herbal infusions)	Coffee drink cappucino	Beverages and beverages preparations > Beverages > Coffee drinks	
Coffee, cocoa, tea and infusions	Hot drinks and similar (coffee, cocoa, tea and herbal infusions)	Coffee drink cappucino	Beverages and beverages preparations > Beverages > Coffee drinks > Cappuccino	
Coffee, cocoa, tea and infusions	Hot drinks and similar (coffee, cocoa, tea and herbal infusions)	Coffee drink, café macchiato	Beverages and beverages preparations > Beverages > Coffee drinks	
Coffee, cocoa, tea and infusions	Hot drinks and similar (coffee, cocoa, tea and herbal infusions)	Coffee drink, café macchiato	Beverages and beverages preparations > Beverages > Coffee drinks > Latte macchiato	
Coffee, cocoa, tea and infusions	Hot drinks and similar (coffee, cocoa, tea and herbal infusions)	Coffee drink, cappuccino	Beverages and beverages preparations > Beverages > Coffee drinks > Cappuccino	
Coffee, cocoa, tea and infusions	Hot drinks and similar (coffee, cocoa, tea and herbal infusions)	Coffee espresso (beverage)	Beverages and beverages preparations > Beverages > Coffee drinks	
Coffee, cocoa, tea and infusions	Hot drinks and similar (coffee, cocoa, tea and herbal infusions)	Coffee espresso (beverage)	Beverages and beverages preparations > Beverages > Coffee drinks > Espresso coffee without sugar	
Coffee, cocoa, tea and infusions	Ingredients for coffee, cocoa, tea, and herbal infusions	Coffee ground, roasted	Beverages and beverages preparations > Beverage preparations > Ground coffees	
Coffee, cocoa, tea and infusions	Hot drinks and similar (coffee, cocoa, tea and herbal infusions)	Coffee with milk or cream	Beverages and beverages preparations > Beverages > Coffee drinks > Coffee with milk with sugar	
Water and water-based beverages	Water based beverages	Cola beverages, caffeinic	Beverages and beverages preparations > Beverages > Carbonated drinks > Sodas > Colas	
Water and water-based beverages	Water based beverages	Cola mix, flavoured cola	Beverages and beverages preparations > Beverages > Carbonated drinks > Sodas > Colas	
Water and water-based beverages	Water based beverages	Cola-type drinks	Beverages and beverages preparations > Beverages > Carbonated drinks > Sodas > Colas	
Products for non-standard diets, food imitates and food supplements	Food supplements and similar preparations	Combination of vitamin and mineral only supplements	Dietary supplements > Vitamin mineral combinations	
Fruit and fruit products	Fruit used as fruit	Common banana	Plant-based foods and beverages > Plant-based foods > Fruits and vegetables based foods > Fruits based foods > Fruits > Tropical fruits > Bananas	yes
Vegetables and vegetable products	Fungi, mosses and lichens	Common mushrooms	Plant-based foods and beverages > Plant-based foods > Fruits and vegetables based foods > Vegetables based foods > Mushrooms and their products > Mushrooms > Champignon mushrooms	
Fruit and fruit products	Fruit used as fruit	Common peaches	Plant-based foods and beverages > Plant-based foods > Fruits and vegetables based foods > Fruits based foods > Fruits > Peaches	
Composite dishes	0	Composite dishes	Meals	
Fruit and fruit products	Processed fruit products	Compote of fruit / vegetables	Desserts > Compotes	
Sugar and similar, confectionery and water-based sweet desserts	Confectionery including chocolate	Confectionery including chocolate	Cocoa and its products > Chocolate candies	
Seasoning, sauces and condiments	Condiments (including table-top formats)	Continental european brown cooked sauce, gravy	Condiments > Gravy	
Meat and meat products	Processed whole meat products	Cooked cured (or seasoned) meat	Meats and their products > Meats > Cooked meats > Cooked red meat	
Meat and meat products	Processed whole meat products	Cooked cured (or seasoned) pork meat	Meats and their products > Pork and its products	yes
Meat and meat products	Processed whole meat products	Cooked pork ham	Meats and their products > Prepared meats > Hams > White hams	yes
Meat and meat products	Sausages	Cooked salami	Meats and their products > Prepared meats > Cured sausages > Salami	
Meat and meat products	Sausages	Cooked sausages (generic)	Meats and their products > Prepared meats > Sausages	
Meat and meat products	Processed whole meat products	Cooked turkey meat	Meats and their products > Meats > Poultries > Turkeys	
Legumes, nuts, oilseeds and spices	Spices	Coriander	Plant-based foods and beverages > Plant-based foods > Coriander products	
Legumes, nuts, oilseeds and spices	Spices	Coriander	Plant-based foods and beverages > Plant-based foods > Coriander products > Coriander leaves	
Legumes, nuts, oilseeds and spices	Spices	Coriander	Plant-based foods and beverages > Plant-based foods > Coriander products > Coriander leaves > Fresh coriander leaves	
Legumes, nuts, oilseeds and spices	Spices	Coriander	Plant-based foods and beverages > Plant-based foods > Coriander products > Coriander leaves > Ground coriander leaves	
Legumes, nuts, oilseeds and spices	Spices	Coriander	Plant-based foods and beverages > Plant-based foods > Coriander products > Coriander leaves > Potted coriander	
Legumes, nuts, oilseeds and spices	Spices	Coriander	Plant-based foods and beverages > Plant-based foods > Coriander products > Coriander seeds	
Legumes, nuts, oilseeds and spices	Spices	Coriander seed	Plant-based foods and beverages > Plant-based foods > Coriander products > Coriander seeds	
Composite dishes	Soups and salads	Corn semolina based thick soup	Meals > Soups > Moroccan soups	
Meat and meat products	Processed whole meat products	Corned beef, cooked	Meats and their products > Beef and its products > Prepared beef meats > Corned beef	
Meat and meat products	Processed whole meat products	Corned turkey	Meats and their products > Prepared meats > Cured sausages > Salami > Turkey salami	
Milk and dairy products	Cheese	Cottage cheese	Dairies > Fermented milk products > Cottage cheeses	
Vegetables and vegetable products	Fruiting vegetables	Courgettes	Plant-based foods and beverages > Plant-based foods > Fruits and vegetables based foods > Vegetables based foods > Vegetables > Zucchini	
Milk and dairy products	Milk, whey and cream	Cow milk	Dairies > Milks (liquid and powder) > Milks > Cow milks	
Milk and dairy products	Milk, whey and cream	Cow milk, natural high fat	Dairies > Milks (liquid and powder) > Milks > Whole milks	
Milk and dairy products	Milk, whey and cream	Cow milk, semi skimmed (half fat)	Dairies > Milks (liquid and powder) > Milks > Semi-skimmed milks	
Milk and dairy products	Milk, whey and cream	Cow milk, semi-skimmed (half fat)	Dairies > Milks (liquid and powder) > Milks > Semi-skimmed milks	
Milk and dairy products	Milk, whey and cream	Cow milk, semi-skimmed (half fat)	Dairies > Milks (liquid and powder) > Milks > Pasteurised milks > Semi-skimmed pasteurised milk	
Milk and dairy products	Milk, whey and cream	Cow milk, skimmed (low fat)	Dairies > Milks (liquid and powder) > Milks > Skimmed milks	
Milk and dairy products	Milk, whey and cream	Cow milk, whole	Dairies > Milks (liquid and powder) > Milks > Whole milks	
Meat and meat products	Mammals and birds meat	Cow, ox or bull fresh meat	Meats and their products > Beef and its products > Beef	
Grains and grain-based products	Bread and similar products	Crackers and breadsticks	Plant-based foods and beverages > Plant-based foods > Cereals and potatoes > Cereals and their products > Breads > Breadsticks	
Grains and grain-based products	Fine bakery wares	Cream cake	Sweet pies > Cream Pies	
Milk and dairy products	Cheese	Cream cheese	Dairies > Fermented milk products > Cheeses > Cream cheeses	
Sugar and similar, confectionery and water-based sweet desserts	Confectionery including chocolate	Cream chocolate	Cocoa and its products > Chocolates > White chocolates	
Seasoning, sauces and condiments	Condiments (including table-top formats)	Cream sauce	Condiments > Sauces	
Seasoning, sauces and condiments	Condiments (including table-top formats)	Cream sauce	Condiments > Sauces > Cream sauce with shallots	
Seasoning, sauces and condiments	Condiments (including table-top formats)	Cream sauce	Condiments > Sauces > Béchamel sauces	
Seasoning, sauces and condiments	Condiments (including table-top formats)	Cream sauce	Condiments > Sauces > Béchamel sauces > Home-made Bechamel sauce	
Seasoning, sauces and condiments	Condiments (including table-top formats)	Cream sauce	Condiments > Sauces > Cream sauces	
Seasoning, sauces and condiments	Condiments (including table-top formats)	Cream sauce	Condiments > Sauces > Cream sauces with herbs	
Seasoning, sauces and condiments	Condiments (including table-top formats)	Cream sauce	Condiments > Sauces > Cream sauces with mushrooms	
Seasoning, sauces and condiments	Condiments (including table-top formats)	Cream sauce	Condiments > Sauces > Cream sauces with spices	
Seasoning, sauces and condiments	Condiments (including table-top formats)	Cream sauce	Condiments > Sauces > Salad dressings	
Seasoning, sauces and condiments	Condiments (including table-top formats)	Cream sauce	Condiments > Sauces > Salad dressings > Salad creams	
Seasoning, sauces and condiments	Condiments (including table-top formats)	Cream sauce	Variety packs > Sauces and Condiments variety packs	
Milk and dairy products	Milk, whey and cream	Cream with other ingredients	Dairies > Creams	
Milk and dairy products	Milk, whey and cream	Cream, plain	Dairies > Creams	
Grains and grain-based products	Fine bakery wares	Cream-cheese strudel	Snacks > Sweet snacks > Biscuits and cakes > Pastries > Strudels	
Milk and dairy products	Fermented milk or cream	Créme fraiche and other mild variants of sour cream	Dairies > Creams > Crèmes fraîches	
Vegetables and vegetable products	Sprouts, shoots and similar	Cresses	Plant-based foods and beverages > Plant-based foods > Fruits and vegetables based foods > Vegetables based foods > Vegetables > Leaf vegetables > Watercress	
Vegetables and vegetable products	Leafy vegetables	Crips lettuces	Plant-based foods and beverages > Plant-based foods > Fruits and vegetables based foods > Vegetables based foods > Vegetables > Leaf vegetables > Lettuces	
Vegetables and vegetable products	Leafy vegetables	Crips lettuces	Plant-based foods and beverages > Plant-based foods > Fruits and vegetables based foods > Vegetables based foods > Vegetables > Leaf vegetables > Lettuces > Batavia	
Vegetables and vegetable products	Leafy vegetables	Crips lettuces	Plant-based foods and beverages > Plant-based foods > Fruits and vegetables based foods > Vegetables based foods > Vegetables > Leaf vegetables > Lettuces > Iceberg lettuce	
Vegetables and vegetable products	Leafy vegetables	Crips lettuces	Plant-based foods and beverages > Plant-based foods > Fruits and vegetables based foods > Vegetables based foods > Vegetables > Leaf vegetables > Lettuces > Laitue fraîche	
Vegetables and vegetable products	Leafy vegetables	Crips lettuces	Plant-based foods and beverages > Plant-based foods > Fruits and vegetables based foods > Vegetables based foods > Vegetables > Leaf vegetables > Lettuces > Loose lettuce leaves	
Vegetables and vegetable products	Leafy vegetables	Crips lettuces	Plant-based foods and beverages > Plant-based foods > Fruits and vegetables based foods > Vegetables based foods > Vegetables > Leaf vegetables > Lettuces > Romaine lettuce	
Vegetables and vegetable products	Leafy vegetables	Crips lettuces	Plant-based foods and beverages > Plant-based foods > Fruits and vegetables based foods > Vegetables based foods > Vegetables > Leaf vegetables > Lettuces > Sucrines	
Grains and grain-based products	Bread and similar products	Crisp bread	Plant-based foods and beverages > Plant-based foods > Cereals and potatoes > Cereals and their products > Breads > Crispbreads	
Grains and grain-based products	Bread and similar products	Crisp bread	Plant-based foods and beverages > Plant-based foods > Cereals and potatoes > Cereals and their products > Breads > Rusks	
Grains and grain-based products	Bread and similar products	Crisp bread, rye wholemeal	Plant-based foods and beverages > Plant-based foods > Cereals and potatoes > Cereals and their products > Breads > Crispbreads	
Grains and grain-based products	Bread and similar products	Crisp bread, rye wholemeal	Plant-based foods and beverages > Plant-based foods > Cereals and potatoes > Cereals and their products > Breads > Rusks	
Grains and grain-based products	Bread and similar products	Crisp bread, rye wholemeal	Plant-based foods and beverages > Plant-based foods > Cereals and potatoes > Cereals and their products > Breads > Rye breads	
Grains and grain-based products	Bread and similar products	Crisp bread, rye, refined flour	Plant-based foods and beverages > Plant-based foods > Cereals and potatoes > Cereals and their products > Breads > Crispbreads	
Grains and grain-based products	Bread and similar products	Crisp bread, rye, refined flour	Plant-based foods and beverages > Plant-based foods > Cereals and potatoes > Cereals and their products > Breads > Rusks	
Grains and grain-based products	Bread and similar products	Crisp bread, rye, refined flour	Plant-based foods and beverages > Plant-based foods > Cereals and potatoes > Cereals and their products > Breads > Rye breads	
Grains and grain-based products	Bread and similar products	Crisp bread, wheat, refined flour	Plant-based foods and beverages > Plant-based foods > Cereals and potatoes > Cereals and their products > Breads > Crispbreads	
Grains and grain-based products	Bread and similar products	Crisp bread, wheat, refined flour	Plant-based foods and beverages > Plant-based foods > Cereals and potatoes > Cereals and their products > Breads > Rusks	
Grains and grain-based products	Bread and similar products	Crisp bread, wheat, wholemeal	Plant-based foods and beverages > Plant-based foods > Cereals and potatoes > Cereals and their products > Breads > Crispbreads	
Grains and grain-based products	Bread and similar products	Crisp bread, wheat, wholemeal	Plant-based foods and beverages > Plant-based foods > Cereals and potatoes > Cereals and their products > Breads > Rusks	
Vegetables and vegetable products	Leafy vegetables	Crisp lettuces	Plant-based foods and beverages > Plant-based foods > Fruits and vegetables based foods > Vegetables based foods > Vegetables > Leaf vegetables > Lettuces > Sucrines	
Grains and grain-based products	Fine bakery wares	Croissant	Snacks > Sweet snacks > Sweet pastries and pies > Viennoiseries > Croissants	
Grains and grain-based products	Fine bakery wares	Croissant from puff pastry	Snacks > Sweet snacks > Sweet pastries and pies > Viennoiseries > Croissants	
Grains and grain-based products	Fine bakery wares	Croissant, filled with chocolate	Snacks > Sweet snacks > Sweet pastries and pies > Viennoiseries > Filled croissants > Croissant filled with chocolate	
Grains and grain-based products	Fine bakery wares	Croissant, filled with jam	Snacks > Sweet snacks > Sweet pastries and pies > Viennoiseries > Filled croissants > Croissant filled with jam	
Vegetables and vegetable products	Fruiting vegetables	Cucumbers	Plant-based foods and beverages > Plant-based foods > Fruits and vegetables based foods > Vegetables based foods > Vegetables > Cucumbers	
Milk and dairy products	Milk, whey and cream	Cultured buttermilk	Dairies > Fermented milk products > Buttermilks	
Legumes, nuts, oilseeds and spices	Spices	Cumin seed	Condiments > Herbs and spices > Spices > Cumin > Whole cumin seeds	
Meat and meat products	Preserved/processed fat tissues	Cured pork fat	Fats > Animal fats > Lards	
Meat and meat products	Sausages	Cured ripened raw sausages	Meats and their products > Prepared meats > Cured sausages > Dry sausages	
Meat and meat products	Processed whole meat products	Cured seasoned pork meat	Meats and their products > Prepared meats > Hams > Cured hams	yes
Meat and meat products	Processed whole meat products	Cured seasoned poultry meat	Meats and their products > Meats > Poultries	
Meat and meat products	Sausages	Cured unripened raw sausages	Meats and their products > Prepared meats > Cured sausages	
Seasoning, sauces and condiments	Seasonings	Curry powder	Condiments > Herbs and spices > Spices > Curry powder	
Seasoning, sauces and condiments	Condiments (including table-top formats)	Curry sauce	Condiments > Sauces > Curry sauces	
Milk and dairy products	Dairy dessert and similar	Custard	Dairies > Custards and pastry creams	
Vegetables and vegetable products	Leafy vegetables	Cutting lettuces	Plant-based foods and beverages > Plant-based foods > Fruits and vegetables based foods > Vegetables based foods > Vegetables > Leaf vegetables > Lettuces > Loose lettuce leaves	
Milk and dairy products	Dairy dessert and similar	Dairy desserts spoonable	Dairies > Dairy desserts	
Milk and dairy products	Dairy dessert and similar	Dairy snacks	Dairies > Dairy desserts	
Milk and dairy products	Dairy dessert and similar	Dairy snacks	Dairies > Dairy desserts > Fresh cream cheese cake	
Milk and dairy products	Dairy dessert and similar	Dairy snacks	Dairies > Dairy desserts > Dairy Mousses	
Milk and dairy products	Dairy dessert and similar	Dairy snacks	Dairies > Dairy desserts > Entremets - mousses and creamy puddings	
Milk and dairy products	Dairy dessert and similar	Dairy snacks	Snacks > Sweet snacks > Bars > Candy chocolate bars > Chocolate snack bar dairy filling	
0	0	Dairy susbsitutes	Plant-based foods and beverages > Dairy substitutes	
Alternative products (outside of FoodEx)	Alternative products (outside of FoodEx)	Dairy susbsitutes	Plant-based foods and beverages > Dairy substitutes	
Alternative products (outside of FoodEx)	Alternative products (outside of FoodEx)	Dairy susbsitutes	Plant-based foods and beverages > Plant-based foods > Plant-based creams	
Alternative products (outside of FoodEx)	Alternative products (outside of FoodEx)	Dairy susbsitutes	Plant-based foods and beverages > Plant-based foods > Plant-based spreads	
Composite dishes	Soups and salads	Dairy/egg soup	Meals > Soups	
Fruit and fruit products	Fruit used as fruit	Damsons	Bulk > Fresh plums > Quetsches fraîches	
Alcoholic beverages	Beer and beer-like beverage	Dark ale beer	Beverages and beverages preparations > Beverages > Alcoholic beverages > Beers > Ales > Dark ales	
Water and water-based beverages	Water based beverages	Diet soft drink with caffeine	Beverages and beverages preparations > Beverages > Carbonated drinks > Sodas > Colas > Diet cola soft drink	
Water and water-based beverages	Water based beverages	Diet soft drinks with flavours	Beverages and beverages preparations > Beverages > Artificially sweetened beverages > Diet beverages	
Water and water-based beverages	Water based beverages	Diet soft drinks with fruit juice	Beverages and beverages preparations > Beverages > Artificially sweetened beverages > Diet beverages > Diet sodas > Light fruit sodas	
Vegetables and vegetable products	Herbs and edible flowers	Dill leaves	Condiments > Culinary plants > Aromatic plants > Herbs > Dill > Fresh dill	
Composite dishes	Dishes, incl. Ready to eat meals (excluding soups and salads)	Dolma	Meals > Stuffed vine leaves > Dolmas	
Grains and grain-based products	Fine bakery wares	Doughnuts-berliner	Snacks > Sweet snacks > Biscuits and cakes > Cakes > Doughnuts	
Fruit and fruit products	Processed fruit products	Dried apricots	Dried products > Dried plant-based foods > Dried fruits > Dried apricots	
Grains and grain-based products	Pasta, doughs and similar products	Dried durum pasta	Plant-based foods and beverages > Plant-based foods > Cereals and potatoes > Cereals and their products > Cereal pastas > Durum wheat pasta	
Grains and grain-based products	Pasta, doughs and similar products	Dried egg pasta	Plant-based foods and beverages > Plant-based foods > Pastas > Dry pastas > Dry egg pastas	
Fruit and fruit products	Processed fruit products	Dried figs	Dried products > Dried plant-based foods > Dried fruits > Dried figs	
Legumes, nuts, oilseeds and spices	Spices	Dried herbs	Condiments > Culinary plants > Aromatic plants > Dried aromatic plants	
Vegetables and vegetable products	Processed or preserved vegetables and similar	Dried onions	Plant-based foods and beverages > Plant-based foods > Fruits and vegetables based foods > Vegetables based foods > Onions and their products > Fried onions > Dried fried onions	
Vegetables and vegetable products	Processed or preserved vegetables and similar	Dried onions	Dried products > Dried plant-based foods > Ground dried vegetables > Onion powder	
Vegetables and vegetable products	Processed or preserved vegetables and similar	Dried onions	Plant-based foods and beverages > Plant-based foods > Fruits and vegetables based foods > Vegetables based foods > Onions and their products > Dried onions	
Grains and grain-based products	Pasta, doughs and similar products	Dried pasta	Plant-based foods and beverages > Plant-based foods > Pastas > Dry pastas	
Starchy roots or tubers and products thereof, sugar plants	Starchy root and tuber products	Dried potato products	Dried products > Dried products to be rehydrated > Potato flakes	
Vegetables and vegetable products	Processed or preserved vegetables and similar	Dried vegetables	Dried products > Dried plant-based foods > Dried vegetables	
Fruit and fruit products	Processed fruit products	Dried vine fruits (raisins etc.)	Dried products > Dried plant-based foods > Dried fruits > Raisins	
Water and water-based beverages	Drinking water	Drinking water	Beverages and beverages preparations > Beverages > Waters > Drinking water	
Grains and grain-based products	Fine bakery wares	Dumpling, sweet	Plant-based foods and beverages > Plant-based foods > Pumpkin and Squash plant products > Squash > Pumpkins > Sweet dumpling squashes	
Fish and seafood	Crustaceans	Edible crab	Seafood > Crustaceans > Crab	
Composite dishes	Dishes, incl. Ready to eat meals (excluding soups and salads)	Egg based dishes	Sandwiches > Egg sandwiches	
Composite dishes	Dishes, incl. Ready to eat meals (excluding soups and salads)	Egg based dishes	Meals > Fried egg	
Composite dishes	Dishes, incl. Ready to eat meals (excluding soups and salads)	Egg based dishes	Meals > Poached eggs	
Composite dishes	Dishes, incl. Ready to eat meals (excluding soups and salads)	Egg based dishes	Meals > Scrambled egg	
Composite dishes	Dishes, incl. Ready to eat meals (excluding soups and salads)	Egg based dishes	Meals > Soft-boiled eggs	
Composite dishes	Dishes, incl. Ready to eat meals (excluding soups and salads)	Egg based dishes	Meals > Filled fritters > Fritter filled with eggs	
Composite dishes	Dishes, incl. Ready to eat meals (excluding soups and salads)	Egg based dishes	Meals > Omelettes	
Water and water-based beverages	Water based beverages	Energy drinks	Beverages and beverages preparations > Beverages > Energy drinks	
Milk and dairy products	Milk and dairy powders and concentrates	Evaporated milk (liquid, unsweetened)	Dairies > Evaporated milks	
Grains and grain-based products	Breakfast cereals	Extruded breakfast cereal products	Breakfasts > Breakfast cereals > Extruded cereals	
Animal and vegetable fats and oils and primary derivatives thereof	Fat emulsions and blended fats	Fat emulsions and blended fats	Plant-based foods and beverages > Plant-based foods > Plant-based spreads > Margarines	
Animal and vegetable fats and oils and primary derivatives thereof	Fat emulsions and blended fats	Fat emulsions and blended fats	Spreads > Spreadable fats > Butter and margarine mix	
Coffee, cocoa, tea and infusions	Hot drinks and similar (coffee, cocoa, tea and herbal infusions)	Fennel infusion	Plant-based foods and beverages > Plant-based foods > Fennel	
Coffee, cocoa, tea and infusions	Hot drinks and similar (coffee, cocoa, tea and herbal infusions)	Fennel infusion	Beverages and beverages preparations > Beverage preparations > Herbal teas	
Coffee, cocoa, tea and infusions	Hot drinks and similar (coffee, cocoa, tea and herbal infusions)	Fennel infusion	Beverages and beverages preparations > Beverage preparations > Herbal teas > Herbal tea blends	
Seasoning, sauces and condiments	Condiments (including table-top formats)	Fermented chili pepper sauce	Condiments > Sauces > Pepper sauces	
Seasoning, sauces and condiments	Condiments (including table-top formats)	Fermented chili pepper sauce	Condiments > Sauces > Hot sauces	
Coffee, cocoa, tea and infusions	Hot drinks and similar (coffee, cocoa, tea and herbal infusions)	Fermented tea infusion	Beverages and beverages preparations > Beverages > Fermented drinks > Fermented teas	
Seasoning, sauces and condiments	Condiments (including table-top formats)	Fermented wheat bran (Borş)	Fermented foods	
Seasoning, sauces and condiments	Condiments (including table-top formats)	Fermented wheat bran (Borş)	Beverages and beverages preparations > Beverages > Fermented drinks	
Seasoning, sauces and condiments	Condiments (including table-top formats)	Fermented wheat bran (Borş)	Fermented foods	
Legumes, nuts, oilseeds and spices	Legumes	Field beans (dry seeds)	Plant-based foods and beverages > Plant-based foods > Fruits and vegetables based foods > Vegetables based foods > Vegetables > Broad beans > Dried broad beans	
Fruit and fruit products	Fruit used as fruit	Figs	Plant-based foods and beverages > Plant-based foods > Fruits and vegetables based foods > Fruits based foods > Fruits > Figs	
Sugar and similar, confectionery and water-based sweet desserts	Confectionery including chocolate	Filled chocolate	Cocoa and its products > Chocolates > Filled chocolates	
Milk and dairy products	Fermented milk or cream	Filmjölk	Dairies > Dairy desserts > Fermented dairy desserts > Fermented dairy desserts with fruits > Filmjölk med frukt	
Water and water-based beverages	Drinking water	Filtered tap water	0	
Grains and grain-based products	Pasta, doughs and similar products	Fine yeast sweet dough (brioche)	Snacks > Sweet snacks > Sweet pastries and pies > Viennoiseries > Brioches	
Grains and grain-based products	Pasta, doughs and similar products	Fine yeast sweet dough (brioche)	Snacks > Sweet snacks > Sweet pastries and pies > Viennoiseries > Gâches	
Composite dishes	Dishes, incl. Ready to eat meals (excluding soups and salads)	Finger food	Snacks > Salty snacks > Appetizers	
Milk and dairy products	Cheese	Firm - ripened cheeses	Dairies > Fermented milk products > Cheeses > Hard cheeses	
Milk and dairy products	Cheese	Firm - ripened cheeses	Dairies > Fermented milk products > Cheeses > Uncooked pressed cheeses	
Milk and dairy products	Cheese	Firm - ripened cheeses	Dairies > Fermented milk products > Cheeses > Semi-cured cheese	
Milk and dairy products	Cheese	Firm - ripened cheeses	Dairies > Fermented milk products > Cheeses	
Milk and dairy products	Cheese	Firm brined cheese (ricotta salata type)	Dairies > Fermented milk products > Cheeses > Italian cheeses > Ricotta	
Milk and dairy products	Cheese	Firm brined cheese (ricotta salata type)	Dairies > Fermented milk products > Cheeses > Brined cheeses	
Milk and dairy products	Cheese	Firm/semi-hard cheese (gouda and edam type)	Dairies > Fermented milk products > Cheeses > Cheeses of the Netherlands > Firm cheese around 27% fat Maasdam-type cheese	
	Cheese	Firm-ripened cheeses	Dairies > Fermented milk products > Cheeses > Hard cheeses	
	Cheese	Firm-ripened cheeses	Dairies > Fermented milk products > Cheeses > Uncooked pressed cheeses	
	Cheese	Firm-ripened cheeses	Dairies > Fermented milk products > Cheeses > Semi-cured cheese	
Milk and dairy products	Cheese	Firm-ripened cheeses	Dairies > Fermented milk products > Cheeses	
Fish and seafood	Fish (meat)	Fish (meat)	Seafood > Fishes and their products > Fishes > Fish fillets	
Composite dishes	Dishes, incl. Ready to eat meals (excluding soups and salads)	Fish and seafood based dishes	Meals > Meals with shellfish	
Fish and seafood	Fish and seafood processed	Fish fingers, breaded	Breaded products > Breaded fish	
Fish and seafood	Fish and seafood processed	Fish fingers, breaded	Breaded products > Breaded fish > Fish breaded frozen	
Fish and seafood	Fish and seafood processed	Fish fingers, breaded	Breaded products > Breaded fish > Fish fingers	
Fish and seafood	Fish and seafood processed	Fish pâté	Seafood > Fishes and their products > Fish preparations > Fish rillettes	
Grains and grain-based products	Fine bakery wares	Flat bread-based pastry		
Water and water-based beverages	Drinking water	Flavoured bottled water	Beverages and beverages preparations > Beverages > Waters > Flavored waters > Flavored bottled water	
Milk and dairy products	Milk, whey and cream	Flavoured milks	Beverages and beverages preparations > Beverages > Dairy drinks > Flavoured milks	
Milk and dairy products	Dairy dessert and similar	Flavoured quark	Dairies > Dairy desserts > Fermented dairy desserts > Fermented dairy desserts with fruits	
Milk and dairy products	Dairy dessert and similar	Flavoured quark	Dairies > Dairy desserts > Fermented dairy desserts > Flavoured fermented dairy desserts	
Milk and dairy products	Dairy dessert and similar	Flavoured quark	Dairies > Fermented milk products > Quarks	
Milk and dairy products	Dairy dessert and similar	Flavoured quark	Dairies > Dairy desserts > Fermented dairy desserts > Fermented dairy desserts with fruits > Fruit quarks	
Milk and dairy products	Fermented milk or cream	Flavoured sour cream	Dairies > Creams > Fermented creams > Sour creams	
Vegetables and vegetable products	Stems/stalks eaten as vegetables	Florence fennels	Plant-based foods and beverages > Plant-based foods > Fennel	
Sugar and similar, confectionery and water-based sweet desserts	Confectionery including chocolate	Foamed sugar products (marshmallows)	Snacks > Sweet snacks > Confectioneries > Candies > Marshmallows	
Products for non-standard diets, food imitates and food supplements	Food supplements and similar preparations	Formulations containing special fatty acids (e.g. Omega-3, essential fatty acids)	Food additives > MCT powder	
Alcoholic beverages	Wine and wine-like drinks	Fortified and liqueur wines	Beverages and beverages preparations > Beverages > Alcoholic beverages > Wines > Wines from Cyprus > Commandaria	
Alcoholic beverages	Wine and wine-like drinks	Fortified and liqueur wines	Beverages and beverages preparations > Beverages > Alcoholic beverages > Wines > Wines from Cyprus > Commandaria	
Alcoholic beverages	Wine and wine-like drinks	Fortified and liqueur wines	Beverages and beverages preparations > Beverages > Alcoholic beverages > Wines > Wines from Italy > Marsala wine	
Alcoholic beverages	Wine and wine-like drinks	Fortified and liqueur wines	Beverages and beverages preparations > Beverages > Alcoholic beverages > Wines > Wines from Portugal > Madeira Wine	
Alcoholic beverages	Wine and wine-like drinks	Fortified and liqueur wines	Beverages and beverages preparations > Beverages > Alcoholic beverages > Wines > Wines from Spain > Sherry	
Alcoholic beverages	Wine and wine-like drinks	Fortified and liqueur wines	Beverages and beverages preparations > Beverages > Alcoholic beverages > Wines > White wines > White Ports	
Alcoholic beverages	Wine and wine-like drinks	Fortified and liqueur wines	Beverages and beverages preparations > Beverages > Alcoholic beverages > Wines > Red wines > Red ports	
Alcoholic beverages	Wine and wine-like drinks	Fortified and liqueur wines	Beverages and beverages preparations > Beverages > Alcoholic beverages > Wines > Fortified wines	
Alcoholic beverages	Wine and wine-like drinks	Fortified and liqueur wines	Beverages and beverages preparations > Beverages > Alcoholic beverages > Liqueurs	
Water and water-based beverages	Drinking water	Fortified bottled water	Beverages and beverages preparations > Beverages > Waters > Spring waters > Mineral waters	
Meat and meat products	Sausages	Frankfurter sausage	Meats and their products > Prepared meats > Sausages > Frankfurter sausages	
Meat and meat products	Sausages	Frankfurt-type sausage	Meats and their products > Prepared meats > Sausages > Frankfurter sausages	
Vegetables and vegetable products	Legumes with pod	French beans (with pods)	Plant-based foods and beverages > Plant-based foods > Legumes and their products > Legumes > Green beans	
Composite dishes	Dishes, incl. Ready to eat meals (excluding soups and salads)	French fries from cut potato	Chips and fries > Fries	
Meat and meat products	Sausages	Fresh bratwurst	Meats and their products > Prepared meats > Sausages	
Meat and meat products	Sausages	Fresh bratwurst	Meats and their products > German meat products	
Meat and meat products	Sausages	Fresh bratwurst	Meats and their products > Prepared meats > Sausages > Bratwurst	
Meat and meat products	Sausages	Fresh bulk sausages	Meats and their products > Prepared meats > Sausages > Sausage meat	
Grains and grain-based products	Pasta, doughs and similar products	Fresh egg pasta	Plant-based foods and beverages > Plant-based foods > Pastas > Egg pastas > Fresh egg pasta	
Meat and meat products	Sausages	Fresh spices sausages in casing	Meats and their products > Prepared meats > Sausages > Merguez	
Milk and dairy products	Cheese	Fresh uncured cheese	Dairies > Fermented milk products > Cheeses > Fresh cheeses	
Eggs and egg products	Processed eggs	Fried eggs	Meals > Fried egg	
Eggs and egg products	Processed eggs	Fried eggs	Farming products > Eggs	
Composite dishes	Dishes, incl. Ready to eat meals (excluding soups and salads)	Fries (finger chips)	Frozen foods > Frozen fried potatoes > Frozen deep-fried French fries	
Fruit and vegetable juices and nectars (including concentrates)	Fruit / vegetable juices and nectars	Fruit / vegetable juices and nectars	Beverages and beverages preparations > Beverages > Plant-based beverages > Juices and nectars > Fruit and vegetable juices	
Fruit and vegetable juices and nectars (including concentrates)	Fruit / vegetable juices and nectars	Fruit / vegetables juices and nectars	Beverages and beverages preparations > Beverages > Plant-based beverages > Juices and nectars	
Fruit and vegetable juices and nectars (including concentrates)	Fruit / vegetable juices and nectars	Fruit / vegetables juices and nectars	Beverages and beverages preparations > Beverages > Plant-based beverages > Fruit-based beverages > Fruit juices	
Grains and grain-based products	Fine bakery wares	Fruit cake	Snacks > Sweet snacks > Biscuits and cakes > Cakes > Fruit cakes	
Fruit and fruit products	Processed fruit products	Fruit compote, apple	Desserts > Compotes > Apple compotes	
Fruit and fruit products	Processed fruit products	Fruit compote, mixed fruit	Desserts > Fruits compote with reduced sugar	
Fruit and fruit products	Processed fruit products	Fruit compote, mixed fruit	Desserts > Fruits compote with reduced sugar > Refrigerated fruits compote with reduced sugar	
Fruit and fruit products	Processed fruit products	Fruit compote, mixed fruit	Desserts > Compotes	
Fruit and fruit products	Processed fruit products	Fruit compote, mixed fruit	Desserts > Compotes > Apple compotes	
Fruit and fruit products	Processed fruit products	Fruit compote, mixed fruit	Desserts > Compotes > Compotes sans sucres	
Fruit and fruit products	Processed fruit products	Fruit compote, mixed fruit	Desserts > Compotes > Light compotes	
Fruit and fruit products	Processed fruit products	Fruit compote, mixed fruit	Desserts > Compotes > Strawberry compotes	
Fruit and fruit products	Processed fruit products	Fruit compote, pear	Desserts > Compotes > Pear compotes	
Fruit and fruit products	Processed fruit products	Fruit compote, pear	Desserts > Compotes > Apple compotes > Pear applesauces	
Fruit and fruit products	Processed fruit products	Fruit compote, pear	Desserts > Fruits compote with reduced sugar	
Fruit and fruit products	Processed fruit products	Fruit compote, pear	Desserts > Fruits compote with reduced sugar > Refrigerated fruits compote with reduced sugar	
Fruit and fruit products	Processed fruit products	Fruit compote, sour cherry	Desserts > Compotes > Apple compotes > Compotes pommes cerise	
Coffee, cocoa, tea and infusions	Hot drinks and similar (coffee, cocoa, tea and herbal infusions)	Fruit infusion	Beverages and beverages preparations > Beverage preparations > Herbal teas > Fruit teas	
Fruit and vegetable juices and nectars (including concentrates)	Concentrated or dehydrated fruit/vegetables juices	Fruit juice concentrates	Beverages and beverages preparations > Beverage preparations > Instant beverages > Fruit juice concentrates	
Fruit and vegetable juices and nectars (including concentrates)	Fruit / vegetable juices and nectars	Fruit juices (100% from named source)	Beverages and beverages preparations > Beverages > Plant-based beverages > Fruit-based beverages > Fruit juices	
Fruit and vegetable juices and nectars (including concentrates)	Fruit / vegetable juices and nectars	Fruit nectars (min. 25-50% fruit as defined in EU legislation)	Beverages and beverages preparations > Beverages > Plant-based beverages > Fruit-based beverages > Fruit nectars	
Grains and grain-based products	Fine bakery wares	Fruit pie-tarts	Sweet pies > Fruit tarts	
Composite dishes	Soups and salads	Fruit salad	Plant-based foods and beverages > Plant-based foods > Fruits and vegetables based foods > Fruits based foods > Fruit salads	
Fruit and vegetable juices and nectars (including concentrates)	Fruit / vegetable juices and nectars	Fruit smoothies	Beverages and beverages preparations > Beverages > Plant-based beverages > Smoothies > Fruit smoothies	
Water and water-based beverages	Water based beverages	Fruit soft drink, mixed fruit	Beverages and beverages preparations > Beverages > Carbonated drinks > Carbonated fruit soft drink	
Water and water-based beverages	Water based beverages	Fruit soft drink, orange	Beverages and beverages preparations > Beverages > Plant-based beverages > Fruit-based beverages > Beverages with orange	
Composite dishes	Soups and salads	Fruit soup	Plant-based foods and beverages > Plant-based foods > Fruits and vegetables based foods > Fruits based foods > Fruit based foods (prepared)	
Water and water-based beverages	Water based beverages	Functional drinks	Beverages and beverages preparations > Beverages > Energy drinks	
Animal and vegetable fats and oils and primary derivatives thereof	Fat emulsions and blended fats	Functional vegetable margarines/fats	Plant-based foods and beverages > Plant-based foods > Plant-based spreads > Margarines	
Animal and vegetable fats and oils and primary derivatives thereof	Fat emulsions and blended fats	Functional vegetable margarines/fats	Plant-based foods and beverages > Plant-based foods > Plant-based spreads > Margarines > Margarines with plant sterols esters	
Animal and vegetable fats and oils and primary derivatives thereof	Fat emulsions and blended fats	Functional vegetable margarines/fats	Plant-based foods and beverages > Plant-based foods > Plant-based spreads > Margarines > Margarines high in omega 3	
Vegetables and vegetable products	Fungi, mosses and lichens	Fungi	Plant-based foods and beverages > Plant-based foods > Fruits and vegetables based foods > Vegetables based foods > Mushrooms and their products > Mushrooms	
Products for non-standard diets, food imitates and food supplements	Meat and dairy imitates	Fungi-based meat imitate	Meat alternatives > Meat analogues	
Products for non-standard diets, food imitates and food supplements	Meat and dairy imitates	Fungi-based meat imitate	Plant-based foods and beverages > Plant-based foods > Plant-based creams	
Products for non-standard diets, food imitates and food supplements	Meat and dairy imitates	Fungi-based meat imitate	Plant-based foods and beverages > Plant-based foods > Plant-based spreads	
Products for non-standard diets, food imitates and food supplements	Meat and dairy imitates	Fungi-based meat imitate	Plant-based foods and beverages > Plant-based foods > Plant-based spreads > Vegetarian spreads with meat-like pieces	
Products for non-standard diets, food imitates and food supplements	Meat and dairy imitates	Fungi-based meat imitate	Meat alternatives	
Products for non-standard diets, food imitates and food supplements	Meat and dairy imitates	Fungi-based meat imitate	Vegan products	
Products for non-standard diets, food imitates and food supplements	Meat and dairy imitates	Fungi-based meat imitate	Plant-based foods and beverages > Plant-based foods > Plant-based spreads > Vegan vegetable spreads	
Products for non-standard diets, food imitates and food supplements	Meat and dairy imitates	Fungi-based meat imitate	Plant-based foods and beverages > Plant-based foods > Plant-based spreads > Veganes Zwiebelschmalz	
Fruit and fruit products	Fruit used as fruit	Fuzzy kiwifruit	Plant-based foods and beverages > Plant-based foods > Fruits and vegetables based foods > Fruits based foods > Fruits > Kiwis > Green kiwis	
Legumes, nuts, oilseeds and spices	Legumes	Garden peas (dry)	Plant-based foods and beverages > Plant-based foods > Legumes and their products > Legumes > Legume seeds > Pulses > Dried peas	
Vegetables and vegetable products	Legumes with pod	Garden peas (without pods)	Plant-based foods and beverages > Plant-based foods > Legumes and their products > Legumes > Green peas	
Vegetables and vegetable products	Bulb vegetables	Garlic	Condiments > Culinary plants > Garlic and their products > Garlic	
Sugar and similar, confectionery and water-based sweet desserts	Water-based sweet desserts	Gelatine dessert	Desserts > Jelly desserts	
Meat and meat products	Sausages	German salami	Meats and their products > German meat products > Greußener Salami	
Vegetables and vegetable products	Fruiting vegetables	Gherkins	Plant-based foods and beverages > Plant-based foods > Fruits and vegetables based foods > Vegetables based foods > Vegetables > Cucumbers > Small cucumbers > Gherkins	
Fish and seafood	Fish (meat)	Gilthead seabream	Seafood > Fishes and their products > Fishes > Breams > Gilthead seabream	
Legumes, nuts, oilseeds and spices	Spices	Ginger roots	Condiments > Herbs and spices > Spices > Ginger > Fresh ginger rhizomes	
Grains and grain-based products	Pasta, doughs and similar products	Glass noodle	Plant-based foods and beverages > Plant-based foods > Pastas > Noodles > Cellophane noodles	
Vegetables and vegetable products	Fruiting vegetables	Globe tomato	Plant-based foods and beverages > Plant-based foods > Fruits and vegetables based foods > Vegetables based foods > Tomatoes and their products > Tomatoes > Plum tomatoes	yes
Grains and grain-based products	Pasta, doughs and similar products	Gnocchi	Plant-based foods and beverages > Plant-based foods > Pastas > Gnocchi	
Meat and meat products	Mammals and birds meat	Goat fresh meat	Meats and their products > Meats > Goat meat	
Composite dishes	Dishes, incl. Ready to eat meals (excluding soups and salads)	Goulash	Meals > Meals with meat > Goulash	
Animal and vegetable fats and oils and primary derivatives thereof	Animal and vegetable fats/oils	Grape seed oil	Fats > Vegetable fats > Vegetable oils > Fruit and fruit seed oils > Grape seed oils	
Fruit and fruit products	Fruit used as fruit	Grapefruits	Plant-based foods and beverages > Plant-based foods > Fruits and vegetables based foods > Fruits based foods > Fruits > Citrus > Grapefruits	
Seasoning, sauces and condiments	Savoury extracts and sauce ingredients	Gravy instant granules	Condiments > Gravy	
Composite dishes	Soups and salads	Greek salad	Meals > Prepared salads	
Vegetables and vegetable products	Bulb vegetables	Green onions	Plant-based foods and beverages > Plant-based foods > Fruits and vegetables based foods > Vegetables based foods > Vegetables > Scallions	
Sugar and similar, confectionery and water-based sweet desserts	Confectionery including chocolate	Gum drops	Snacks > Sweet snacks > Confectioneries > Candies > Gummi candies	
Fish and seafood	Fish (meat)	Hakes	Seafood > Fishes and their products > Fishes > Hake	
Milk and dairy products	Cheese	Halloumi	Dairies > Fermented milk products > Cheeses > Cypriot cheeses > Halloumi	
Meat and meat products	Processed whole meat products	Ham, pork	Meats and their products > Prepared meats > Hams	yes
Composite dishes	Dishes, incl. Ready to eat meals (excluding soups and salads)	Hamburger with bread	Sandwiches > Hamburgers	
Sugar and similar, confectionery and water-based sweet desserts	Confectionery including chocolate	Hard candies	Snacks > Sweet snacks > Confectioneries > Candies > Hard candies	
Milk and dairy products	Cheese	Hard cheese (cheddar, emmental type)	Dairies > Fermented milk products > Cheeses > Hard cheeses	
Eggs and egg products	Processed eggs	Hardened egg products	Farming products > Eggs > Hard-boiled egg	
Legumes, nuts, oilseeds and spices	Nuts, oilseeds and oilfruits	Hazelnuts	Plant-based foods and beverages > Plant-based foods > Nuts and their products > Nuts > Hazelnuts	
Vegetables and vegetable products	Leafy vegetables	Head cabbages	Plant-based foods and beverages > Plant-based foods > Fruits and vegetables based foods > Vegetables based foods > Vegetables > Leaf vegetables > Cabbages > Green cabbage	
Meat and meat products	Sausages	Head cheese	Meats and their products > Prepared meats > Charcuteries diverses > Pâté > Head cheese	
Vegetables and vegetable products	Leafy vegetables	Head lettuces	Plant-based foods and beverages > Plant-based foods > Fruits and vegetables based foods > Vegetables based foods > Vegetables > Leaf vegetables > Lettuces > Iceberg lettuce	
Eggs and egg products	Unprocessed eggs	Hen egg mixed whole	Farming products > Eggs > Chicken eggs	
Eggs and egg products	Unprocessed eggs	Hen egg mixed whole	Farming products > Eggs	
Eggs and egg products	Unprocessed eggs	Hen egg white	Farming products > Eggs > Egg white	
Eggs and egg products	Unprocessed eggs	Hen egg yolk	Farming products > Eggs > Egg yolk	
Eggs and egg products	Unprocessed eggs	Hen eggs	Farming products > Eggs	
Eggs and egg products	Unprocessed eggs	Hen eggs	Farming products > Eggs > Chicken eggs	
Coffee, cocoa, tea and infusions	Hot drinks and similar (coffee, cocoa, tea and herbal infusions)	Herbal and other non-tea infusions	Beverages and beverages preparations > Beverage preparations > Herbal teas	
Coffee, cocoa, tea and infusions	Ingredients for coffee, cocoa, tea, and herbal infusions	Herbal infusion materials (generic)	Beverages and beverages preparations > Beverage preparations > Herbal teas	
Coffee, cocoa, tea and infusions	Ingredients for coffee, cocoa, tea, and herbal infusions	Herbal infusion materials from leaves and herbs	Beverages and beverages preparations > Beverage preparations > Herbal teas > Herbal tea blends	
Fish and seafood	Fish (meat)	Herring, atlantic	Seafood > Fishes and their products > Fishes > Fatty fishes > Atlantic herring	
	Fish (meat)	Herrings, sardines, anchovies	Seafood > Fishes and their products > Fishes > Fatty fishes > Anchovy > Marinated common anchovy	
	Fish (meat)	Herrings, sardines, anchovies	Seafood > Fishes and their products > Fishes > Fatty fishes > Anchovy	
	Fish (meat)	Herrings, sardines, anchovies	Seafood > Fishes and their products > Fishes > Fish fillets > Sardine fillets	
	Fish (meat)	Herrings, sardines, anchovies	Seafood > Fishes and their products > Fishes > Fish fillets > Herring fillets	
	Fish (meat)	Herrings, sardines, anchovies	Seafood > Fishes and their products	
	Fish (meat)	Herrings, sardines, anchovies	Seafood > Fishes and their products > Fish preparations	
	Fish (meat)	Herrings, sardines, anchovies	Canned foods > Canned fishes > Canned sardines	
Fish and seafood	Fish (meat)	Herrings, sardines, anchovies	Canned foods > Canned fishes > Canned herrings	
Seasoning, sauces and condiments	Condiments (including table-top formats)	Hollandaise type sauce	Condiments > Sauces > Hollandaise sauce	
Sugar and similar, confectionery and water-based sweet desserts	Sugar and other sweetening ingredients (excluding intensive sweeteners)	Honey	Bee products > Honeys	
Sugar and similar, confectionery and water-based sweet desserts	Sugar and other sweetening ingredients (excluding intensive sweeteners)	Honey, blended	Bee products > Honeys	
Sugar and similar, confectionery and water-based sweet desserts	Sugar and other sweetening ingredients (excluding intensive sweeteners)	Honey, monofloral	Bee products > Honeys	
Sugar and similar, confectionery and water-based sweet desserts	Sugar and other sweetening ingredients (excluding intensive sweeteners)	Honey, polyfloral	Bee products > Honeys	
Sugar and similar, confectionery and water-based sweet desserts	Sugar and other sweetening ingredients (excluding intensive sweeteners)	Honey, polyfloral	Bee products > Honeys > Flower honeys	
Coffee, cocoa, tea and infusions	Hot drinks and similar (coffee, cocoa, tea and herbal infusions)	Hot chocolate	Beverages and beverages preparations > Beverages > Dairy drinks > Flavoured milks > Chocolate milks	
Meat and meat products	Sausages	Hungarian-type salami	Meats and their products > Hungarian meat products > Budapesti téliszalámi	
Milk and dairy products	Dairy dessert and similar	Ice cream, milk-based	Desserts > Frozen desserts > Ice creams and sorbets > Ice creams	
Products for non-standard diets, food imitates and food supplements	Meat and dairy imitates	Imitation cream	Plant-based foods and beverages > Plant-based foods > Plant-based creams > Plant-based creams for cooking	
Coffee, cocoa, tea and infusions	Hot drinks and similar (coffee, cocoa, tea and herbal infusions)	Instant coffee (beverage)	Beverages and beverages preparations > Beverage preparations > Instant beverages > Instant coffees	
Coffee, cocoa, tea and infusions	Ingredients for coffee, cocoa, tea, and herbal infusions	Instant coffee powder	Beverages and beverages preparations > Beverage preparations > Instant beverages > Instant coffees	
Coffee, cocoa, tea and infusions	Ingredients for coffee, cocoa, tea, and herbal infusions	Instant coffee powder, decaffeinated	Beverages and beverages preparations > Beverage preparations > Instant beverages > Instant coffees	
Coffee, cocoa, tea and infusions	Ingredients for coffee, cocoa, tea, and herbal infusions	Instant coffee powder, decaffeinated	Plant-based foods and beverages > Plant-based foods > Coffees > Decaffeinated coffees > Decaffeinated instant coffees	
Water and water-based beverages	Water based beverages	Isotonic and sport drinks	Beverages and beverages preparations > Beverages > Artificially sweetened beverages > Diet beverages > Dietary drink for sport	
Meat and meat products	Sausages	Italian-style sausage	Meats and their products > Prepared meats > Sausages	
Fruit and fruit products	Processed fruit products	Jam of fruit / vegetables	Plant-based foods and beverages > Plant-based foods > Plant-based spreads > Fruit and vegetable preserves > Jams	
	Processed fruit products	Jam of fruit/vegetables	Snacks > Sweet snacks > Confectioneries > Fruit confectioneries	
	Processed fruit products	Jam of fruit/vegetables	Snacks > Sweet snacks > Confectioneries > Fruit pastes	
	Processed fruit products	Jam of fruit/vegetables	Snacks > Sweet snacks > Confectioneries > Candied fruits	
	Processed fruit products	Jam of fruit/vegetables	Plant-based foods and beverages > Plant-based foods > Plant-based spreads > Fruit and vegetable preserves	
	Processed fruit products	Jam of fruit/vegetables	Plant-based foods and beverages > Plant-based foods > Plant-based spreads > Chutneys > Fruit chutneys	
	Processed fruit products	Jam of fruit/vegetables	Plant-based foods and beverages > Plant-based foods > Pickles > Plant-based pickles > Pickled fruits	
	Processed fruit products	Jam of fruit/vegetables	Plant-based foods and beverages > Plant-based foods > Fruits and vegetables based foods > Fruits based foods	
	Processed fruit products	Jam of fruit/vegetables	Frozen foods > Frozen plant-based foods > Frozen fruits	
	Processed fruit products	Jam of fruit/vegetables	Dried products > Dried plant-based foods > Dried fruits	
	Processed fruit products	Jam of fruit/vegetables	Condiments > Sauces > Dessert sauces > Fruit Sauces	
	Processed fruit products	Jam of fruit/vegetables	Condiments > Sauces > Dessert sauces > Fruits coulis	
Fruit and fruit products	Processed fruit products	Jam of fruit/vegetables	Canned foods > Canned plant-based foods > Canned fruits	
Fruit and fruit products	Processed fruit products	Jam, apricots	Plant-based foods and beverages > Plant-based foods > Plant-based spreads > Fruit and vegetable preserves > Jams > Apricot jams	
Fruit and fruit products	Processed fruit products	Jam, mirabelle plum	Plant-based foods and beverages > Plant-based foods > Plant-based spreads > Fruit and vegetable preserves > Jams > Plum jams	
Fruit and fruit products	Processed fruit products	Jam, mirabelle plum	Plant-based foods and beverages > Plant-based foods > Plant-based spreads > Fruit and vegetable preserves > Jams > Plum jams > Mirabelle plum jams	
Fruit and fruit products	Processed fruit products	Jam, mixed fruit	Plant-based foods and beverages > Plant-based foods > Plant-based spreads > Fruit and vegetable preserves > Jams > Mixed fruit jams	
Fruit and fruit products	Processed fruit products	Jam, plums	Plant-based foods and beverages > Plant-based foods > Plant-based spreads > Fruit and vegetable preserves > Jams > Plum jams	
Fruit and fruit products	Processed fruit products	Jam, strawberries	Plant-based foods and beverages > Plant-based foods > Plant-based spreads > Fruit and vegetable preserves > Jams > Berry jams > Strawberry jams	
Sugar and similar, confectionery and water-based sweet desserts	Confectionery including chocolate	Jelly candies	Snacks > Sweet snacks > Confectioneries > Candies > Gummi candies	
Fruit and vegetable juices and nectars (including concentrates)	Concentrated or dehydrated fruit/vegetables juices	Juice concentrate, orange	Beverages and beverages preparations > Beverages > Plant-based beverages > Fruit-based beverages > Fruit juices > Fruit juices from concentrate > Orange juices from concentrate	
Fruit and vegetable juices and nectars (including concentrates)	Fruit / vegetable juices and nectars	Juice, apple	Beverages and beverages preparations > Beverages > Plant-based beverages > Fruit-based beverages > Fruit juices > Apple juices	yes
Fruit and vegetable juices and nectars (including concentrates)	Fruit / vegetable juices and nectars	Juice, apricot-orange	Beverages and beverages preparations > Beverages > Plant-based beverages > Fruit-based beverages > Fruit nectars > Apricot nectars > Apricot juices from concentrate	
Fruit and vegetable juices and nectars (including concentrates)	Fruit / vegetable juices and nectars	Juice, grape	Beverages and beverages preparations > Beverages > Plant-based beverages > Fruit-based beverages > Fruit juices > Grape juices	
Fruit and vegetable juices and nectars (including concentrates)	Fruit / vegetable juices and nectars	Juice, lemon	Beverages and beverages preparations > Beverages > Plant-based beverages > Fruit-based beverages > Fruit juices > Lemon juice	
Fruit and vegetable juices and nectars (including concentrates)	Fruit / vegetable juices and nectars	Juice, mixed fruit	Beverages and beverages preparations > Beverages > Plant-based beverages > Fruit-based beverages > Fruit juices > Multifruit juices	
Fruit and vegetable juices and nectars (including concentrates)	Fruit / vegetable juices and nectars	Juice, orange	Beverages and beverages preparations > Beverages > Plant-based beverages > Fruit-based beverages > Fruit juices > Orange juices	
Fruit and vegetable juices and nectars (including concentrates)	Fruit / vegetable juices and nectars	Juice, pineapple	Beverages and beverages preparations > Beverages > Plant-based beverages > Fruit-based beverages > Fruit juices > Pineapple juices	
Fruit and vegetable juices and nectars (including concentrates)	Fruit / vegetable juices and nectars	Juice, tomato	Plant-based foods and beverages > Plant-based foods > Fruits and vegetables based foods > Vegetables based foods > Tomatoes and their products > Tomato juices	
Fruit and fruit products	Fruit used as fruit	Kaki	Plant-based foods and beverages > Plant-based foods > Fruits and vegetables based foods > Fruits based foods > Fruits > Kakis	
Fruit and fruit products	Fruit used as fruit	Kaki	Plant-based foods and beverages > Plant-based foods > Fruits and vegetables based foods > Fruits based foods > Fruits > Spanish fruits > Kaki Ribera del Xúquer	
Milk and dairy products	Fermented milk or cream	Kefir	Beverages and beverages preparations > Beverages > Dairy drinks > Fermented milk drinks > Kefir	
Fruit and fruit products	Fruit used as fruit	Kiwi fruits (green, red, yellow)	Plant-based foods and beverages > Plant-based foods > Fruits and vegetables based foods > Fruits based foods > Fruits > Kiwis	
Vegetables and vegetable products	Stems/stalks eaten as vegetables	Kohlrabies	Plant-based foods and beverages > Plant-based foods > Fruits and vegetables based foods > Vegetables based foods > Vegetables > Leaf vegetables > Cabbages > Kohlrabi	
Grains and grain-based products	Fine bakery wares	Kringles	Snacks > Sweet snacks > Biscuits and cakes > Pastries	
Grains and grain-based products	Fine bakery wares	Kringles	Plant-based foods and beverages > Plant-based foods > Cereals and potatoes > Cereals and their products > Breads > Special breads > Bread Pretzels	
Grains and grain-based products	Fine bakery wares	Kringles	Plant-based foods and beverages > Plant-based foods > Cereals and potatoes > Cereals and their products > Breads > Rye breads > Danish style rye breads	
Alcoholic beverages	Beer and beer-like beverage	Lager beer	Beverages and beverages preparations > Beverages > Alcoholic beverages > Beers > Lagers	
Meat and meat products	Mammals and birds meat	Lamb fresh meat	Meats and their products > Meats > Lamb meat	
Grains and grain-based products	Pasta, doughs and similar products	Laminated doughs	Plant-based foods and beverages > Plant-based foods > Cereals and potatoes > Cereals and their products > Pie dough > Raw Puff pastry	
Composite dishes	Dishes, incl. Ready to eat meals (excluding soups and salads)	Lasagna	Meals > Pasta dishes > Prepared lasagne	
Vegetables and vegetable products	Herbs and edible flowers	Laurel	Condiments > Culinary plants > Aromatic plants > Bay laurel	
Grains and grain-based products	Bread and similar products	Leavened bread 	Plant-based foods and beverages > Plant-based foods > Cereals and potatoes > Cereals and their products > Breads > Bread rolls	
Grains and grain-based products	Bread and similar products	Leavened bread 	Plant-based foods and beverages > Plant-based foods > Cereals and potatoes > Cereals and their products > Breads	
Grains and grain-based products	Bread and similar products	Leavened bread and rolls	Plant-based foods and beverages > Plant-based foods > Cereals and potatoes > Cereals and their products > Breads > Bread rolls	
Grains and grain-based products	Bread and similar products	Leavened bread and rolls	Plant-based foods and beverages > Plant-based foods > Cereals and potatoes > Cereals and their products > Breads	
Grains and grain-based products	Fine bakery wares	Lebkuchen	Plant-based foods and beverages > Plant-based foods > Cereals and potatoes > Bakery products > German bakery products > Nürnberger Lebkuchen	
Vegetables and vegetable products	Stems/stalks eaten as vegetables	Leeks	Plant-based foods and beverages > Plant-based foods > Fruits and vegetables based foods > Vegetables based foods > Vegetables > Vegetable rods > Leeks	
Composite dishes	Soups and salads	Legume (beans) soup	Plant-based foods and beverages > Plant-based foods > Fruits and vegetables based foods > Vegetable soups > Bean soups	
Composite dishes	Dishes, incl. Ready to eat meals (excluding soups and salads)	Legumes based dishes	Meals > Lentil dishes	
Coffee, cocoa, tea and infusions	Hot drinks and similar (coffee, cocoa, tea and herbal infusions)	Lemon verbena infusion	Beverages and beverages preparations > Beverage preparations > Herbal teas > Verbena family	
Fruit and fruit products	Fruit used as fruit	Lemons	Plant-based foods and beverages > Plant-based foods > Fruits and vegetables based foods > Fruits based foods > Fruits > Citrus > Lemons	
Legumes, nuts, oilseeds and spices	Legumes	Lentils (dry)	Plant-based foods and beverages > Plant-based foods > Legumes and their products > Legumes > Legume seeds > Pulses > Lentils > Dried lentils	
Vegetables and vegetable products	Leafy vegetables	Lettuces (generic)	Plant-based foods and beverages > Plant-based foods > Fruits and vegetables based foods > Vegetables based foods > Vegetables > Leaf vegetables > Lettuces	
Coffee, cocoa, tea and infusions	Hot drinks and similar (coffee, cocoa, tea and herbal infusions)	Lime blossoms infusion	Beverages and beverages preparations > Beverage preparations > Herbal teas > Herbal tea blends	
Coffee, cocoa, tea and infusions	Hot drinks and similar (coffee, cocoa, tea and herbal infusions)	Lime blossoms infusion	Beverages and beverages preparations > Beverage preparations > Herbal teas	
Coffee, cocoa, tea and infusions	Hot drinks and similar (coffee, cocoa, tea and herbal infusions)	Lime blossoms infusion	Beverages and beverages preparations > Beverage preparations > Herbal teas > Instant herbal teas	
Coffee, cocoa, tea and infusions	Hot drinks and similar (coffee, cocoa, tea and herbal infusions)	Lime blossoms infusion	Beverages and beverages preparations > Beverage preparations > Herbal teas > Limeflower tea	
Coffee, cocoa, tea and infusions	Hot drinks and similar (coffee, cocoa, tea and herbal infusions)	Lime blossoms infusion	Beverages and beverages preparations > Beverage preparations > Herbal teas > Limeflower tea > Large-leaved lime	
Coffee, cocoa, tea and infusions	Hot drinks and similar (coffee, cocoa, tea and herbal infusions)	Lime blossoms infusion	Beverages and beverages preparations > Beverage preparations > Herbal teas > Limeflower tea > Small-leaved lime	
Coffee, cocoa, tea and infusions	Hot drinks and similar (coffee, cocoa, tea and herbal infusions)	Lime blossoms infusion	Beverages and beverages preparations > Beverage preparations > Herbal teas > Herbal tea blends > Infusiones relajantes	
Coffee, cocoa, tea and infusions	Hot drinks and similar (coffee, cocoa, tea and herbal infusions)	Lime blossoms infusion	Beverages and beverages preparations > Beverages > Herbal tea beverages > Brewed infusions without sugar	
Alcoholic beverages	Unsweetened spirits and liqueurs	Liqueurs	Beverages and beverages preparations > Beverages > Alcoholic beverages > Liqueurs	
Water and water-based beverages	Beverages concentrates	Liquid drink bases (including concentrates and home-made preparations)	Beverages and beverages preparations > Beverage preparations > Flavoured syrups	
Sugar and similar, confectionery and water-based sweet desserts	Confectionery including chocolate	Liquorice candies	Snacks > Sweet snacks > Confectioneries > Candies > Liquorice candies	
Meat and meat products	Meat specialties	Liver based spreadable-textured specialities	Meats and their products > Prepared meats > Charcuteries diverses > Pâté > Liver Pâtés	
Meat and meat products	Sausages	Liver-type sausage	Meats and their products > Prepared meats > Liverwurst	
Vegetables and vegetable products	Herbs and edible flowers	Lovage leaves	Condiments > Culinary plants > Aromatic plants	
Vegetables and vegetable products	Herbs and edible flowers	Lovage leaves	Condiments > Culinary plants > Aromatic plants > Fresh aromatic plants	
Vegetables and vegetable products	Herbs and edible flowers	Lovage leaves	Condiments > Culinary plants > Aromatic plants > Dried aromatic plants	
Vegetables and vegetable products	Herbs and edible flowers	Lovage leaves	Condiments > Culinary plants > Aromatic plants > Herbs	
Vegetables and vegetable products	Herbs and edible flowers	Lovage leaves	Condiments > Mixtures of herbs and spices	
Starchy roots or tubers and products thereof, sugar plants	Starchy roots and tubers	Main-crop potatoes	Plant-based foods and beverages > Plant-based foods > Cereals and potatoes > Potatoes and their products	yes
Starchy roots or tubers and products thereof, sugar plants	Starchy roots and tubers	Main-crop potatoes	Plant-based foods and beverages > Plant-based foods > Cereals and potatoes > Potatoes and their products > Potatoes	yes
Grains and grain-based products	Cereals and cereal primary derivatives	Maize flour	Plant-based foods and beverages > Plant-based foods > Cereals and potatoes > Cereals and their products > Cereal flours > Cornmeal	
Grains and grain-based products	Cereals and cereal primary derivatives	Maize grain	Plant-based foods and beverages > Plant-based foods > Cereals and potatoes > Cereals and their products > Cereal grains > Corn > Corn grain	
Grains and grain-based products	Cereals and cereal primary derivatives	Maize meal	Meats and their products > Meats > Pork > Back bacon > Bacon covered with cornmeal	
Grains and grain-based products	Cereals and cereal primary derivatives	Maize semolina	Plant-based foods and beverages > Plant-based foods > Cereals and potatoes > Cereals and their products > Cereal semolinas	
Grains and grain-based products	Cereals and cereal primary derivatives	Maize semolina	Plant-based foods and beverages > Plant-based foods > Cereals and potatoes > Cereals and their products > Cereal semolinas > Corn semolinas	
Grains and grain-based products	Cereals and cereal primary derivatives	Maize semolina	Plant-based foods and beverages > Plant-based foods > Cereals and potatoes > Cereals and their products > Cereal semolinas > Corn semolinas > Corn semolinas for polenta	
Grains and grain-based products	Cereals and cereal primary derivatives	Maize semolina	Plant-based foods and beverages > Plant-based foods > Cereals and potatoes > Cereals and their products > Cereal semolinas > Corn semolinas > Dried pre-cooked polenta semolina	
Grains and grain-based products	Cereals and cereal primary derivatives	Maize semolina	Plant-based foods and beverages > Plant-based foods > Cereals and potatoes > Cereals and their products > Cereal semolinas > Corn semolinas > Unsalted polenta	
Fruit and fruit products	Fruit used as fruit	Mandarins	Plant-based foods and beverages > Plant-based foods > Fruits and vegetables based foods > Fruits based foods > Fruits > Citrus > Mandarins	
Animal and vegetable fats and oils and primary derivatives thereof	Fat emulsions and blended fats	Margarine omega 3, full fat	Plant-based foods and beverages > Plant-based foods > Plant-based spreads > Margarines	
Animal and vegetable fats and oils and primary derivatives thereof	Fat emulsions and blended fats	Margarine omega 3, full fat	Plant-based foods and beverages > Plant-based foods > Plant-based spreads > Margarines > Margarines high in omega 3	
Animal and vegetable fats and oils and primary derivatives thereof	Fat emulsions and blended fats	Margarine, full fat	Plant-based foods and beverages > Plant-based foods > Plant-based spreads > Margarines	
Animal and vegetable fats and oils and primary derivatives thereof	Fat emulsions and blended fats	Margarine, full fat	Plant-based foods and beverages > Plant-based foods > Plant-based spreads > Margarines > Salted margarines > 80% salted vegetable fat	
Animal and vegetable fats and oils and primary derivatives thereof	Fat emulsions and blended fats	Margarine, full fat	Plant-based foods and beverages > Plant-based foods > Plant-based spreads > Margarines > Unsalted margarines > 80% unsalted vegetable fat	
Animal and vegetable fats and oils and primary derivatives thereof	Fat emulsions and blended fats	Margarines, full fat	Plant-based foods and beverages > Plant-based foods > Plant-based spreads > Margarines	
Fish and seafood	Fish and seafood processed	Marinated / pickled fish	Seafood > Fishes and their products > Fishes > Prepared fish > Marinated fish	
Fish and seafood	Fish and seafood processed	Marinated / pickled herring	Seafood > Fishes and their products > Fishes > Fatty fishes > Herring	
Fish and seafood	Fish and seafood processed	Marinated / pickled herring	Seafood > Fishes and their products > Fishes > Fatty fishes > Herring > Pickled herring	
Fish and seafood	Fish and seafood processed	Marinated /pickled fish	Seafood > Fishes and their products > Fishes > Fatty fishes > Mackerels > Marinated mackerel	
Fish and seafood	Fish and seafood processed	Marinated /pickled fish	Seafood > Fishes and their products > Fishes > Fatty fishes > Anchovy > Anchovy fillets > Marinated anchovy fillets	
Fish and seafood	Fish and seafood processed	Marinated /pickled fish	Seafood > Fishes and their products > Fishes > Prepared fish > Marinated fish	
Fish and seafood	Fish (meat)	Marine fish	Seafood > Fishes and their products > Fishes > Marine fishes	
Legumes, nuts, oilseeds and spices	Spices	Marjoram, dry	Condiments > Culinary plants > Aromatic plants > Dried aromatic plants > Dried marjoram	
Fruit and fruit products	Processed fruit products	Marmalade	Plant-based foods and beverages > Plant-based foods > Plant-based spreads > Fruit and vegetable preserves > Citrus jams > Marmalades	
Fruit and fruit products	Processed fruit products	Marmalade, oranges	Plant-based foods and beverages > Plant-based foods > Plant-based spreads > Fruit and vegetable preserves > Citrus jams > Marmalades > Orange jams	
Sugar and similar, confectionery and water-based sweet desserts	Confectionery including chocolate	Marzipan	Snacks > Sweet snacks > Confectioneries > Marzipan	
Seasoning, sauces and condiments	Condiments (including table-top formats)	Mayonnaise sauce	Condiments > Sauces > Mayonnaises	
Seasoning, sauces and condiments	Condiments (including table-top formats)	Mayonnaise, hollandaise and related sauces	Condiments > Sauces > Mayonnaises	
Seasoning, sauces and condiments	Condiments (including table-top formats)	Mayonnaise, hollandaise and related sauces	Condiments > Sauces > Hollandaise sauce	
Seasoning, sauces and condiments	Condiments (including table-top formats)	Mayonnaise, low fat	Condiments > Sauces > Mayonnaises > Light mayonnaises	
Composite dishes	Soups and salads	Meat and vegetable soup	Meals > Soups > Reheatable soups > Chicken and vegetables soup	
Composite dishes	Soups and salads	Meat and vegetable soup, with puree or pieces	Meals > Soups > Reheatable soups > Chicken and vegetables soup	
Composite dishes	Soups and salads	Meat and vegetable soup, with puree or pieces	Canned foods > Canned meals > Canned soups	
Composite dishes	Soups and salads	Meat and vegetable soup, with puree or pieces	Dried products > Dried meals > Dehydrated soups > Dehydrated soup with chicken and vegetables	
Composite dishes	Dishes, incl. Ready to eat meals (excluding soups and salads)	Meat balls	Meats and their products > Meat preparations > Meat balls	
Composite dishes	Dishes, incl. Ready to eat meals (excluding soups and salads)	Meat based dishes	Meals > Meals with meat	
Composite dishes	Dishes, incl. Ready to eat meals (excluding soups and salads)	Meat burger (no sandwich)	Meats and their products > Beef and its products > Beef > Beef steaks > Ground beef steaks	
Seasoning, sauces and condiments	Savoury extracts and sauce ingredients	Meat extract	Meats and their products	
Composite dishes	Dishes, incl. Ready to eat meals (excluding soups and salads)	Meat loaf	Meats and their products > Meat preparations > Meatloafs	
Seasoning, sauces and condiments	Condiments (including table-top formats)	Meat sauce	Beverages and beverages preparations > Beverages > Alcoholic beverages > Wine-based drinks > Vermouth	
Composite dishes	Soups and salads	Meat soup	Broths > Mutton broth	
Composite dishes	Soups and salads	Meat soup	Broths > Poultry broth	
Composite dishes	Soups and salads	Meat soup	Broths > Veal stock	
Composite dishes	Soups and salads	Meat soup	Broths > Liquid broths > Liquid chicken broths	
Composite dishes	Soups and salads	Meat soup	Broths > Beef broth	
Composite dishes	Soups and salads	Meat soup	Meals > Soups > Reheatable soups > Chicken and vegetables soup	
Composite dishes	Soups and salads	Meat soup	Broths > Bouillon pots > Dehydrated broth with meat and vegetables	
Composite dishes	Soups and salads	Meat soup	Broths > Bouillon pots > Dehydrated meat and vegetables broth stock	
Composite dishes	Soups and salads	Meat soup	Broths > Bouillon pots > Dehydrated meat and vegetables with fat broth stock	
Composite dishes	Soups and salads	Meat soup	Meals > Soups > Chicken soups	
Composite dishes	Soups and salads	Meat soup	Meals > Soups > Chorba frik soup with meat and frik	
Composite dishes	Soups and salads	Meat soup	Fish and meat and eggs > Offals > Cooked offal > Offals Soup	
Composite dishes	Soups and salads	Meat soup, clear	Meals > Soups > Chicken soups	
Composite dishes	Soups and salads	Meat soup, with pieces	Fish and meat and eggs > Offals > Cooked offal > Offals Soup	
Composite dishes	Soups and salads	Meat soup, with pieces	Meals > Soups > Chicken soups	
Composite dishes	Soups and salads	Meat soup, with pieces	Dried products > Dried meals > Dehydrated soups > Dehydrated soup with chicken and vegetables	
Composite dishes	Dishes, incl. Ready to eat meals (excluding soups and salads)	Meat stew	Meals > Stews	
Vegetables and vegetable products	Fruiting vegetables	Melons	Plant-based foods and beverages > Plant-based foods > Fruits and vegetables based foods > Fruits based foods > Fruits > Melons	
Vegetables and vegetable products	Fruiting vegetables	Melons 	Plant-based foods and beverages > Plant-based foods > Fruits and vegetables based foods > Fruits based foods > Fruits > French fruits > Melon de Guadeloupe	
Vegetables and vegetable products	Fruiting vegetables	Melons 	Plant-based foods and beverages > Plant-based foods > Fruits and vegetables based foods > Fruits based foods > Fruits > French fruits > Melon du Haut-Poitou	
Vegetables and vegetable products	Fruiting vegetables	Melons 	Plant-based foods and beverages > Plant-based foods > Fruits and vegetables based foods > Fruits based foods > Fruits > French fruits > Melon du Quercy	
Vegetables and vegetable products	Fruiting vegetables	Melons 	Plant-based foods and beverages > Plant-based foods > Fruits and vegetables based foods > Fruits based foods > Fruits > Fresh fruits > Fresh muskmelons	
Vegetables and vegetable products	Fruiting vegetables	Melons 	Plant-based foods and beverages > Plant-based foods > Fruits and vegetables based foods > Fruits based foods > Fruits > Melons > Muskmelons	
Meat and meat products	Sausages	Mettwurst-type sausage	Meats and their products > Prepared meats > Sausages	
Milk and dairy products	Milk, whey and cream	Milk	Dairies > Milks (liquid and powder) > Milks	
Sugar and similar, confectionery and water-based sweet desserts	Confectionery including chocolate	Milk chocolate	Cocoa and its products > Chocolates > Milk chocolates	
Products for non-standard diets, food imitates and food supplements	Food supplements and similar preparations	Mineral only supplements	Dietary supplements > Vitamin mineral combinations	
Vegetables and vegetable products	Herbs and edible flowers	Mints	Condiments > Culinary plants > Aromatic plants > Herbs > Mint	
Legumes, nuts, oilseeds and spices	Spices	Mints, dry	Condiments > Culinary plants > Aromatic plants > Dried aromatic plants > Dried mint	
Alcoholic beverages	Mixed alcoholic drinks	Mixed alcoholic drinks	Beverages and beverages preparations > Beverages > Alcoholic beverages > Premixed alcoholic beverages	
Alcoholic beverages	Beer and beer-like beverage	Mixed beer drinks	Beverages and beverages preparations > Beverages > Alcoholic beverages > Premixed alcoholic beverages > Beer-based alcoholic beverages	
Grains and grain-based products	Breakfast cereals	Mixed breakfast cereals	Plant-based foods and beverages > Plant-based foods > Cereals and potatoes > Cereals and their products > Cereal flours > Cornmeal	
Composite dishes	Fried or extruded cereal, seed or root-based products	Mixed cereal-based snacks	Snacks > Sweet snacks > Bars > Cereal bars	
Coffee, cocoa, tea and infusions	Ingredients for coffee, cocoa, tea, and herbal infusions	Mixed coffee imitates	Beverages and beverages preparations > Beverage preparations > Instant beverages > Instant coffee substitutes	
Fruit and fruit products	Processed fruit products	Mixed dried fruits	Dried products > Dried plant-based foods > Dried fruits > Mixed dried fruits	
Fruit and vegetable juices and nectars (including concentrates)	Fruit / vegetable juices and nectars	Mixed fruit juice	Beverages and beverages preparations > Beverages > Plant-based beverages > Fruit-based beverages > Fruit juices > Multifruit juices	
Fruit and vegetable juices and nectars (including concentrates)	Fruit / vegetable juices and nectars	Mixed fruit nectars	Beverages and beverages preparations > Beverages > Plant-based beverages > Fruit-based beverages > Fruit nectars > Multifruit nectars	
Composite dishes	Soups and salads	Mixed green salad	Plant-based foods and beverages > Plant-based foods > Fruits and vegetables based foods > Vegetables based foods > Vegetables > Leaf vegetables > Mix of salad leaves	
Seasoning, sauces and condiments	Seasonings	Mixed herbs and spices	Condiments > Mixtures of herbs and spices	
Seasoning, sauces and condiments	Seasonings	Mixed herbs and spices (powder)	Condiments > Herbs and spices	
Seasoning, sauces and condiments	Seasonings	Mixed herbs and spices (powder)	Condiments > Culinary plants > Aromatic plants > Mixed herbs	
Seasoning, sauces and condiments	Seasonings	Mixed herbs and spices (powder)	Condiments > Mixtures of herbs and spices	
Seasoning, sauces and condiments	Condiments (including table-top formats)	Mixed pickle	Canned foods > Canned plant-based foods > Canned vegetables > Pickled vegetables > Mixed vegetable pickles	
Composite dishes	Soups and salads	Mixed vegetable salad	Meals > Prepared salads > Vegetable salads	
Composite dishes	Dishes, incl. Ready to eat meals (excluding soups and salads)	Mixed vegetables	Canned foods > Canned plant-based foods > Canned vegetables > Canned diced mixed vegetables	
Composite dishes	Soups and salads	Mixed vegetables salad	Meals > Prepared salads > Vegetable salads	
Composite dishes	Soups and salads	Mixed vegetables soup	Meals > Soups > Reheatable soups > Reheatable mixed vegetables soup	
Composite dishes	Soups and salads	Mixed vegetables soup, clear	Dried products > Dried meals > Dehydrated soups > Dehydrated mixed vegetables soup	
Composite dishes	Soups and salads	Mixed vegetables soup, with puree or pieces	Meals > Soups > Reheatable soups > Reheatable mixed vegetables soup	
Composite dishes	Dishes, incl. Ready to eat meals (excluding soups and salads)	Mixed vegetables, boiled	Frozen foods > Frozen plant-based foods > Frozen plant-based foods mixes > Frozen mixed vegetables	
Composite dishes	Dishes, incl. Ready to eat meals (excluding soups and salads)	Mixed vegetables, boiled	Fresh foods > Fresh plant-based foods > Fresh vegetables > Fresh mixed vegetables	
Composite dishes	Dishes, incl. Ready to eat meals (excluding soups and salads)	Mixed vegetables, boiled	Plant-based foods and beverages > Plant-based foods > Fruits and vegetables based foods > Vegetables based foods > Vegetables > Mixed vegetables	
Composite dishes	Dishes, incl. Ready to eat meals (excluding soups and salads)	Mixed vegetables, boiled	Plant-based foods and beverages > Plant-based foods > Prepared vegetables > Cooked vegetables	
Composite dishes	Dishes, incl. Ready to eat meals (excluding soups and salads)	Mixed vegetables, braised	Meals > Pan-fried dishes > Pan-fried vegetables	
Grains and grain-based products	Bread and similar products	Mixed wheat and rye bread and rolls	Plant-based foods and beverages > Plant-based foods > Cereals and potatoes > Cereals and their products > Breads	
Grains and grain-based products	Bread and similar products	Mixed wheat and rye bread and rolls	Plant-based foods and beverages > Plant-based foods > Cereals and potatoes > Cereals and their products > Breads > Rye breads	
Grains and grain-based products	Bread and similar products	Mixed wheat and rye bread and rolls	Plant-based foods and beverages > Plant-based foods > Cereals and potatoes > Cereals and their products > Breads > Rye-and-wheat breads	
Meat and meat products	Sausages	Mortadella-type sausage	Meats and their products > Prepared meats > Charcuteries cuites > Mortadella	
Composite dishes	Dishes, incl. Ready to eat meals (excluding soups and salads)	Moussaka	Meals > Moussaka	
Milk and dairy products	Cheese	Mozzarella	Dairies > Fermented milk products > Cheeses > Italian cheeses > Mozzarella	yes
Grains and grain-based products	Breakfast cereals	Muesli and similar mixed breakfast cereals	Breakfasts > Breakfast cereals > Mueslis	
Grains and grain-based products	Breakfast cereals	Muesli breakfast cereals	Breakfasts > Breakfast cereals > Cereals with fruits > Mueslis with fruits	
Grains and grain-based products	Breakfast cereals	Muesli breakfast cereals	Breakfasts > Breakfast cereals > Cereals with nuts > Mueslis with nuts	
Grains and grain-based products	Breakfast cereals	Muesli breakfast cereals	Breakfasts > Breakfast cereals > Chocolate cereals > Mueslis with chocolate	
Grains and grain-based products	Breakfast cereals	Muesli breakfast cereals	Breakfasts > Breakfast cereals > Mueslis	
Grains and grain-based products	Breakfast cereals	Muesli breakfast cereals	Breakfasts > Breakfast cereals > Mueslis > Bircher-style mueslis	
Grains and grain-based products	Breakfast cereals	Muesli breakfast cereals	Breakfasts > Breakfast cereals > Mueslis > Bircher-style mueslis > Bircher-style mueslis with chocolate	
Grains and grain-based products	Breakfast cereals	Muesli breakfast cereals	Breakfasts > Breakfast cereals > Mueslis > Bircher-style mueslis > Bircher-style mueslis with fruits	
Grains and grain-based products	Breakfast cereals	Muesli breakfast cereals	Breakfasts > Breakfast cereals > Mueslis > Bircher-style mueslis > Bircher-style mueslis with fruits > Bircher-style muesli flakes with fruits fortified with vitamins and chemical elements	
Grains and grain-based products	Breakfast cereals	Muesli breakfast cereals	Breakfasts > Breakfast cereals > Mueslis > Bircher-style mueslis > Bircher-style mueslis with fruits > Bircher-style muesli flakes with fruits not fortified with vitamins and chemical elements	
Grains and grain-based products	Breakfast cereals	Muesli breakfast cereals	Breakfasts > Breakfast cereals > Mueslis > Bircher-style mueslis > Bircher-style mueslis with fruits > Bircher-style sugar free muesli flakes with fruits	
Grains and grain-based products	Breakfast cereals	Muesli breakfast cereals	Breakfasts > Breakfast cereals > Mueslis > Bircher-style mueslis > Muesli flakes fortified with vitamins and chemical elements	
Grains and grain-based products	Breakfast cereals	Muesli breakfast cereals	Breakfasts > Breakfast cereals > Mueslis > Bircher-style mueslis > Muesli flakes not fortified with vitamins and chemical elements	
Grains and grain-based products	Breakfast cereals	Muesli breakfast cereals	Breakfasts > Breakfast cereals > Mueslis > Crunchy mueslis	
Grains and grain-based products	Breakfast cereals	Muesli breakfast cereals	Breakfasts > Breakfast cereals > Mueslis > Crunchy mueslis > Crunchy mueslis with chocolate	
Grains and grain-based products	Breakfast cereals	Muesli breakfast cereals	Breakfasts > Breakfast cereals > Mueslis > Crunchy mueslis > Crunchy mueslis with chocolate > Crunchy chocolate muesli fortified with vitamins and chemical elements	
Grains and grain-based products	Breakfast cereals	Muesli breakfast cereals	Breakfasts > Breakfast cereals > Mueslis > Crunchy mueslis > Crunchy mueslis with chocolate > Crunchy muesli with chocolate not fortified with vitamins and chemical elements	
Grains and grain-based products	Breakfast cereals	Muesli breakfast cereals	Breakfasts > Breakfast cereals > Mueslis > Crunchy mueslis > Crunchy mueslis with fruits	
Grains and grain-based products	Breakfast cereals	Muesli breakfast cereals	Breakfasts > Breakfast cereals > Mueslis > Crunchy mueslis > Crunchy mueslis with fruits > Crunchy muesli with fruits fortified with vitamins and chemical elements	
Grains and grain-based products	Breakfast cereals	Muesli breakfast cereals	Breakfasts > Breakfast cereals > Mueslis > Crunchy mueslis > Crunchy mueslis with fruits > Crunchy muesli with fruits not fortified with vitamins and chemical elements	
Grains and grain-based products	Breakfast cereals	Muesli breakfast cereals	Breakfasts > Breakfast cereals > Mueslis > Crunchy mueslis > Crunchy mueslis without fruits	
Grains and grain-based products	Fine bakery wares	Muffins	Snacks > Sweet snacks > Biscuits and cakes > Cakes > Muffins	
Fish and seafood	Fish (meat)	Mullets	Seafood > Fishes and their products > Fishes > Mullet	
Grains and grain-based products	Bread and similar products	Multigrain (not only rye-wheat) bread and rolls	Plant-based foods and beverages > Plant-based foods > Cereals and potatoes > Cereals and their products > Breads	
Grains and grain-based products	Bread and similar products	Multigrain (not only rye-wheat) bread and rolls	Plant-based foods and beverages > Plant-based foods > Cereals and potatoes > Cereals and their products > Breads > Pains multicéréales	
Grains and grain-based products	Bread and similar products	Multigrain bread and rolls	Plant-based foods and beverages > Plant-based foods > Cereals and potatoes > Cereals and their products > Breads	
Grains and grain-based products	Bread and similar products	Multigrain bread and rolls	Plant-based foods and beverages > Plant-based foods > Cereals and potatoes > Cereals and their products > Breads > Baguettes > French bread multigrain from bakery	
Grains and grain-based products	Bread and similar products	Multigrain bread and rolls	Plant-based foods and beverages > Plant-based foods > Cereals and potatoes > Cereals and their products > Breads > Pains multicéréales	
Fruit and vegetable juices and nectars (including concentrates)	Fruit / vegetable juices and nectars	Multivitamin juices	Beverages and beverages preparations > Beverages > Plant-based beverages > Fruit-based beverages > Fruit juices > Multifruit juices > Mixed fruits pure multivitamin juice	
Vegetables and vegetable products	Sprouts, shoots and similar	Mung bean sprouts	Fresh foods > Fresh plant-based foods > Fresh sprouts > Fresh legume sprouts > Fresh mung bean sprouts	
Fish and seafood	Molluscs	Mussels	Seafood > Mollusc > Mussels	
Seasoning, sauces and condiments	Condiments (including table-top formats)	Mustard	Condiments > Sauces > Mustard sauces	
Seasoning, sauces and condiments	Condiments (including table-top formats)	Mustard	Condiments > Mustards	
Seasoning, sauces and condiments	Condiments (including table-top formats)	Mustard and related sauces	Condiments > Sauces > Mustard sauces	
Seasoning, sauces and condiments	Condiments (including table-top formats)	Mustard, mild	Condiments > Mustards	
Seasoning, sauces and condiments	Condiments (including table-top formats)	Mustard, sweet	Breakfasts > Breakfast cereals > Cereal flakes > Rolled oats > Cooked oat flakes	
Water and water-based beverages	Drinking water	Natural mineral water	Beverages and beverages preparations > Beverages > Waters > Spring waters > Mineral waters > Natural mineral waters	
Legumes, nuts, oilseeds and spices	Legumes	Navy beans (dry seeds)	Plant-based foods and beverages > Plant-based foods > Legumes and their products > Legumes > Legume seeds > Pulses > Common beans > White beans > Dried haricot beans	
Fruit and vegetable juices and nectars (including concentrates)	Fruit / vegetable juices and nectars	Nectar, apple	Beverages and beverages preparations > Beverages > Plant-based beverages > Fruit-based beverages > Fruit nectars > Apple nectars	
Fruit and vegetable juices and nectars (including concentrates)	Fruit / vegetable juices and nectars	Nectar, orange	Beverages and beverages preparations > Beverages > Plant-based beverages > Fruit-based beverages > Fruit nectars > Orange nectars	
Fruit and vegetable juices and nectars (including concentrates)	Fruit / vegetable juices and nectars	Nectar, peach	Beverages and beverages preparations > Beverages > Plant-based beverages > Fruit-based beverages > Fruit nectars > Peach nectars	
Fruit and fruit products	Fruit used as fruit	Nectarines	Plant-based foods and beverages > Plant-based foods > Fruits and vegetables based foods > Fruits based foods > Fruits > Peaches > Nectarines	
Starchy roots or tubers and products thereof, sugar plants	Starchy roots and tubers	New potatoes	Plant-based foods and beverages > Plant-based foods > Cereals and potatoes > Potatoes and their products > Potatoes > New potatoes	
Products for non-standard diets, food imitates and food supplements	Meat and dairy imitates	Non dairy coffee creamer	Plant-based foods and beverages > Dairy substitutes > Creamer	
Coffee, cocoa, tea and infusions	Hot drinks and similar (coffee, cocoa, tea and herbal infusions)	Non-fermented tea, infusion	Beverages and beverages preparations > Beverage preparations > Herbal teas	
0	0	Nut drink	Plant-based foods and beverages > Plant-based foods > Nuts and their products > Nut-based drinks	
0	0	Nut drink	Plant-based foods and beverages > Dairy substitutes > Milk substitutes	
Alternative products (outside of FoodEx)	Alternative products (outside of FoodEx)	Nut drink	Plant-based foods and beverages > Plant-based foods > Nuts and their products > Nut-based drinks	
Legumes, nuts, oilseeds and spices	Spices	Nutmeg seed	Plant-based foods and beverages > Plant-based foods > Nutmeg tree products > Nutmeg > Whole nutmeg	
Alternative products (outside of FoodEx)	Alternative products (outside of FoodEx)	Oat drink	Plant-based foods and beverages > Plant-based foods > Cereals and potatoes > Cereals and their products > Cereal-based drinks > Oat-based drinks	
Grains and grain-based products	Breakfast cereals	Oat porridge	Breakfasts > Breakfast cereals > Porridge	
Grains and grain-based products	Breakfast cereals	Oat rolled grains	Breakfasts > Breakfast cereals > Cereal flakes > Rolled oats	
Grains and grain-based products	Breakfast cereals	Oat rolled grains	Breakfasts > Breakfast cereals > Cereal flakes > Rolled oats > Pre-cooked oat flakes	
Grains and grain-based products	Breakfast cereals	Oat rolled grains	Breakfasts > Breakfast cereals > Cereal flakes > Rolled oats > Pre-cooked oat flakes > Pre-cooked oat flakes with sugar	
Grains and grain-based products	Breakfast cereals	Oat rolled grains	Breakfasts > Breakfast cereals > Cereal flakes > Rolled oats > Rolled oats (small)	
Grains and grain-based products	Breakfast cereals	Oat rolled grains, wholemeal	Breakfasts > Breakfast cereals > Cereal flakes > Rolled oats	
Grains and grain-based products	Breakfast cereals	Oat rolled grains, wholemeal	Breakfasts > Breakfast cereals > Cereal flakes > Rolled oats > Pre-cooked oat flakes	
Grains and grain-based products	Breakfast cereals	Oat rolled grains, wholemeal	Breakfasts > Breakfast cereals > Cereal flakes > Rolled oats > Pre-cooked oat flakes > Pre-cooked oat flakes with sugar	
Grains and grain-based products	Breakfast cereals	Oat rolled grains, wholemeal	Breakfasts > Breakfast cereals > Cereal flakes > Rolled oats > Rolled oats (small)	
Products for non-standard diets, food imitates and food supplements	Meat and dairy imitates	Oats drink	Plant-based foods and beverages > Plant-based foods > Cereals and potatoes > Cereals and their products > Cereal-based drinks > Oat-based drinks	
Fish and seafood	Molluscs	Octopus, common	Seafood > Mollusc > Common octopus	
Animal and vegetable fats and oils and primary derivatives thereof	Animal and vegetable fats/oils	Olive oil, refined	Plant-based foods and beverages > Plant-based foods > Olive tree products > Olive oils	
Animal and vegetable fats and oils and primary derivatives thereof	Animal and vegetable fats/oils	Olive oil, refined	Plant-based foods and beverages > Plant-based foods > Olive tree products > Olive oils > Refined olive oils	
Animal and vegetable fats and oils and primary derivatives thereof	Animal and vegetable fats/oils	Olive oil, virgin or extra-virgin	Plant-based foods and beverages > Plant-based foods > Olive tree products > Olive oils	
Animal and vegetable fats and oils and primary derivatives thereof	Animal and vegetable fats/oils	Olive oil, virgin or extra-virgin	Plant-based foods and beverages > Plant-based foods > Olive tree products > Olive oils > Extra-virgin olive oils	
Animal and vegetable fats and oils and primary derivatives thereof	Animal and vegetable fats/oils	Olive oil, virgin or extra-virgin	Plant-based foods and beverages > Plant-based foods > Olive tree products > Olive oils > Virgin olive oils	
Animal and vegetable fats and oils and primary derivatives thereof	Animal and vegetable fats/oils	Olive oils	Fats > Greek oils and fats > Olive oils from Greece	
Animal and vegetable fats and oils and primary derivatives thereof	Animal and vegetable fats/oils	Olive oils	Plant-based foods and beverages > Plant-based foods > Olive tree products > Olive oils	
Fruit and fruit products	Processed fruit products	Olives, processed	Plant-based foods and beverages > Plant-based foods > Olive tree products > Olives	
Vegetables and vegetable products	Bulb vegetables	Onion bulbs for fresh consumption	Condiments > Culinary plants > Onions	
Vegetables and vegetable products	Bulb vegetables	Onions	Plant-based foods and beverages > Plant-based foods > Fruits and vegetables based foods > Vegetables based foods > Onions and their products	
Fruit and fruit products	Fruit used as fruit	Oranges	Plant-based foods and beverages > Plant-based foods > Fruits and vegetables based foods > Fruits based foods > Fruits > Citrus > Oranges	
Fruit and fruit products	Fruit used as fruit	Oranges, sweet	Plant-based foods and beverages > Plant-based foods > Fruits and vegetables based foods > Fruits based foods > Fruits > Citrus > Oranges	
Vegetables and vegetable products	Herbs and edible flowers	Oregano	Condiments > Culinary plants > Aromatic plants > Herbs > Oregano	
Legumes, nuts, oilseeds and spices	Spices	Oregano, dry	Condiments > Culinary plants > Aromatic plants > Dried aromatic plants > Dried oregano	
Legumes, nuts, oilseeds and spices	Spices	Oregano, dry	Condiments > Culinary plants > Aromatic plants > Ground dried aromatic plants > Ground dried oregano	
Alcoholic beverages	Beer and beer-like beverage	Pale ale beer	Beverages and beverages preparations > Beverages > Alcoholic beverages > Beers > Ales > Pale ales	
Animal and vegetable fats and oils and primary derivatives thereof	Animal and vegetable fats/oils	Palm kernel oil, edible	Fats > Vegetable fats > Vegetable oils > Palm oils	
Grains and grain-based products	Fine bakery wares	Pancakes	Crêpes and galettes > Pancakes	
Composite dishes	Dishes, incl. Ready to eat meals (excluding soups and salads)	Pan-fried potato	Plant-based foods and beverages > Plant-based foods > Cereals and potatoes > Prepared potatoes > Sautéed Potatoes	
Legumes, nuts, oilseeds and spices	Spices	Paprika powder	Condiments > Herbs and spices > Spices > Paprika	
Vegetables and vegetable products	Herbs and edible flowers	Parsley	Condiments > Culinary plants > Aromatic plants > Herbs > Parsley	
Vegetables and vegetable products	Root and tuber vegetables (excluding starchy- and sugar-)	Parsley roots	Plant-based foods and beverages > Plant-based foods > Fruits and vegetables based foods > Vegetables based foods > Vegetables > Root vegetables	
Legumes, nuts, oilseeds and spices	Spices	Parsley, dry	Condiments > Culinary plants > Aromatic plants > Ground dried aromatic plants > Ground dried parsley	
Legumes, nuts, oilseeds and spices	Spices	Parsley, dry	Condiments > Culinary plants > Aromatic plants > Dried aromatic plants > Dried parsley	
Vegetables and vegetable products	Root and tuber vegetables (excluding starchy- and sugar-)	Parsnip roots	Bulk > Fresh parsnip	
Grains and grain-based products	Pasta, doughs and similar products	Pasta and similar products	Plant-based foods and beverages > Plant-based foods > Pastas	
Composite dishes	Dishes, incl. Ready to eat meals (excluding soups and salads)	Pasta based dishes, cooked	Meals > Pasta dishes	
Composite dishes	Dishes, incl. Ready to eat meals (excluding soups and salads)	Pasta, cooked	Plant-based foods and beverages > Plant-based foods > Pastas > Dry pastas > Cooked unsalted dried pasta	
Composite dishes	Dishes, incl. Ready to eat meals (excluding soups and salads)	Pasta, cooked, with mixed sauce	Meals > Pasta dishes > Bolognese-style pasta	
Composite dishes	Dishes, incl. Ready to eat meals (excluding soups and salads)	Pasta, plain (not stuffed), cooked	Plant-based foods and beverages > Plant-based foods > Pastas > Egg pastas > Fresh egg pasta > Fresh cooked unsalted egg pasta	
Grains and grain-based products	Pasta, doughs and similar products	Pasta, plain (not stuffed), uncooked	Plant-based foods and beverages > Plant-based foods > Cereals and potatoes > Cereals and their products > Cereal pastas	
Composite dishes	Dishes, incl. Ready to eat meals (excluding soups and salads)	Pastas and rice (or other cereal) based dishes	Meals > Pasta dishes > Stuffed pastas	
Grains and grain-based products	Fine bakery wares	Pastry based on laminated dough	Desserts > Frozen desserts > Frozen dessert puff pastry	
Meat and meat products	Meat specialties	Pate, pork liver	Meats and their products > Prepared meats > Charcuteries diverses > Pâté > Liver Pâtés > Pork liver Pâtés	
Legumes, nuts, oilseeds and spices	Processed legumes, nuts, oilseeds and spices	Peanut butter	Plant-based foods and beverages > Plant-based foods > Legumes and their products > Legume butters > Peanut butters	
Animal and vegetable fats and oils and primary derivatives thereof	Animal and vegetable fats/oils	Peanut oil, edible	Plant-based foods and beverages > Plant-based foods > Legumes and their products > Legume oils > Peanut oils	
Legumes, nuts, oilseeds and spices	Nuts, oilseeds and oilfruits	Peanuts	Plant-based foods and beverages > Plant-based foods > Nuts and their products > Nuts > Peanuts	
Legumes, nuts, oilseeds and spices	Processed legumes, nuts, oilseeds and spices	Peanuts with added salt	Plant-based foods and beverages > Plant-based foods > Nuts and their products > Nuts > Peanuts	
Vegetables and vegetable products	Bulb vegetables	Pearl onion	Plant-based foods and beverages > Plant-based foods > Fruits and vegetables based foods > Vegetables based foods > Onions and their products > Pickled onions > Zilveruitjes	
Fruit and fruit products	Fruit used as fruit	Pears	Plant-based foods and beverages > Plant-based foods > Fruits and vegetables based foods > Fruits based foods > Fruits > Pears	
Legumes, nuts, oilseeds and spices	Legumes	Peas (without pods) and similar-	Plant-based foods and beverages > Plant-based foods > Legumes and their products > Legumes > Legume seeds > Pulses > Peas	
Legumes, nuts, oilseeds and spices	Spices	Peppercorn (black, green and white)	Condiments > Herbs and spices > Spices > Peppers	
Coffee, cocoa, tea and infusions	Hot drinks and similar (coffee, cocoa, tea and herbal infusions)	Peppermint infusion	Beverages and beverages preparations > Beverages > Hot beverages > Teas > Flavored teas > Mint teas	
Legumes, nuts, oilseeds and spices	Spices	Peppers, dried	Condiments > Herbs and spices > Spices > Chili peppers > Chili powders	
Grains and grain-based products	Pasta, doughs and similar products	Phyllo dough	Plant-based foods and beverages > Plant-based foods > Cereals and potatoes > Cereals and their products > Pie dough > Phyllo dough	
Vegetables and vegetable products	Processed or preserved vegetables and similar	Pickled / marinated cucumbers	Plant-based foods and beverages > Plant-based foods > Pickles > Plant-based pickles	
Vegetables and vegetable products	Processed or preserved vegetables and similar	Pickled / marinated cucumbers	Plant-based foods and beverages > Plant-based foods > Pickles	
Vegetables and vegetable products	Processed or preserved vegetables and similar	Pickled / marinated cucumbers	Plant-based foods and beverages > Plant-based foods > Fruits and vegetables based foods > Vegetables based foods > Vegetables > Cucumbers > Small cucumbers > Gherkins > Pickled gherkins	
Vegetables and vegetable products	Processed or preserved vegetables and similar	Pickled / marinated cucumbers	Canned foods > Canned plant-based foods > Canned vegetables > Pickled vegetables > Pickled cucumbers	
Vegetables and vegetable products	Processed or preserved vegetables and similar	Pickled / marinated cucumbers	Canned foods > Canned plant-based foods > Canned vegetables > Pickled vegetables	
Vegetables and vegetable products	Processed or preserved vegetables and similar	Pickled / marinated gherkins	Plant-based foods and beverages > Plant-based foods > Fruits and vegetables based foods > Vegetables based foods > Vegetables > Cucumbers > Small cucumbers > Gherkins > Pickled gherkins	
Vegetables and vegetable products	Processed or preserved vegetables and similar	Pickled / marinated vegetables	Canned foods > Canned plant-based foods > Canned vegetables > Pickled vegetables	
Meat and meat products	Mammals and birds meat	Pig fresh meat	Meats and their products > Meats > Pork	yes
Meat and meat products	Mammals and birds meat	Pig minced meat	Meats and their products > Meats > Pork > Ground pork meat	yes
Meat and meat products	Animal other slaughtering products	Pig trotters and feet	Meats and their products > Meats > Pork > Salt-cured pork trotters	
Fruit and fruit products	Fruit used as fruit	Pineapples	Plant-based foods and beverages > Plant-based foods > Fruits and vegetables based foods > Fruits based foods > Fruits > Tropical fruits > Pineapple	
Seasoning, sauces and condiments	Seasonings	Pink pepper fruit & peppercorn	Condiments > Herbs and spices > Spices > Peppers	
Seasoning, sauces and condiments	Seasonings	Pink pepper fruit & peppercorn	Condiments > Herbs and spices > Spices > Peppers > Pink peppers	
Fish and seafood	Fish (meat)	Pink salmon	Seafood > Fishes and their products > Fishes > Fatty fishes > Salmons > Wild salmons	
Grains and grain-based products	Bread and similar products	Pita bread	Plant-based foods and beverages > Plant-based foods > Cereals and potatoes > Cereals and their products > Breads > Pre-baked breads > Frozen pre-baked breads > Frozen pre-baked pitas	
Grains and grain-based products	Bread and similar products	Pita bread	Plant-based foods and beverages > Plant-based foods > Cereals and potatoes > Cereals and their products > Breads > Flatbreads > Pitas	
Composite dishes	Dishes, incl. Ready to eat meals (excluding soups and salads)	Pizza and pizza-like dishes	Meals > Pizzas pies and quiches	yes
Composite dishes	Dishes, incl. Ready to eat meals (excluding soups and salads)	Pizza and similar with cheese topping	Frozen foods > Frozen pizzas and pies	yes
Composite dishes	Dishes, incl. Ready to eat meals (excluding soups and salads)	Pizza and similar with cheese topping	Frozen foods > Frozen pizzas and pies > Frozen pizzas	yes
Composite dishes	Dishes, incl. Ready to eat meals (excluding soups and salads)	Pizza and similar with cheese topping	Meals > Pizzas pies and quiches > Calzone	yes
Composite dishes	Dishes, incl. Ready to eat meals (excluding soups and salads)	Pizza and similar with cheese topping	Meals > Pizzas pies and quiches > Calzone > Calzones au fromage	yes
Composite dishes	Dishes, incl. Ready to eat meals (excluding soups and salads)	Pizza and similar with cheese topping	Meals > Pizzas pies and quiches > Fresh pizzas pies and quiches	yes
Composite dishes	Dishes, incl. Ready to eat meals (excluding soups and salads)	Pizza and similar with cheese topping	Meals > Pizzas pies and quiches > Pizzas	yes
Composite dishes	Dishes, incl. Ready to eat meals (excluding soups and salads)	Pizza and similar with cheese topping	Meals > Pizzas pies and quiches > Pizzas > Cheese and mushrooms pizza	yes
Composite dishes	Dishes, incl. Ready to eat meals (excluding soups and salads)	Pizza and similar with cheese topping	Meals > Pizzas pies and quiches > Pizzas > Cheese pizzas	yes
Composite dishes	Dishes, incl. Ready to eat meals (excluding soups and salads)	Pizza and similar with cheese topping	Meals > Pizzas pies and quiches > Pizzas > Goat cheese and bacon pizzas	yes
Composite dishes	Dishes, incl. Ready to eat meals (excluding soups and salads)	Pizza and similar with cheese topping	Meals > Pizzas pies and quiches > Pizzas > Margherita Pizza	yes
Composite dishes	Dishes, incl. Ready to eat meals (excluding soups and salads)	Pizza and similar with cheese topping	Meals > Pizzas pies and quiches > Salted pies	yes
Composite dishes	Dishes, incl. Ready to eat meals (excluding soups and salads)	Pizza and similar with cheese topping	Meals > Pizzas pies and quiches > Salted pies > Cheese pies	yes
Composite dishes	Dishes, incl. Ready to eat meals (excluding soups and salads)	Pizza and similar with cheese topping	Meals > Pizzas pies and quiches > Salted pies > Goat cheese and spinach tart	yes
Composite dishes	Dishes, incl. Ready to eat meals (excluding soups and salads)	Pizza and similar with cheese topping	Meals > Pizzas pies and quiches > Salted pies > Maroilles Tarts	yes
Composite dishes	Dishes, incl. Ready to eat meals (excluding soups and salads)	Pizza and similar with cheese, meat, mushrooms, and vegetables	Meals > Pizzas pies and quiches > Pizzas > Regina pizza	yes
Composite dishes	Dishes, incl. Ready to eat meals (excluding soups and salads)	Pizza and similar with processed meat topping	Meals > Pizzas pies and quiches > Fresh pizzas pies and quiches	yes
Composite dishes	Dishes, incl. Ready to eat meals (excluding soups and salads)	Pizza and similar with processed meat topping	Frozen foods > Frozen pizzas and pies > Frozen pizzas	yes
Composite dishes	Dishes, incl. Ready to eat meals (excluding soups and salads)	Pizza and similar with processed meat topping	Meals > Pizzas pies and quiches > Calzone	yes
Composite dishes	Dishes, incl. Ready to eat meals (excluding soups and salads)	Pizza and similar with processed meat topping	Meals > Pizzas pies and quiches > Calzone > Calzones au jambon	yes
Composite dishes	Dishes, incl. Ready to eat meals (excluding soups and salads)	Pizza and similar with processed meat topping	Meals > Pizzas pies and quiches > Calzone > Calzones au poulet	yes
Composite dishes	Dishes, incl. Ready to eat meals (excluding soups and salads)	Pizza and similar with processed meat topping	Meals > Pizzas pies and quiches > Calzone > Calzones jambon fromage	yes
Composite dishes	Dishes, incl. Ready to eat meals (excluding soups and salads)	Pizza and similar with processed meat topping	Meals > Pizzas pies and quiches > Calzone > Calzones peperoni	yes
Composite dishes	Dishes, incl. Ready to eat meals (excluding soups and salads)	Pizza and similar with processed meat topping	Meals > Pizzas pies and quiches > Pizzas	yes
Composite dishes	Dishes, incl. Ready to eat meals (excluding soups and salads)	Pizza and similar with processed meat topping	Meals > Pizzas pies and quiches > Pizzas > Cheese pizzas > Cheese and onion pizza with lardoons	yes
Composite dishes	Dishes, incl. Ready to eat meals (excluding soups and salads)	Pizza and similar with processed meat topping	Meals > Pizzas pies and quiches > Pizzas > Cheese pizzas > Pizza with raclette cheese and lardoons	yes
Composite dishes	Dishes, incl. Ready to eat meals (excluding soups and salads)	Pizza and similar with processed meat topping	Meals > Pizzas pies and quiches > Pizzas > Chicken pizza	yes
Composite dishes	Dishes, incl. Ready to eat meals (excluding soups and salads)	Pizza and similar with processed meat topping	Meals > Pizzas pies and quiches > Pizzas > Chorizo pizzas	yes
Composite dishes	Dishes, incl. Ready to eat meals (excluding soups and salads)	Pizza and similar with processed meat topping	Meals > Pizzas pies and quiches > Pizzas > Goat cheese and bacon pizzas	yes
Composite dishes	Dishes, incl. Ready to eat meals (excluding soups and salads)	Pizza and similar with processed meat topping	Meals > Pizzas pies and quiches > Pizzas > Ham pizzas	yes
Composite dishes	Dishes, incl. Ready to eat meals (excluding soups and salads)	Pizza and similar with processed meat topping	Meals > Pizzas pies and quiches > Pizzas > Kebab pizzas	yes
Composite dishes	Dishes, incl. Ready to eat meals (excluding soups and salads)	Pizza and similar with processed meat topping	Meals > Pizzas pies and quiches > Pizzas > Pepperoni pizzas	yes
Composite dishes	Dishes, incl. Ready to eat meals (excluding soups and salads)	Pizza and similar with processed meat topping	Meals > Pizzas pies and quiches > Pizzas > Pizza with ham and cheese	yes
Composite dishes	Dishes, incl. Ready to eat meals (excluding soups and salads)	Pizza and similar with processed meat topping	Meals > Pizzas pies and quiches > Pizzas > Regina pizza	yes
Composite dishes	Dishes, incl. Ready to eat meals (excluding soups and salads)	Pizza and similar with processed meat topping	Meals > Pizzas pies and quiches > Salted pies > Flammekueche	yes
Composite dishes	Dishes, incl. Ready to eat meals (excluding soups and salads)	Pizza and similar with processed meat topping	Meals > Pizzas pies and quiches > Quiches > Lorraine quiche	yes
Composite dishes	Dishes, incl. Ready to eat meals (excluding soups and salads)	Pizza and similar with processed meat topping	Meals > Pizzas pies and quiches > Salted pies	yes
Composite dishes	Dishes, incl. Ready to eat meals (excluding soups and salads)	Pizza and similar with processed meat topping	Meals > Pizzas pies and quiches > Quiches	yes
Grains and grain-based products	Bread and similar products	Pizza base, cooked	Plant-based foods and beverages > Plant-based foods > Cereals and potatoes > Bakery products > Pizza dough > Cooked pizza base	
Composite dishes	Dishes, incl. Ready to eat meals (excluding soups and salads)	Pizzas	Meals > Pizzas pies and quiches > Pizzas	yes
Fish and seafood	Fish (meat)	Plaice	Seafood > Fishes and their products > Fishes > European plaice	
Grains and grain-based products	Fine bakery wares	Plain cakes	Snacks > Sweet snacks > Biscuits and cakes > Cakes > Pound Cake > Madeleines > Plain madeleines	
Grains and grain-based products	Fine bakery wares	Plain cakes	Snacks > Sweet snacks > Biscuits and cakes > Cakes > Cheesecakes > Plain cheesecakes	
Grains and grain-based products	Fine bakery wares	Plain cakes	Snacks > Sweet snacks > Biscuits and cakes > Cakes > Breton cakes > Far Bretons > Plain breton pudding cake	
Grains and grain-based products	Fine bakery wares	Plain cakes	Snacks > Sweet snacks > Biscuits and cakes > Cakes	
Fruit and fruit products	Fruit used as fruit	Plantains	Plant-based foods and beverages > Plant-based foods > Fruits and vegetables based foods > Fruits based foods > Fruits > Tropical fruits > Bananas > Plantain bananas	
Fruit and fruit products	Fruit used as fruit	Plums	Plant-based foods and beverages > Plant-based foods > Fruits and vegetables based foods > Fruits based foods > Fruits > Plums	
Meat and meat products	Sausages	Polish-type cooked sausage	Meats and their products > Prepared meats > Sausages	
Grains and grain-based products	Breakfast cereals	Popped cereals	Breakfasts > Breakfast cereals > Puffed cereals	
Animal and vegetable fats and oils and primary derivatives thereof	Animal and vegetable fats/oils	Pork lard	Meats and their products > Meats > Pork > Bacon > Pork fat	
Animal and vegetable fats and oils and primary derivatives thereof	Animal and vegetable fats/oils	Pork lard	Fats > Animal fats > Lards	
Grains and grain-based products	Breakfast cereals	Porridge (ready to eat)	Breakfasts > Breakfast cereals > Cereals with fruits > Porridge with fruits	
Grains and grain-based products	Breakfast cereals	Porridge milk based (ready to eat)	Breakfasts > Instant porridges with milk powder	
Grains and grain-based products	Breakfast cereals	Porridge water based (ready to eat)	Breakfasts > Breakfast cereals > Porridge	
Vegetables and vegetable products	Leafy vegetables	Portuguese kales	Plant-based foods and beverages > Plant-based foods > Fruits and vegetables based foods > Vegetables based foods > Vegetables > Leaf vegetables > Cabbages > Curly kale	
Composite dishes	Dishes, incl. Ready to eat meals (excluding soups and salads)	Potato based dishes	Meals > Potato dishes	
Composite dishes	Dishes, incl. Ready to eat meals (excluding soups and salads)	Potato boiled	Frozen foods > Frozen plant-based foods > Frozen potatoes	
Composite dishes	Dishes, incl. Ready to eat meals (excluding soups and salads)	Potato boiled	Meals > Potato dishes	
Composite dishes	Dishes, incl. Ready to eat meals (excluding soups and salads)	Potato boiled	Plant-based foods and beverages > Plant-based foods > Cereals and potatoes > Potatoes and their products > Potatoes	
Composite dishes	Dishes, incl. Ready to eat meals (excluding soups and salads)	Potato boiled	Plant-based foods and beverages > Plant-based foods > Cereals and potatoes > Prepared potatoes	
Composite dishes	Dishes, incl. Ready to eat meals (excluding soups and salads)	Potato boiled	Plant-based foods and beverages > Plant-based foods > Cereals and potatoes > Prepared potatoes > Boiled or steamed potatoes	
Composite dishes	Dishes, incl. Ready to eat meals (excluding soups and salads)	Potato casserole	Meals > Gratins > Potato gratin	
Composite dishes	Fried or extruded cereal, seed or root-based products	Potato crisps from dough	Snacks > Salty snacks > Appetizers > Crisps > Crisps made from reconstituted potato	
Composite dishes	Fried or extruded cereal, seed or root-based products	Potato crisps from potato slices	Plant-based foods and beverages > Plant-based foods > Cereals and potatoes > Potato crisps	
Composite dishes	Fried or extruded cereal, seed or root-based products	Potato crisps or sticks	Plant-based foods and beverages > Plant-based foods > Cereals and potatoes > Potato crisps	
Starchy roots or tubers and products thereof, sugar plants	Starchy root and tuber products	Potato flour	Plant-based foods and beverages > Plant-based foods > Flours > Potato flours	
Composite dishes	Dishes, incl. Ready to eat meals (excluding soups and salads)	Potato puree	Plant-based foods and beverages > Plant-based foods > Cereals and potatoes > Potato preparations > Mashed potatoes > Pure mashed potatoes	
Composite dishes	Dishes, incl. Ready to eat meals (excluding soups and salads)	Potato puree from potatoes	Plant-based foods and beverages > Plant-based foods > Cereals and potatoes > Potato preparations > Mashed potatoes	
Starchy roots or tubers and products thereof, sugar plants	Starchy roots and tubers	Potatoes	Plant-based foods and beverages > Plant-based foods > Cereals and potatoes > Potatoes and their products > Potatoes	yes
Composite dishes	Dishes, incl. Ready to eat meals (excluding soups and salads)	Potatoes and cheese meal	Meals > Potato dishes	
Composite dishes	Dishes, incl. Ready to eat meals (excluding soups and salads)	Potatoes meal	Meals > Potato dishes	
Starchy roots or tubers and products thereof, sugar plants	Starchy roots and tubers	Potatoes, baked	Plant-based foods and beverages > Plant-based foods > Cereals and potatoes > Prepared potatoes	
Starchy roots or tubers and products thereof, sugar plants	Starchy roots and tubers	Potatoes, baked	Plant-based foods and beverages > Plant-based foods > Cereals and potatoes > Prepared potatoes > Roasted potatoes > Frozen baked potatoes	
Starchy roots or tubers and products thereof, sugar plants	Starchy roots and tubers	Potatoes, baked	Plant-based foods and beverages > Plant-based foods > Cereals and potatoes > Prepared potatoes > Baked peeled potatoes	
Starchy roots or tubers and products thereof, sugar plants	Starchy roots and tubers	Potatoes, baked	Plant-based foods and beverages > Plant-based foods > Cereals and potatoes > Prepared potatoes > Roasted potatoes	
Starchy roots or tubers and products thereof, sugar plants	Starchy roots and tubers	Potatoes, puree	Plant-based foods and beverages > Plant-based foods > Cereals and potatoes > Dehydrated potato flakes with milk	
Starchy roots or tubers and products thereof, sugar plants	Starchy roots and tubers	Potatoes, puree	Plant-based foods and beverages > Plant-based foods > Cereals and potatoes > Instant mashed potatoes	
Starchy roots or tubers and products thereof, sugar plants	Starchy roots and tubers	Potatoes, puree	Plant-based foods and beverages > Plant-based foods > Cereals and potatoes > Potato preparations	
Starchy roots or tubers and products thereof, sugar plants	Starchy roots and tubers	Potatoes, puree	Plant-based foods and beverages > Plant-based foods > Cereals and potatoes > Potato preparations > Mashed potatoes	
Starchy roots or tubers and products thereof, sugar plants	Starchy roots and tubers	Potatoes, puree	Plant-based foods and beverages > Plant-based foods > Cereals and potatoes > Potato preparations > Mashed potatoes > Pure mashed potatoes	
Starchy roots or tubers and products thereof, sugar plants	Starchy roots and tubers	Potatoes, puree	Plant-based foods and beverages > Plant-based foods > Cereals and potatoes > Potato preparations > Mashed potatoes > Sweet potato puree cooked with cream	
Starchy roots or tubers and products thereof, sugar plants	Starchy roots and tubers	Potatoes, puree	Plant-based foods and beverages > Plant-based foods > Cereals and potatoes > Potato puree made from flakes reconstituted with whole milk with added fat	
Starchy roots or tubers and products thereof, sugar plants	Starchy roots and tubers	Potatoes, puree	Plant-based foods and beverages > Plant-based foods > Cereals and potatoes > Unsalted Potato puree made from flakes reconstituted with semi-skimmed milk and water	
Starchy roots or tubers and products thereof, sugar plants	Starchy roots and tubers	Potatoes, puree	Plant-based foods and beverages > Plant-based foods > Cereals and potatoes > Unsalted potato puree with milk and butter	
Starchy roots or tubers and products thereof, sugar plants	Starchy roots and tubers	Potatoes, puree	Frozen foods > Frozen mashed potatoes	
Sugar and similar, confectionery and water-based sweet desserts	Confectionery including chocolate	Pralines	Snacks > Sweet snacks > Confectioneries > Nut confectioneries > French pralines	
Composite dishes	Soups and salads	Prepared mixed egg/meat/fish/vegetable salad	Meals > Prepared salads > Salads with fish	
Composite dishes	Soups and salads	Prepared mixed egg/meat/fish/vegetable salad	Meals > Prepared salads > Salads with meat	
Composite dishes	Soups and salads	Prepared mixed egg/meat/fish/vegetable salad	Meals > Prepared salads	
Composite dishes	Soups and salads	Prepared potato salad	Meals > Potato dishes > Potato salads	
Composite dishes	Soups and salads	Prepared salad	Meals > Prepared salads	
Vegetables and vegetable products	Processed or preserved vegetables and similar	Preserved concentrated tomatoes	Canned foods > Canned plant-based foods > Canned tomato products > Tomato pastes > Double concentrate tomato paste	yes
Vegetables and vegetable products	Processed or preserved vegetables and similar	Preserved tomato, whole or pieces	Canned foods > Canned plant-based foods > Canned tomato products > Canned tomatoes	yes
Fruit and fruit products	Fruit used as fruit	Prickly pears	Plant-based foods and beverages > Plant-based foods > Fruits and vegetables based foods > Fruits based foods > Fruits > Pears > Prickly pears	
Milk and dairy products	Cheese	Processed cheese and spreads	Dairies > Fermented milk products > Cheeses > Cheese spreads	
Milk and dairy products	Cheese	Processed cheese wedges and similar	Dairies > Fermented milk products > Cheese preparations > Processed cheeses > Processed cheese around 20% fat in wedges	
Milk and dairy products	Cheese	Processed cheese, sliceable	Dairies > Fermented milk products > Cheese preparations > Processed cheeses > Processed cheese in slices	
Milk and dairy products	Cheese	Processed cheese, spreadable	Dairies > Fermented milk products > Cheese preparations > Processed cheeses	
Grains and grain-based products	Breakfast cereals	Processed maize-based flakes	Breakfasts > Breakfast cereals > Cereal flakes > Corn flakes	
Grains and grain-based products	Breakfast cereals	Processed mixed cereal-based flakes	Breakfasts > Breakfast cereals > Cereal flakes > Mixed cereal flakes	
Grains and grain-based products	Breakfast cereals	Processed oat-based flakes	Breakfasts > Breakfast cereals > Cereal flakes > Rolled oats > Cooked oat flakes	
	Processed or preserved vegetables and similar	Processed or preserved vegetables and similar	Plant-based foods and beverages > Plant-based foods > Prepared vegetables	
	Processed or preserved vegetables and similar	Processed or preserved vegetables and similar	Plant-based foods and beverages > Plant-based foods > Fruits and vegetables based foods > Vegetables based foods	
	Processed or preserved vegetables and similar	Processed or preserved vegetables and similar	Plant-based foods and beverages > Plant-based foods > Fruits and vegetables based foods > Vegetable soups	
	Processed or preserved vegetables and similar	Processed or preserved vegetables and similar	Frozen foods > Frozen plant-based foods > Frozen vegetables	
	Processed or preserved vegetables and similar	Processed or preserved vegetables and similar	Frozen foods > Frozen plant-based foods > Frozen plant-based foods mixes > Frozen mixed vegetables	
	Processed or preserved vegetables and similar	Processed or preserved vegetables and similar	Freeze-dried foods > Freeze-dried plant-based foods > Freeze-dried vegetables	
	Processed or preserved vegetables and similar	Processed or preserved vegetables and similar	Dried products > Dried plant-based foods > Dried vegetables	
Vegetables and vegetable products	Processed or preserved vegetables and similar	Processed or preserved vegetables and similar	Canned foods > Canned plant-based foods > Canned vegetables	
Vegetables and vegetable products	Processed or preserved vegetables and similar	Processed or preserved vegetables and similar	Plant-based foods and beverages > Plant-based foods	
Vegetables and vegetable products	Processed or preserved vegetables and similar	Processed tomato products	Plant-based foods and beverages > Plant-based foods > Fruits and vegetables based foods > Vegetables based foods > Tomatoes and their products	yes
Grains and grain-based products	Breakfast cereals	Processed wheat-based flakes	Breakfasts > Breakfast cereals > Cereal flakes > Extruded wheat flakes	
0	0	Processed whole meat products	Meats and their products > Meats > Cooked meats	yes
Products for non-standard diets, food imitates and food supplements	Food supplements and similar preparations	Protein and amino acids supplements	Dietary supplements > Bodybuilding supplements > Protein powders	
Legumes, nuts, oilseeds and spices	Spices	Provence herbs, dry	Condiments > Culinary plants > Aromatic plants > Ground dried aromatic plants > Herbes de Provence	
Legumes, nuts, oilseeds and spices	Spices	Provence herbs, dry	Condiments > Culinary plants > Aromatic plants > Ground dried aromatic plants > Herbes de Provence > Dried Provence herbs	
Legumes, nuts, oilseeds and spices	Spices	Provence herbs, dry	Condiments > Culinary plants > Aromatic plants > Herbs	
Legumes, nuts, oilseeds and spices	Spices	Provence herbs, dry	Condiments > Culinary plants > Aromatic plants > Herbs > Thyme > Thym de Provence	
Legumes, nuts, oilseeds and spices	Spices	Provence herbs, dry	Condiments > Culinary plants > Aromatic plants > Mixed herbs	
Legumes, nuts, oilseeds and spices	Spices	Provence herbs, dry	Condiments > Herbs and spices	
Grains and grain-based products	Fine bakery wares	Puff-pastry croissant, filled with chocolate	Snacks > Sweet snacks > Sweet pastries and pies > Viennoiseries > Chocolate croissant	
0	0	Pulses flour	Plant-based foods and beverages > Plant-based foods > Flours > Legume flours	
Alternative products (outside of FoodEx)	Alternative products (outside of FoodEx)	Pulses flour	Plant-based foods and beverages > Plant-based foods > Flours > Legume flours	
Animal and vegetable fats and oils and primary derivatives thereof	Animal and vegetable fats/oils	Pumpkin seed oil	Plant-based foods and beverages > Plant-based foods > Pumpkin and Squash plant products > Pumpkin seeds and their products > Pumpkin seed oils	
Vegetables and vegetable products	Fruiting vegetables	Pumpkins	Plant-based foods and beverages > Plant-based foods > Pumpkin and Squash plant products	
Milk and dairy products	Cheese	Quark	Dairies > Fermented milk products > Quarks	
Composite dishes	Dishes, incl. Ready to eat meals (excluding soups and salads)	Quiche	Meals > Pizzas pies and quiches > Quiches	
0	0	Quinoa	Plant-based foods and beverages > Plant-based foods > Cereals and potatoes > Cereals and their products > Cereal grains > Quinoa	
Alternative products (outside of FoodEx)	Alternative products (outside of FoodEx)	Quinoa	Plant-based foods and beverages > Plant-based foods > Cereals and potatoes > Cereals and their products > Cereal grains > Quinoa	
Vegetables and vegetable products	Leafy vegetables	Radicchio	Plant-based foods and beverages > Plant-based foods > Fruits and vegetables based foods > Vegetables based foods > Vegetables > Radicchio	
Fish and seafood	Fish (meat)	Rainbow trout	Seafood > Fishes and their products > Fishes > Fatty fishes > Trouts > Farmed trouts > Farmed rainbow trout	
Animal and vegetable fats and oils and primary derivatives thereof	Animal and vegetable fats/oils	Rape seed oil, edible	Fats > Vegetable fats > Vegetable oils > Rapeseed oils	yes
Fruit and fruit products	Fruit used as fruit	Raspberries (red and yellow)	Plant-based foods and beverages > Plant-based foods > Fruits and vegetables based foods > Fruits based foods > Fruits > Berries > Raspberries	
Composite dishes	Dishes, incl. Ready to eat meals (excluding soups and salads)	Ratatouille	Meals > Ratatouille	
Meat and meat products	Processed whole meat products	Raw cured (or seasoned) pig meat	Meats and their products > Meats > Pork > Pork belly > Salt-cured pork belly	
Meat and meat products	Processed whole meat products	Raw cured (or seasoned) pig meat	Meats and their products > Meats > Pork > Pork loin > Cured pork loin	
Meat and meat products	Processed whole meat products	Raw cured (or seasoned) pig meat	Meats and their products > Prepared meats > Cured sausages	
Meat and meat products	Processed whole meat products	Raw cured (or seasoned) pig meat	Meats and their products > Prepared meats > Hams > Cured hams	
Vegetables and vegetable products	Leafy vegetables	Red cabbages	Plant-based foods and beverages > Plant-based foods > Fruits and vegetables based foods > Vegetables based foods > Vegetables > Leaf vegetables > Cabbages > Red cabbage	
Sugar and similar, confectionery and water-based sweet desserts	Sugar and other sweetening ingredients (excluding intensive sweeteners)	Refined beet sugar	Sweeteners > Sugars > Beet sugars	
Sugar and similar, confectionery and water-based sweet desserts	Sugar and other sweetening ingredients (excluding intensive sweeteners)	Refined cane sugar	Sweeteners > Sugars > Cane sugar	
Seasoning, sauces and condiments	Condiments (including table-top formats)	Relishes	Condiments	
Grains and grain-based products	Cereals and cereal primary derivatives	Rice 	Plant-based foods and beverages > Plant-based foods > Cereals and potatoes > Cereals and their products > Cereal grains > Rices	
Composite dishes	Dishes, incl. Ready to eat meals (excluding soups and salads)	Rice and vegetables meal	Meals > Rice dishes > Risottos > Vegetable risottos	
Composite dishes	Dishes, incl. Ready to eat meals (excluding soups and salads)	Rice based dishes, cooked	Meals > Rice dishes	
Products for non-standard diets, food imitates and food supplements	Meat and dairy imitates	Rice drink	Plant-based foods and beverages > Plant-based foods > Cereals and potatoes > Cereals and their products > Cereal-based drinks > Rice-based drinks	
Alternative products (outside of FoodEx)	Alternative products (outside of FoodEx)	Rice drink	Plant-based foods and beverages > Plant-based foods > Cereals and potatoes > Cereals and their products > Cereal-based drinks > Rice-based drinks	
Grains and grain-based products	Cereals and cereal primary derivatives	Rice flour	Plant-based foods and beverages > Plant-based foods > Cereals and potatoes > Cereals and their products > Cereal flours > Rice flours	
Grains and grain-based products	Cereals and cereal primary derivatives	Rice grain	Plant-based foods and beverages > Plant-based foods > Cereals and potatoes > Cereals and their products > Cereal grains > Rices	
Grains and grain-based products	Cereals and cereal primary derivatives	Rice grain, long-grain	Plant-based foods and beverages > Plant-based foods > Cereals and potatoes > Cereals and their products > Cereal grains > Rices > Long grain rices	
Grains and grain-based products	Cereals and cereal primary derivatives	Rice grain, polished	Plant-based foods and beverages > Plant-based foods > Cereals and potatoes > Cereals and their products > Cereal grains > Rices	
Composite dishes	Dishes, incl. Ready to eat meals (excluding soups and salads)	Rice meal	Plant-based foods and beverages > Plant-based foods > Cereals and potatoes > Cereals and their products > Cereal flours > Rice flours	
Grains and grain-based products	Breakfast cereals	Rice porridge	Breakfasts > Breakfast cereals > Cereals with fruits > Porridge with fruits	
Grains and grain-based products	Breakfast cereals	Rice porridge	Breakfasts > Breakfast cereals > Chocolate cereals > Porridge with chocolate	
Grains and grain-based products	Breakfast cereals	Rice porridge	Breakfasts > Breakfast cereals > Porridge	
Grains and grain-based products	Breakfast cereals	Rice porridge	Breakfasts > Breakfast cereals > Porridge > Plain porridge	
Grains and grain-based products	Breakfast cereals	Rice porridge	Breakfasts > Instant porridges with milk powder	
Grains and grain-based products	Breakfast cereals	Rice, long-grain	Plant-based foods and beverages > Plant-based foods > Cereals and potatoes > Cereals and their products > Cereal grains > Rices	
Grains and grain-based products	Breakfast cereals	Rice, long-grain	Plant-based foods and beverages > Plant-based foods > Cereals and potatoes > Cereals and their products > Cereal grains > Rices > Long grain rices	
Composite dishes	Dishes, incl. Ready to eat meals (excluding soups and salads)	Rice, meat, and vegetables meal	Canned foods > Canned meals	
Composite dishes	Dishes, incl. Ready to eat meals (excluding soups and salads)	Rice, meat, and vegetables meal	Meals	
Composite dishes	Dishes, incl. Ready to eat meals (excluding soups and salads)	Rice, meat, and vegetables meal	Meals > Céréales préparées > Prepared rices	
Composite dishes	Dishes, incl. Ready to eat meals (excluding soups and salads)	Rice, meat, and vegetables meal	Meals > Combination Meals > Frozen ready-made meals	
Composite dishes	Dishes, incl. Ready to eat meals (excluding soups and salads)	Rice, meat, and vegetables meal	Meals > Combination Meals > Ready to eat combination meals	
Composite dishes	Dishes, incl. Ready to eat meals (excluding soups and salads)	Rice, meat, and vegetables meal	Meals > Microwave meals > Pots > Rice in pots	
Composite dishes	Dishes, incl. Ready to eat meals (excluding soups and salads)	Rice, meat, and vegetables meal	Meals > Microwave meals	
Composite dishes	Dishes, incl. Ready to eat meals (excluding soups and salads)	Rice, meat, and vegetables meal	Meals > Pan-fried dishes > Pan-fried meat and vegetable mixes	
Composite dishes	Dishes, incl. Ready to eat meals (excluding soups and salads)	Rice, meat, and vegetables meal	Meals > Meals with meat	
Composite dishes	Dishes, incl. Ready to eat meals (excluding soups and salads)	Rice, meat, and vegetables meal	Meals > Pan-fried dishes	
Composite dishes	Dishes, incl. Ready to eat meals (excluding soups and salads)	Rice, meat, and vegetables meal	Meals > Rice dishes	
Composite dishes	Dishes, incl. Ready to eat meals (excluding soups and salads)	Rice, meat, and vegetables meal	Meals > Rice dishes > Risottos > Vegetable risottos	
Composite dishes	Dishes, incl. Ready to eat meals (excluding soups and salads)	Rice, meat, and vegetables meal	Meals > Rice dishes > Risottos > Veal risottos	
Meat and meat products	Sausages	Ripened kolbasz	Meats and their products > Hungarian meat products > Csabai kolbász	
Composite dishes	Dishes, incl. Ready to eat meals (excluding soups and salads)	Risotto	Meals > Rice dishes > Risottos	
Composite dishes	Dishes, incl. Ready to eat meals (excluding soups and salads)	Roesti	Plant-based foods and beverages > Plant-based foods > Cereals and potatoes > Potato preparations > Rostis	
Grains and grain-based products	Breakfast cereals	Rolled oats, instant	Breakfasts > Breakfast cereals > Cereal flakes > Rolled oats > Pre-cooked oat flakes	
Vegetables and vegetable products	Leafy vegetables	Romaines	Plant-based foods and beverages > Plant-based foods > Fruits and vegetables based foods > Vegetables based foods > Vegetables > Leaf vegetables > Lettuces > Romaine lettuce	
Vegetables and vegetable products	Leafy vegetables	Roman rocket	Plant-based foods and beverages > Plant-based foods > Fruits and vegetables based foods > Vegetables based foods > Vegetables > Leaf vegetables > Rocket	
Vegetables and vegetable products	Leafy vegetables	Roman rocket 	Plant-based foods and beverages > Plant-based foods > Fruits and vegetables based foods > Vegetables based foods > Vegetables > Leaf vegetables > Rocket	
Coffee, cocoa, tea and infusions	Hot drinks and similar (coffee, cocoa, tea and herbal infusions)	Rooibos infusion	Beverages and beverages preparations > Beverage preparations > Herbal teas > Rooibos	
Legumes, nuts, oilseeds and spices	Spices	Root and rhizome spices	Condiments > Herbs and spices > Spices > Turmeric	
Vegetables and vegetable products	Herbs and edible flowers	Root parsley leaves	Condiments > Culinary plants > Aromatic plants > Herbs > Parsley	
Vegetables and vegetable products	Herbs and edible flowers	Root parsley leaves	Condiments > Culinary plants > Aromatic plants > Fresh aromatic plants > Fresh parsley	
Vegetables and vegetable products	Herbs and edible flowers	Root parsley leaves	Condiments > Culinary plants > Aromatic plants > Dried aromatic plants > Dried parsley	
Vegetables and vegetable products	Herbs and edible flowers	Rosemary	Condiments > Culinary plants > Aromatic plants > Herbs > Rosemary	
Alcoholic beverages	Unsweetened spirits and liqueurs	Rum	Beverages and beverages preparations > Beverages > Alcoholic beverages > Distilled beverages > Hard liquors > Eaux de vie > Rums	
Vegetables and vegetable products	Legumes with pod	Runner beans (with pods)	Plant-based foods and beverages > Plant-based foods > Legumes and their products > Legumes > Legume seeds > Pulses > Scarlet runner beans	
Grains and grain-based products	Bread and similar products	Rusk	Plant-based foods and beverages > Plant-based foods > Cereals and potatoes > Cereals and their products > Breads > Rusks	
Grains and grain-based products	Bread and similar products	Rusk, refined flour	Plant-based foods and beverages > Plant-based foods > Cereals and potatoes > Cereals and their products > Breads > Toasts > Wheat rusk slices	
Grains and grain-based products	Bread and similar products	Rusk, refined flour	Plant-based foods and beverages > Plant-based foods > Cereals and potatoes > Cereals and their products > Breads > Rusks > Common wheat rusks	
Grains and grain-based products	Bread and similar products	Rusk, refined flour	Plant-based foods and beverages > Plant-based foods > Cereals and potatoes > Cereals and their products > Breads > Rusks	
Grains and grain-based products	Bread and similar products	Rusk, wholemeal	Plant-based foods and beverages > Plant-based foods > Cereals and potatoes > Cereals and their products > Breads > Rusks > Wholemeal rusks	
Grains and grain-based products	Bread and similar products	Rye bread and rolls, refined flour	Plant-based foods and beverages > Plant-based foods > Cereals and potatoes > Cereals and their products > Breads > Rye breads	
Grains and grain-based products	Bread and similar products	Rye bread and rolls, wholemeal	Plant-based foods and beverages > Plant-based foods > Cereals and potatoes > Cereals and their products > Breads > Rye breads	
Grains and grain-based products	Bread and similar products	Rye only bread and rolls	Plant-based foods and beverages > Plant-based foods > Cereals and potatoes > Cereals and their products > Breads > Rye breads	
Grains and grain-based products	Bread and similar products	Rye-wheat bread and rolls, refined flour	Plant-based foods and beverages > Plant-based foods > Cereals and potatoes > Cereals and their products > Breads > Rye breads	
Grains and grain-based products	Bread and similar products	Rye-wheat bread and rolls, wholemeal	Plant-based foods and beverages > Plant-based foods > Cereals and potatoes > Cereals and their products > Breads	
Grains and grain-based products	Bread and similar products	Rye-wheat bread and rolls, wholemeal	Plant-based foods and beverages > Plant-based foods > Cereals and potatoes > Cereals and their products > Breads > Rye breads	
Grains and grain-based products	Bread and similar products	Rye-wheat bread and rolls, wholemeal	Plant-based foods and beverages > Plant-based foods > Cereals and potatoes > Cereals and their products > Breads > Rye-and-wheat breads	
Sugar and similar, confectionery and water-based sweet desserts	Table-top sweeteners formulations	Saccharines	Food additives > Sugar substitutes	
Sugar and similar, confectionery and water-based sweet desserts	Table-top sweeteners formulations	Saccharines	Food additives > Sugar substitutes > Artificial sugar substitutes > Saccharin	
Seasoning, sauces and condiments	Condiments (including table-top formats)	Salad dressing	Condiments > Sauces > Salad dressings	
Vegetables and vegetable products	Leafy vegetables	Salad, from backyard	Plant-based foods and beverages > Plant-based foods > Fruits and vegetables based foods > Vegetables based foods > Vegetables > Leaf vegetables > Lettuces	
Vegetables and vegetable products	Leafy vegetables	Salad, from backyard	Plant-based foods and beverages > Plant-based foods > Fruits and vegetables based foods > Vegetables based foods > Vegetables > Leaf vegetables > Leaf salads	
Vegetables and vegetable products	Leafy vegetables	Salad, from backyard	Plant-based foods and beverages > Plant-based foods > Fruits and vegetables based foods > Vegetables based foods > Vegetables > Leaf vegetables > Corn salad	
Composite dishes	Soups and salads	Salads	Plant-based foods and beverages > Plant-based foods > Fruits and vegetables based foods > Vegetables based foods > Vegetables > Leaf vegetables > Leaf salads	
Meat and meat products	Sausages	Salami-type sausage	Meats and their products > Prepared meats > Cured sausages > Salami	
Fish and seafood	Fish (meat)	Salmons	Seafood > Fishes and their products > Fishes > Fatty fishes > Salmons	
Seasoning, sauces and condiments	Seasonings	Salt	Condiments > Salts	
Seasoning, sauces and condiments	Seasonings	Salt, iodised	Condiments > Salts > Iodised salts	
Fish and seafood	Fish and seafood processed	Salted cod	Seafood > Fishes and their products > Fishes > Cods > Salted dried cod	
0	0	Salt-preserved fish	Seafood > Fishes and their products > Fishes > Cods > Salted dried cod	
Fish and seafood	Fish and seafood processed	Salt-preserved herring	Canned foods > Canned fishes > Canned herrings	
Fish and seafood	Fish and seafood processed	Salt-preserved herring	Seafood > Fishes and their products > Fishes > Fatty fishes > Herring	
Fish and seafood	Fish and seafood processed	Salt-preserved herring	Seafood > Fishes and their products > Fishes > Fatty fishes > Atlantic herring	
Fish and seafood	Fish and seafood processed	Salt-preserved herring	Seafood > Fishes and their products > Fishes > Fish fillets > Herring fillets > Smoked Atlantic herring fillet	
0	0	Sandwich	Sandwiches	
Composite dishes	Dishes, incl. Ready to eat meals (excluding soups and salads)	Sandwich 	Sandwiches	
Composite dishes	Dishes, incl. Ready to eat meals (excluding soups and salads)	Sandwich and sandwich-like dishes	Sandwiches > Wraps	
Grains and grain-based products	Bread and similar products	Sandwich bread (hamburger roll-type)	Plant-based foods and beverages > Plant-based foods > Cereals and potatoes > Cereals and their products > Breads > Pre-baked breads > Frozen pre-baked breads > Frozen pre-baked hamburger buns	
Grains and grain-based products	Bread and similar products	Sandwich bread (hamburger roll-type)	Plant-based foods and beverages > Plant-based foods > Cereals and potatoes > Cereals and their products > Breads > Special breads > Wholemeal rolls for hamburger	
Grains and grain-based products	Bread and similar products	Sandwich bread (hamburger roll-type)	Plant-based foods and beverages > Plant-based foods > Cereals and potatoes > Cereals and their products > Breads > Special breads > Hamburger buns	
Composite dishes	Dishes, incl. Ready to eat meals (excluding soups and salads)	Sandwich with meat and vegetable topping/filling	Sandwiches	
Composite dishes	Dishes, incl. Ready to eat meals (excluding soups and salads)	Sandwich with processed meat topping/filling	Sandwiches	
Composite dishes	Dishes, incl. Ready to eat meals (excluding soups and salads)	Sandwich with processed meat topping/filling	Sandwiches > Cheese sandwiches > Ham and cheese sandwiches	
Composite dishes	Dishes, incl. Ready to eat meals (excluding soups and salads)	Sandwich with processed meat topping/filling	Sandwiches > French bread sandwiches > Baguette sandwich with merguez sausage	
Composite dishes	Dishes, incl. Ready to eat meals (excluding soups and salads)	Sandwich with processed meat topping/filling	Sandwiches > French bread sandwiches > Baguette sandwiches with and turkey and vegetables and mayonnaise	
Composite dishes	Dishes, incl. Ready to eat meals (excluding soups and salads)	Sandwich with processed meat topping/filling	Sandwiches > French bread sandwiches > Baguette sandwiches with dry sausage and butter	
Composite dishes	Dishes, incl. Ready to eat meals (excluding soups and salads)	Sandwich with processed meat topping/filling	Sandwiches > French bread sandwiches > Baguette sandwiches with ham and butter	
Composite dishes	Dishes, incl. Ready to eat meals (excluding soups and salads)	Sandwich with processed meat topping/filling	Sandwiches > French bread sandwiches > Baguette sandwiches with ham and emmental cheese	
Composite dishes	Dishes, incl. Ready to eat meals (excluding soups and salads)	Sandwich with processed meat topping/filling	Sandwiches > French bread sandwiches > Baguette sandwiches with ham emmental cheese and butter	
Composite dishes	Dishes, incl. Ready to eat meals (excluding soups and salads)	Sandwich with processed meat topping/filling	Sandwiches > French bread sandwiches > Baguette sandwiches with salami and butter	
Composite dishes	Dishes, incl. Ready to eat meals (excluding soups and salads)	Sandwich with processed meat topping/filling	Sandwiches > Poultry sandwiches	
Composite dishes	Dishes, incl. Ready to eat meals (excluding soups and salads)	Sandwich with processed meat topping/filling	Sandwiches > Sandwich made with panini bread raw cured ham mozzarella cheese and tomato	
Composite dishes	Dishes, incl. Ready to eat meals (excluding soups and salads)	Sandwich with processed meat topping/filling	Sandwiches > Sandwiches filled with cold cuts	
Composite dishes	Dishes, incl. Ready to eat meals (excluding soups and salads)	Sandwich with processed meat topping/filling	Sandwiches > Sandwiches with ham and emmental cheese	
Composite dishes	Dishes, incl. Ready to eat meals (excluding soups and salads)	Sandwich with processed meat topping/filling	Sandwiches > Sandwiches with ham and emmental cheese and butter	
Composite dishes	Dishes, incl. Ready to eat meals (excluding soups and salads)	Sandwich with processed meat topping/filling	Sandwiches > French bread sandwiches > BLT sandwich	
Composite dishes	Dishes, incl. Ready to eat meals (excluding soups and salads)	Sandwich with processed meat topping/filling	Sandwiches > French bread sandwiches > Sandwich with pâté and pickles	
Composite dishes	Dishes, incl. Ready to eat meals (excluding soups and salads)	Sandwich with processed meat topping/filling	Sandwiches > Grilled cheese & ham sandwich prepacked	
Composite dishes	Dishes, incl. Ready to eat meals (excluding soups and salads)	Sandwich with processed meat topping/filling	Sandwiches > Hot dog sandwiches	
Composite dishes	Dishes, incl. Ready to eat meals (excluding soups and salads)	Sandwich with processed meat topping/filling	Sandwiches > Paninis	
Composite dishes	Dishes, incl. Ready to eat meals (excluding soups and salads)	Sandwich with processed meat topping/filling	Sandwiches > Paninis > Panini au poulet	
Composite dishes	Dishes, incl. Ready to eat meals (excluding soups and salads)	Sandwish and sandwish-like dishes	Sandwiches	
Vegetables and vegetable products	Processed or preserved vegetables and similar	Sauerkraut	Plant-based foods and beverages > Plant-based foods > Fruits and vegetables based foods > Vegetables based foods > Fermented vegetables > Sauerkrauts	
Composite dishes	Dishes, incl. Ready to eat meals (excluding soups and salads)	Sausage roll	Snacks > Salty snacks > Appetizers > Sausage rolls	
Meat and meat products	Sausages	Sausages	Meats and their products > Prepared meats > Sausages	
Legumes, nuts, oilseeds and spices	Spices	Savory, dry	Condiments > Culinary plants > Aromatic plants > Dried aromatic plants > Dried savory	
Composite dishes	Dishes, incl. Ready to eat meals (excluding soups and salads)	Savoury pies and tarts	Meals > Pizzas pies and quiches > Salted pies	
Seasoning, sauces and condiments	Condiments (including table-top formats)	Savoury sauces	Condiments > Sauces	
Vegetables and vegetable products	Leafy vegetables	Savoy cabbages	Plant-based foods and beverages > Plant-based foods > Fruits and vegetables based foods > Vegetables based foods > Vegetables > Leaf vegetables > Cabbages	
Grains and grain-based products	Fine bakery wares	Scones and similar	Snacks > Sweet snacks > Biscuits and cakes > Pastries > Scones	
Fish and seafood	Fish (meat)	Sea bream	Seafood > Fishes and their products > Fishes > Breams > Seabreams	
Seasoning, sauces and condiments	Seasonings	Sea salt	Condiments > Salts > Sea salts	
Seasoning, sauces and condiments	Seasonings	Seasoning mixes	Condiments > Herbs and spices > Spices > Spice Mix	
Legumes, nuts, oilseeds and spices	Nuts, oilseeds and oilfruits	Seed (as part-nature)	Plant-based foods and beverages > Plant-based foods > Seeds	
Legumes, nuts, oilseeds and spices	Nuts, oilseeds and oilfruits	Seed (as part-nature)	Plant-based foods and beverages > Plant-based foods > Shelf-stable prepared fruit nuts and seeds Mixes	
Legumes, nuts, oilseeds and spices	Nuts, oilseeds and oilfruits	Seed (as part-nature)	Plant-based foods and beverages > Plant-based foods > Sunflower seeds and their products	
Animal and vegetable fats and oils and primary derivatives thereof	Animal and vegetable fats/oils	Seed oils	Fats > Vegetable fats > Vegetable oils > Fruit and fruit seed oils	
Animal and vegetable fats and oils and primary derivatives thereof	Animal and vegetable fats/oils	Seed oils	Fats > Vegetable fats > Vegetable oils > Fruit and fruit seed oils > Grape seed oils	
Animal and vegetable fats and oils and primary derivatives thereof	Animal and vegetable fats/oils	Seed oils	Fats > Vegetable fats > Vegetable oils > Mustard oils	
Animal and vegetable fats and oils and primary derivatives thereof	Animal and vegetable fats/oils	Seed oils	Fats > Vegetable fats > Vegetable oils > Rapeseed oils	
Animal and vegetable fats and oils and primary derivatives thereof	Animal and vegetable fats/oils	Seed oils	Plant-based foods and beverages > Plant-based foods > Cereals and potatoes > Cereals and their products > Cereal oils > Corn oils	
Animal and vegetable fats and oils and primary derivatives thereof	Animal and vegetable fats/oils	Seed oils	Plant-based foods and beverages > Plant-based foods > Cereals and potatoes > Cereals and their products > Cereal oils > Linseed oils	
Animal and vegetable fats and oils and primary derivatives thereof	Animal and vegetable fats/oils	Seed oils	Plant-based foods and beverages > Plant-based foods > Legumes and their products > Legume oils > Soybean oils	
Animal and vegetable fats and oils and primary derivatives thereof	Animal and vegetable fats/oils	Seed oils	Plant-based foods and beverages > Plant-based foods > Sunflower seeds and their products > Sunflower oils	
Animal and vegetable fats and oils and primary derivatives thereof	Animal and vegetable fats/oils	Seed oils	Plant-based foods and beverages > Plant-based foods > Cereals and potatoes > Cereals and their products > Cereal oils > Sesame oils	
Legumes, nuts, oilseeds and spices	Processed legumes, nuts, oilseeds and spices	Sesame paste (tahini) (sesamus indicum)	Plant-based foods and beverages > Plant-based foods > Cereals and potatoes > Cereals and their products > Cereal butters > Tahini	
Vegetables and vegetable products	Bulb vegetables	Shallots 	Condiments > Culinary plants > Onions > Shallots	
Vegetables and vegetable products	Bulb vegetables	Shallots 	Fresh foods > Fresh plant-based foods > Fresh vegetables > Fresh shallots	
Vegetables and vegetable products	Bulb vegetables	Shallots 	Plant-based foods and beverages > Plant-based foods > Prepared vegetables > Cooked vegetables > Cooked shallots	
Alcoholic beverages	Beer and beer-like beverage	Shandy	Beverages and beverages preparations > Beverages > Alcoholic beverages > Premixed alcoholic beverages > Beer-based alcoholic beverages > Shandy	
Grains and grain-based products	Pasta, doughs and similar products	Short pastry dough (pate brisee)	Plant-based foods and beverages > Plant-based foods > Cereals and potatoes > Cereals and their products > Pie dough > Shortcrust pastry	
Grains and grain-based products	Fine bakery wares	Shortcrust (pies -tarts)	Plant-based foods and beverages > Plant-based foods > Cereals and potatoes > Cereals and their products > Pie dough > Shortcrust pastry	
Animal and vegetable fats and oils and primary derivatives thereof	Fat emulsions and blended fats	Shortening and similar baking fats	Plant-based foods and beverages > Plant-based foods > Plant-based spreads > Margarines	
Animal and vegetable fats and oils and primary derivatives thereof	Fat emulsions and blended fats	Shortening and similar baking fats	Spreads > Spreadable fats > Butter and margarine mix	
Fish and seafood	Crustaceans	Shrimps and prawns	Seafood > Crustaceans > Shrimps	
Fish and seafood	Crustaceans	Shrimps, common	Seafood > Crustaceans > Shrimps > Brown shrimp	
Meat and meat products	Sausages	Sliceable or firm cooked sausages	Meats and their products > Prepared meats > Sausages	
Meat and meat products	Sausages	Sliceable or firm cooked sausages 	Meats and their products > Prepared meats > Sausages	
Vegetables and vegetable products	Legumes with pod	Slicing bean (young pods)	Fresh foods > Fresh plant-based foods > Fresh legumes > Fresh green beans > Fresh flat green beans	
Fish and seafood	Fish and seafood processed	Smoked fish	Seafood > Fishes and their products > Fishes > Smoked fishes	
Fish and seafood	Fish and seafood processed	Smoked herring	Seafood > Fishes and their products > Fishes > Fatty fishes > Herring	
Fish and seafood	Fish and seafood processed	Smoked herring	Seafood > Fishes and their products > Fishes > Fatty fishes > Herring > Smoked herrings	
Fish and seafood	Fish and seafood processed	Smoked mackerel	Seafood > Fishes and their products > Fishes > Smoked fishes > Smoked mackerels	
Fish and seafood	Fish and seafood processed	Smoked river eels	Seafood > Fishes and their products > Fishes > Eels	
Fish and seafood	Fish and seafood processed	Smoked river eels	Seafood > Fishes and their products > Fishes > Eels > Cooked eels > Smoked eel	
Fish and seafood	Fish and seafood processed	Smoked salmon	Seafood > Fishes and their products > Fishes > Fatty fishes > Salmons > Smoked salmons	
Milk and dairy products	Cheese	Soft – ripened cheese	Dairies > Fermented milk products > Cheeses > Soft cheeses	
Milk and dairy products	Cheese	Soft brined cheese (feta type)	Dairies > Fermented milk products > Cheeses > Feta-type cheese	
Water and water-based beverages	Water based beverages	Soft drink, flavoured with herbs	Beverages and beverages preparations > Beverages > Still soft drinks > Still soft drink with tea extract	
Water and water-based beverages	Water based beverages	Soft drink, flavoured, no fruit	Beverages and beverages preparations > Beverages > Carbonated drinks > Carbonated soft drinks without fruit juice	
Water and water-based beverages	Water based beverages	Soft drink, lemon flavour	Beverages and beverages preparations > Beverages > Plant-based beverages > Fruit-based beverages > Fruit sodas > Lemon soft drinks	
Water and water-based beverages	Water based beverages	Soft drink, mixed flavours	Beverages and beverages preparations > Beverages > Plant-based beverages > Fruit-based beverages > Still fruit soft drinks	
Water and water-based beverages	Water based beverages	Soft drink, orange flavour	Beverages and beverages preparations > Beverages > Plant-based beverages > Fruit-based beverages > Fruit sodas > Orange soft drinks	
Water and water-based beverages	Water based beverages	Soft drink, with fruit juice (fruit content below the minimum for nectars)	Beverages and beverages preparations > Beverages > Plant-based beverages > Fruit-based beverages > Still fruit soft drinks > Still fruit soft drink with sugar and with less than 10% of fruit juice	
Water and water-based beverages	Water based beverages	Soft drinks	Beverages and beverages preparations > Beverages > Still soft drinks	
Water and water-based beverages	Water based beverages	Soft drinks with minor amounts of fruits or flavours	Beverages and beverages preparations > Beverages > Plant-based beverages > Fruit-based beverages > Still fruit soft drinks > Still fruit soft drink with less than 10% of fruit juice without sugar and with artificial sweeteners	
Milk and dairy products	Cheese	Soft-ripened cheese veined with blue mould (blue bavarian, blue de graven type )	Dairies > Fermented milk products > Cheeses > Blue-veined cheeses	
Composite dishes	Soups and salads	Soups (ready-to-eat)	Canned foods > Canned meals > Canned soups	
Milk and dairy products	Fermented milk or cream	Sour cream, plain	Dairies > Creams > Fermented creams > Sour creams	
0	0	Soy desserts	Plant-based foods and beverages > Dairy substitutes > Non-dairy desserts > Non-dairy yogurts > Soy milk yogurts	
0	0	Soy desserts	Plant-based foods and beverages > Dairy substitutes > Non-dairy desserts > Soy desserts	
Alternative products (outside of FoodEx)	Alternative products (outside of FoodEx)	Soy desserts	Plant-based foods and beverages > Dairy substitutes > Non-dairy desserts > Soy desserts	
Alternative products (outside of FoodEx)	Alternative products (outside of FoodEx)	Soy desserts	Plant-based foods and beverages > Dairy substitutes > Non-dairy desserts > Non-dairy yogurts > Soy milk yogurts	
Seasoning, sauces and condiments	Condiments (including table-top formats)	Soy sauce	Condiments > Soy sauces	
0	0	Soy steak	Meat alternatives > Soy-based patty plain (vegetable steak) prepacked	
0	0	Soy steak	Meat alternatives > Meat analogues > Meat analogues from soy or wheat proteins	
0	0	Soy steak	Meat alternatives > Vegetarian patties > Soy steak	
Alternative products (outside of FoodEx)	Alternative products (outside of FoodEx)	Soy steak	Meat alternatives > Soy-based patty plain (vegetable steak) prepacked	
Alternative products (outside of FoodEx)	Alternative products (outside of FoodEx)	Soy steak	Meat alternatives > Vegetarian patties > Soy steak	
Products for non-standard diets, food imitates and food supplements	Meat and dairy imitates	Soya drink	Plant-based foods and beverages > Plant-based foods > Legumes and their products > Legume-based drinks > Soy-based drinks	
Alternative products (outside of FoodEx)	Alternative products (outside of FoodEx)	Soya drink	Plant-based foods and beverages > Plant-based foods > Legumes and their products > Legume-based drinks > Soy-based drinks	
Products for non-standard diets, food imitates and food supplements	Meat and dairy imitates	Soya yoghurt	Plant-based foods and beverages > Dairy substitutes > Non-dairy desserts > Non-dairy yogurts > Soy milk yogurts	
Animal and vegetable fats and oils and primary derivatives thereof	Animal and vegetable fats/oils	Soyabean oil	Plant-based foods and beverages > Plant-based foods > Legumes and their products > Legume oils > Soybean oils	
0	0	Soyabean-based meat imitates	Meat alternatives > Vegetarian patties > Soy steak	yes
0	0	Soyabean-based meat imitates	Meat alternatives > Soy-based minced prepacked	yes
0	0	Soyabean-based meat imitates	Meat alternatives > Soy-based patty plain (vegetable steak) prepacked	yes
0	0	Soyabean-based meat imitates	Meat alternatives > Meat analogues > Meat analogues from soy or wheat proteins	yes
Alternative products (outside of FoodEx)	Alternative products (outside of FoodEx)	Soyabean-based meat imitates	Meat alternatives > Soy-based minced prepacked	yes
Alternative products (outside of FoodEx)	Alternative products (outside of FoodEx)	Soyabean-based meat imitates	Meat alternatives > Soy-based patty plain (vegetable steak) prepacked	yes
Alternative products (outside of FoodEx)	Alternative products (outside of FoodEx)	Soyabean-based meat imitates	Meat alternatives > Vegetarian patties > Soy steak	yes
Alternative products (outside of FoodEx)	Alternative products (outside of FoodEx)	Soyabean-based meat imitates	Meat alternatives > Meat analogues > Meat analogues from soy or wheat proteins	yes
0	0	Soybeans for consumptions (dry)	Plant-based foods and beverages > Plant-based foods > Legumes and their products > Legumes > Legume seeds > Soy beans > Dried soy beans	
0	0	Soybeans for consumptions (dry)	Plant-based foods and beverages > Plant-based foods > Legumes and their products > Legumes > Legume seeds > Soy beans	
Alternative products (outside of FoodEx)	Alternative products (outside of FoodEx)	Soybeans for consumptions (dry)	Plant-based foods and beverages > Plant-based foods > Legumes and their products > Legumes > Legume seeds > Soy beans	
Alternative products (outside of FoodEx)	Alternative products (outside of FoodEx)	Soybeans for consumptions (dry)	Plant-based foods and beverages > Plant-based foods > Legumes and their products > Legumes > Legume seeds > Soy beans > Dried soy beans	
Alcoholic beverages	Wine and wine-like drinks	Sparkling wine	Beverages and beverages preparations > Beverages > Alcoholic beverages > Wines > Sparkling wines	
Legumes, nuts, oilseeds and spices	Spices	Spices	Condiments > Herbs and spices > Spices	
Vegetables and vegetable products	Leafy vegetables	Spinaches	Plant-based foods and beverages > Plant-based foods > Fruits and vegetables based foods > Vegetables based foods > Vegetables > Leaf vegetables > Spinachs	
Alcoholic beverages	Unsweetened spirits and liqueurs	Spirits made from fruits other than stone fruits	Beverages and beverages preparations > Beverages > Alcoholic beverages > Distilled beverages > Hard liquors > Eaux de vie	
Alcoholic beverages	Unsweetened spirits and liqueurs	Spirits made from fruits other than stone fruits	Beverages and beverages preparations > Beverages > Alcoholic beverages > Distilled beverages > Hard liquors > Eaux de vie > Brandys > Fruit brandy	
Alcoholic beverages	Unsweetened spirits and liqueurs	Spirits made from stone fruits	Beverages and beverages preparations > Beverages > Alcoholic beverages > Artisanal spirits	
Alcoholic beverages	Unsweetened spirits and liqueurs	Spirits made from stone fruits	Beverages and beverages preparations > Beverages > Alcoholic beverages > Distilled beverages > Hard liquors	
Alcoholic beverages	Unsweetened spirits and liqueurs	Spirits made from stone fruits	Beverages and beverages preparations > Beverages > Alcoholic beverages > Distilled beverages > Hard liquors > Eaux de vie > Brandys > Fruit brandy	
Grains and grain-based products	Fine bakery wares	Sponge cake	Snacks > Sweet snacks > Biscuits and cakes > Cakes > Sponge cakes	
Vegetables and vegetable products	Bulb vegetables	Spring onions	Fresh foods > Fresh plant-based foods > Fresh vegetables > Fresh onions	
Vegetables and vegetable products	Sprouts, shoots and similar	Sprouts, shoots and similar	Fresh foods > Fresh plant-based foods > Fresh sprouts > Fresh legume sprouts	
Fish and seafood	Molluscs	Squid, common	Seafood > Mollusc > Calamari > Squid	
Fish and seafood	Molluscs	Squids	Seafood > Mollusc > Calamari > Squid	
Milk and dairy products	Dairy dessert and similar	Starchy pudding	Dairies > Dairy desserts > Creamy puddings	
Water and water-based beverages	Drinking water	Still bottled drinking water	Beverages and beverages preparations > Beverages > Waters > Spring waters	
Water and water-based beverages	Drinking water	Still natural mineral water	Beverages and beverages preparations > Beverages > Waters > Spring waters > Mineral waters > Natural mineral waters > Non-carbonated natural mineral waters	
Seasoning, sauces and condiments	Savoury extracts and sauce ingredients	Stock cube or granulate, beef	Broths > Beef broth	
Seasoning, sauces and condiments	Savoury extracts and sauce ingredients	Stock cubes or granulate (bouillon base)	Broths > Dehydrated broths > Bouillon cubes	
Seasoning, sauces and condiments	Savoury extracts and sauce ingredients	Stock cubes or granulate, beef	Broths > Dehydrated broths > Broth stock	
Seasoning, sauces and condiments	Savoury extracts and sauce ingredients	Stock cubes or granulate, beef	Broths > Bouillon pots	
Seasoning, sauces and condiments	Savoury extracts and sauce ingredients	Stock cubes or granulate, beef	Broths > Bouillon pots > Dehydrated meat and vegetables broth stock	
Seasoning, sauces and condiments	Savoury extracts and sauce ingredients	Stock cubes or granulate, chicken	Broths > Poultry broth	
Seasoning, sauces and condiments	Savoury extracts and sauce ingredients	Stock cubes or granulate, meat	Broths > Bouillon pots > Dehydrated broth with meat and vegetables	
Seasoning, sauces and condiments	Savoury extracts and sauce ingredients	Stock cubes or granulate, vegetables	Broths > Dehydrated broths > Bouillon cubes > Vegetable bouillon cubes	
Alcoholic beverages	Beer and beer-like beverage	Stout beer	Beverages and beverages preparations > Beverages > Alcoholic beverages > Beers > Ales > Dark ales > Stouts	
Milk and dairy products	Fermented milk or cream	Strained yoghurt	Dairies > Dairy desserts > Fermented dairy desserts > Faiselles	
Fruit and fruit products	Fruit used as fruit	Strawberries	Plant-based foods and beverages > Plant-based foods > Fruits and vegetables based foods > Fruits based foods > Fruits > Berries > Strawberries	
Sugar and similar, confectionery and water-based sweet desserts	Sugar and other sweetening ingredients (excluding intensive sweeteners)	Sucrose (common sugar)	Sweeteners > Sugars	
Grains and grain-based products	Pasta, doughs and similar products	Suet pastry (pâte a grasse de boeuf) dough	Plant-based foods and beverages > Plant-based foods > Cereals and potatoes > Cereals and their products > Pie dough > Puff pastry sheets	
Animal and vegetable fats and oils and primary derivatives thereof	Animal and vegetable fats/oils	Sunflower seed oil, edible	Plant-based foods and beverages > Plant-based foods > Sunflower seeds and their products > Sunflower oils	yes
Vegetables and vegetable products	Root and tuber vegetables (excluding starchy- and sugar-)	Swedes	Plant-based foods and beverages > Plant-based foods > Fruits and vegetables based foods > Vegetables based foods > Vegetables > Turnip > Rutabaga	
Vegetables and vegetable products	Fruiting vegetables	Sweet corn	Plant-based foods and beverages > Plant-based foods > Cereals and potatoes > Cereals and their products > Cereal grains > Corn > Sweet corn	
Vegetables and vegetable products	Processed or preserved vegetables and similar	Sweet corn canned	Canned foods > Canned plant-based foods > Canned cereals > Canned corn > Canned sweet corn	
Vegetables and vegetable products	Fruiting vegetables	Sweet peppers	Plant-based foods and beverages > Plant-based foods > Fruits and vegetables based foods > Vegetables based foods > Vegetables > Sweet peppers	
Vegetables and vegetable products	Leafy vegetables	Swiss chards	Plant-based foods and beverages > Plant-based foods > Fruits and vegetables based foods > Vegetables based foods > Vegetables > Chards > Cooked Swiss chard	
Sugar and similar, confectionery and water-based sweet desserts	Sugar and other sweetening ingredients (excluding intensive sweeteners)	Syrups, apples	Beverages and beverages preparations > Beverage preparations > Flavoured syrups	
Sugar and similar, confectionery and water-based sweet desserts	Sugar and other sweetening ingredients (excluding intensive sweeteners)	Syrups, apples	Beverages and beverages preparations > Beverage preparations > Flavoured syrups > Apple syrups	
Fruit and fruit products	Fruit used as fruit	Table grapes	Plant-based foods and beverages > Plant-based foods > Fruits and vegetables based foods > Fruits based foods > Fruits > Grapes	
Fruit and fruit products	Fruit used as fruit	Table olives	Plant-based foods and beverages > Plant-based foods > Olive tree products > Olives	
Fruit and fruit products	Processed fruit products	Table olives ready for consumption	Plant-based foods and beverages > Plant-based foods > Olive tree products > Olives > Stuffed olives	
Sugar and similar, confectionery and water-based sweet desserts	Table-top sweeteners formulations	Table-top sweeteners in tablets	Food additives > Sugar substitutes > Tabletop sweeteners	
Water and water-based beverages	Drinking water	Tap water	0	
Seasoning, sauces and condiments	Condiments (including table-top formats)	Tartar sauce	Condiments > Sauces > Tartare sauces	
Coffee, cocoa, tea and infusions	Hot drinks and similar (coffee, cocoa, tea and herbal infusions)	Tea beverages	Beverages and beverages preparations > Beverages > Hot beverages > Teas	
Coffee, cocoa, tea and infusions	Hot drinks and similar (coffee, cocoa, tea and herbal infusions)	Tea infusion with added flavouring ingredients	Beverages and beverages preparations > Beverages > Hot beverages > Teas > Flavored teas	
Coffee, cocoa, tea and infusions	Ingredients for coffee, cocoa, tea, and herbal infusions	Tea leaves and stalks with fruit and flavours	Beverages and beverages preparations > Beverage preparations > Herbal teas	
Coffee, cocoa, tea and infusions	Ingredients for coffee, cocoa, tea, and herbal infusions	Tea leaves and stalks with fruit and flavours	Beverages and beverages preparations > Beverage preparations > Herbal teas > Fruit teas	
Coffee, cocoa, tea and infusions	Ingredients for coffee, cocoa, tea, and herbal infusions	Tea leaves and stalks with fruit and flavours	Beverages and beverages preparations > Beverage preparations > Tea leaves	
Coffee, cocoa, tea and infusions	Ingredients for coffee, cocoa, tea, and herbal infusions	Tea leaves and stalks with fruit and flavours	Beverages and beverages preparations > Beverages > Herbal tea beverages	
Coffee, cocoa, tea and infusions	Ingredients for coffee, cocoa, tea, and herbal infusions	Tea leaves and stalks with fruit and flavours	Beverages and beverages preparations > Beverages > Herbal tea beverages > Brewed infusions without sugar	
Coffee, cocoa, tea and infusions	Ingredients for coffee, cocoa, tea, and herbal infusions	Tea leaves and stalks with fruit and flavours	Beverages and beverages preparations > Beverages > Hot beverages > Teas	
Coffee, cocoa, tea and infusions	Ingredients for coffee, cocoa, tea, and herbal infusions	Tea leaves and stalks with fruit and flavours	Beverages and beverages preparations > Beverages > Hot beverages > Teas > Flavored teas	
Coffee, cocoa, tea and infusions	Ingredients for coffee, cocoa, tea, and herbal infusions	Tea leaves and stalks with fruit and flavours	Plant-based foods and beverages > Plant-based foods > Coffees > Coffee and tea variety packs	
Coffee, cocoa, tea and infusions	Ingredients for coffee, cocoa, tea, and herbal infusions	Tea leaves and stalks with fruit and flavours	Beverages and beverages preparations > Beverages > Herbal tea beverages	
Coffee, cocoa, tea and infusions	Ingredients for coffee, cocoa, tea, and herbal infusions	Tea leaves and stalks, fermented	Beverages and beverages preparations > Beverages > Fermented drinks > Fermented teas	
Coffee, cocoa, tea and infusions	Ingredients for coffee, cocoa, tea, and herbal infusions	Tea, decaffeinated, infusion	Beverages and beverages preparations > Beverages > Hot beverages > Teas > Decaffeinated teas	
Vegetables and vegetable products	Herbs and edible flowers	Thyme	Condiments > Culinary plants > Aromatic plants > Herbs > Thyme	
Products for non-standard diets, food imitates and food supplements	Meat and dairy imitates	Tofu	Plant-based foods and beverages > Plant-based foods > Legumes and their products > Tofu	
Alternative products (outside of FoodEx)	Alternative products (outside of FoodEx)	Tofu	Plant-based foods and beverages > Plant-based foods > Legumes and their products > Tofu	
Seasoning, sauces and condiments	Condiments (including table-top formats)	Tomato ketchup and related sauces	Condiments > Sauces > Tomato sauces > Ketchup	
Vegetables and vegetable products	Processed or preserved vegetables and similar	Tomato paste	Canned foods > Canned plant-based foods > Canned tomato products > Tomato pastes	yes
Vegetables and vegetable products	Processed or preserved vegetables and similar	Tomato puree	Canned foods > Canned plant-based foods > Canned tomato products > Canned tomato purées	yes
Composite dishes	Soups and salads	Tomato soup	Plant-based foods and beverages > Plant-based foods > Fruits and vegetables based foods > Vegetable soups > Tomato soups	
Seasoning, sauces and condiments	Condiments (including table-top formats)	Tomato-based cooking sauce	Condiments > Culinary plants > Garlic and their products > Tomato sauces with garlic	yes
Seasoning, sauces and condiments	Condiments (including table-top formats)	Tomato-based cooking sauce	Condiments > Sauces > Meal sauces > Fried tomato sauces	yes
Seasoning, sauces and condiments	Condiments (including table-top formats)	Tomato-based cooking sauce	Condiments > Sauces > Meal sauces > Pimented tomato sauces	yes
Seasoning, sauces and condiments	Condiments (including table-top formats)	Tomato-based cooking sauce	Condiments > Sauces > Meal sauces > Tomato sauces with basil	yes
Seasoning, sauces and condiments	Condiments (including table-top formats)	Tomato-based cooking sauce	Condiments > Sauces > Meal sauces > Tomato sauces with cheese	yes
Seasoning, sauces and condiments	Condiments (including table-top formats)	Tomato-based cooking sauce	Condiments > Sauces > Meal sauces > Tomato sauces with mushrooms	yes
Seasoning, sauces and condiments	Condiments (including table-top formats)	Tomato-based cooking sauce	Condiments > Sauces > Meal sauces > Tomato sauces with olives	yes
Seasoning, sauces and condiments	Condiments (including table-top formats)	Tomato-based cooking sauce	Condiments > Sauces > Meal sauces > Tomato sauces with parmesan cheese	yes
Seasoning, sauces and condiments	Condiments (including table-top formats)	Tomato-based cooking sauce	Condiments > Sauces > Meal sauces > Tomato sauces with ricotta	yes
Seasoning, sauces and condiments	Condiments (including table-top formats)	Tomato-based cooking sauce	Condiments > Sauces > Meal sauces > Tomato sauces with vegetables	yes
Seasoning, sauces and condiments	Condiments (including table-top formats)	Tomato-based cooking sauce	Condiments > Sauces > Pizza sauces > Tomato sauce for pizza base	yes
Seasoning, sauces and condiments	Condiments (including table-top formats)	Tomato-based cooking sauce	Condiments > Sauces > Tomato sauces	yes
Seasoning, sauces and condiments	Condiments (including table-top formats)	Tomato-based cooking sauce	Condiments > Sauces > Tomato sauces > Ketchup	yes
Seasoning, sauces and condiments	Condiments (including table-top formats)	Tomato-based cooking sauce	Condiments > Sauces > Tomato sauces > Neapolitan sauces	yes
Seasoning, sauces and condiments	Condiments (including table-top formats)	Tomato-based cooking sauce	Condiments > Sauces > Tomato sauces > Puttanesca sauces	yes
Seasoning, sauces and condiments	Condiments (including table-top formats)	Tomato-based cooking sauce	Condiments > Sauces > Tomato sauces > Sicilian sauces	yes
Seasoning, sauces and condiments	Condiments (including table-top formats)	Tomato-based cooking sauce	Condiments > Sauces > Tomato sauces > Tomato sauces with onions	yes
Seasoning, sauces and condiments	Condiments (including table-top formats)	Tomato-containing cooked sauces	Condiments > Sauces > Tomato sauces	yes
Vegetables and vegetable products	Fruiting vegetables	Tomatoes	Plant-based foods and beverages > Plant-based foods > Fruits and vegetables based foods > Vegetables based foods > Tomatoes and their products > Tomatoes	yes
Grains and grain-based products	Bread and similar products	Tortilla	Meals > Spanish omelettes	
Animal and vegetable fats and oils and primary derivatives thereof	Fat emulsions and blended fats	Traditional margarine	Plant-based foods and beverages > Plant-based foods > Plant-based spreads > Margarines	
Milk and dairy products	Fermented milk or cream	Traditional sour milk products	Dairies > Fermented milk products > Quarks > Soured milk quark	
Grains and grain-based products	Bread and similar products	Traditional unleavened bread	Plant-based foods and beverages > Plant-based foods > Cereals and potatoes > Cereals and their products > Breads > Unleavened breads	
Legumes, nuts, oilseeds and spices	Nuts, oilseeds and oilfruits	Tree nuts	Plant-based foods and beverages > Plant-based foods > Nuts and their products > Nuts > Walnuts	
Fish and seafood	Fish (meat)	Trouts	Seafood > Fishes and their products > Fishes > Fatty fishes > Trouts	
Fish and seafood	Fish (meat)	Tuna	Seafood > Fishes and their products > Fishes > Fatty fishes > Tunas	
Meat and meat products	Mammals and birds meat	Turkey fresh meat	Meats and their products > Meats > Poultries > Turkeys	
Vegetables and vegetable products	Leafy vegetables	Turnip tops	Bulk > Fresh chards	
Vegetables and vegetable products	Leafy vegetables	Turnip tops	Canned foods > Canned plant-based foods > Canned vegetables > Canned chards	
Vegetables and vegetable products	Leafy vegetables	Turnip tops	Plant-based foods and beverages > Plant-based foods > Fruits and vegetables based foods > Vegetables based foods > Vegetables > Chards	
Vegetables and vegetable products	Leafy vegetables	Turnip tops	Plant-based foods and beverages > Plant-based foods > Fruits and vegetables based foods > Vegetables based foods > Vegetables > Chards > Cooked Swiss chard	
Vegetables and vegetable products	Leafy vegetables	Turnip tops	Plant-based foods and beverages > Plant-based foods > Fruits and vegetables based foods > Vegetables based foods > Vegetables > Chards > Frozen chards	
Vegetables and vegetable products	Leafy vegetables	Turnip tops	Plant-based foods and beverages > Plant-based foods > Fruits and vegetables based foods > Vegetables based foods > Vegetables > Turnip	
Vegetables and vegetable products	Root and tuber vegetables (excluding starchy- and sugar-)	Turnips	Plant-based foods and beverages > Plant-based foods > Fruits and vegetables based foods > Vegetables based foods > Vegetables > Turnip	
Water and water-based beverages	Drinking water	Unbottled water	0	
Grains and grain-based products	Pasta, doughs and similar products	Unleavened doughs	Plant-based foods and beverages > Plant-based foods > Cereals and potatoes > Cereals and their products > Breads > Unleavened breads	
Alcoholic beverages	Unsweetened spirits and liqueurs	Unsweetened spirits	Beverages and beverages preparations > Beverages > Alcoholic beverages > Distilled beverages	
Alcoholic beverages	Unsweetened spirits and liqueurs	Unsweetened spirits and liqueurs	Beverages and beverages preparations > Beverages > Alcoholic beverages > Distilled beverages	
Grains and grain-based products	Fine bakery wares	Various pastry	Snacks > Sweet snacks > Biscuits and cakes > Pastries	
Grains and grain-based products	Fine bakery wares	Various pastry	Snacks > Sweet snacks > Sweet pastries and pies	
Grains and grain-based products	Fine bakery wares	Various pastry	Plant-based foods and beverages > Plant-based foods > Cereals and potatoes > Bakery products	
Grains and grain-based products	Fine bakery wares	Various pastry	Snacks > Sweet snacks > Sweet pastries and pies > Viennoiseries	
0	0	Vegan creamy puddings	Plant-based foods and beverages > Dairy substitutes > Non-dairy desserts > Vegan creamy puddings	
Alternative products (outside of FoodEx)	Alternative products (outside of FoodEx)	Vegan creamy puddings	Plant-based foods and beverages > Dairy substitutes > Non-dairy desserts	
Alternative products (outside of FoodEx)	Alternative products (outside of FoodEx)	Vegan creamy puddings	Plant-based foods and beverages > Dairy substitutes > Non-dairy desserts > Vegan creamy puddings	
Composite dishes	Dishes, incl. Ready to eat meals (excluding soups and salads)	Vegetable based dishes	Plant-based foods and beverages > Plant-based foods > Fruits and vegetables based foods > Vegetables based foods	
Animal and vegetable fats and oils and primary derivatives thereof	Animal and vegetable fats/oils	Vegetable fats and oils, edible	Fats > Vegetable fats	
Fruit and vegetable juices and nectars (including concentrates)	Fruit / vegetable juices and nectars	Vegetable juices	Beverages and beverages preparations > Beverages > Plant-based beverages > Juices and nectars > Vegetable juices	
Seasoning, sauces and condiments	Savoury extracts and sauce ingredients	Vegetable savoury extracts	Broths > Dehydrated broths > Bouillon cubes > Vegetable bouillon cubes	
Seasoning, sauces and condiments	Savoury extracts and sauce ingredients	Vegetable savoury extracts	Broths > Dehydrated broths > Bouillon powders > Vegetable bouillon powders	
Seasoning, sauces and condiments	Savoury extracts and sauce ingredients	Vegetable savoury extracts	Broths > Dehydrated broths > Bouillon powders > Dehydrated vegetables bouillon	
Seasoning, sauces and condiments	Savoury extracts and sauce ingredients	Vegetable savoury extracts	Broths > Dehydrated broths	
	Vegetables and vegetable products	Vegetables and vegetables products	Frozen foods > Frozen plant-based foods > Frozen vegetables	
	Vegetables and vegetable products	Vegetables and vegetables products	Dried products > Dried plant-based foods > Dried vegetables	
	Vegetables and vegetable products	Vegetables and vegetables products	Canned foods > Canned plant-based foods > Canned vegetables	
	Vegetables and vegetable products	Vegetables and vegetables products	Fresh foods > Fresh plant-based foods > Fresh vegetables	
	Vegetables and vegetable products	Vegetables and vegetables products	Plant-based foods and beverages > Plant-based foods > Fruits and vegetables based foods > Vegetables based foods	
	Vegetables and vegetable products	Vegetables and vegetables products	Plant-based foods and beverages > Plant-based foods > Prepared vegetables	
Vegetables and vegetable products	Vegetables and vegetable products	Vegetables and vegetables products	Plant-based foods and beverages > Plant-based foods	
Composite dishes	Dishes, incl. Ready to eat meals (excluding soups and salads)	Vegetables casserole	Meals > Gratins > Vegetable gratins	
Composite dishes	Dishes, incl. Ready to eat meals (excluding soups and salads)	Vegetables, gratinated	Meals > Gratins > Vegetable gratins	
Composite dishes	Dishes, incl. Ready to eat meals (excluding soups and salads)	Vegetables-based cooked sauce	Condiments > Sauces > Meal sauces > Vegetable sauces	
0	0	Vegetarian balls	Meat alternatives > Meat analogues > Meat analogues from soy or wheat proteins > Balls from soy and or wheat proteins	
0	0	Vegetarian balls	Meat alternatives > Vegetarian balls	
Alternative products (outside of FoodEx)	Alternative products (outside of FoodEx)	Vegetarian balls	Meat alternatives > Meat analogues > Meat analogues from soy or wheat proteins > Balls from soy and or wheat proteins	
Alternative products (outside of FoodEx)	Alternative products (outside of FoodEx)	Vegetarian balls	Meat alternatives > Vegetarian balls	
0	0	Vegetarian hamburger	Meat alternatives > Vegetarian hamburgers	
Alternative products (outside of FoodEx)	Alternative products (outside of FoodEx)	Vegetarian hamburger	Meat alternatives > Vegetarian hamburgers	
Products for non-standard diets, food imitates and food supplements	Meat and dairy imitates	Vegetarian kroket	Frozen foods > Frozen fried potatoes > Croquettes de pommes de terre surgelées	
Products for non-standard diets, food imitates and food supplements	Meat and dairy imitates	Vegetarian kroket	Breaded products > Breaded cheeses > Cheese croquettes	
Products for non-standard diets, food imitates and food supplements	Meat and dairy imitates	Vegetarian kroket	Breaded products > Vegetarian cordons bleus	
Products for non-standard diets, food imitates and food supplements	Meat and dairy imitates	Vegetarian kroket	Breaded products > Vegetarian nuggets	
Products for non-standard diets, food imitates and food supplements	Meat and dairy imitates	Vegetarian kroket	Breaded products > Vegetarian nuggets > Frozen vegetarian nuggets	
Products for non-standard diets, food imitates and food supplements	Meat and dairy imitates	Vegetarian kroket	Breaded products > Vegetarian nuggets > Frozen vegetarian nuggets > Frozen vegan nuggets	
Products for non-standard diets, food imitates and food supplements	Meat and dairy imitates	Vegetarian kroket	Meat alternatives > Vegetarian balls	
Products for non-standard diets, food imitates and food supplements	Meat and dairy imitates	Vegetarian kroket	Meat alternatives > Vegetarian patties	
0	0	Vegetarian nuggets	Breaded products > Vegetarian nuggets	
0	0	Vegetarian nuggets	Meat alternatives > Meat analogues > Meat analogues from soy or wheat proteins > Nuggets from soy and wheat proteins	
Alternative products (outside of FoodEx)	Alternative products (outside of FoodEx)	Vegetarian nuggets	Meat alternatives > Meat analogues > Meat analogues from pea proteins	
Alternative products (outside of FoodEx)	Alternative products (outside of FoodEx)	Vegetarian nuggets	Meat alternatives > Meat analogues > Meat analogues from soy or wheat proteins	
Alternative products (outside of FoodEx)	Alternative products (outside of FoodEx)	Vegetarian nuggets	Meat alternatives > Meat analogues > Meat analogues from soy or wheat proteins > Nuggets from soy and wheat proteins	
Alternative products (outside of FoodEx)	Alternative products (outside of FoodEx)	Vegetarian nuggets	Breaded products > Vegetarian nuggets	
Alternative products (outside of FoodEx)	Alternative products (outside of FoodEx)	Vegetarian nuggets	Vegan products > Vegan nuggets	
0	0	Vegetarian patties	Meat alternatives > Vegetarian patties	
Alternative products (outside of FoodEx)	Alternative products (outside of FoodEx)	Vegetarian patties	Breaded products > Breaded vegetable patties	
Alternative products (outside of FoodEx)	Alternative products (outside of FoodEx)	Vegetarian patties	Meat alternatives > Meat analogues > Meat analogues from soy or wheat proteins > Patties from soy and or wheat proteins	
Alternative products (outside of FoodEx)	Alternative products (outside of FoodEx)	Vegetarian patties	Meat alternatives > Vegetable patties	
Alternative products (outside of FoodEx)	Alternative products (outside of FoodEx)	Vegetarian patties	Meat alternatives > Vegetarian patties	
Alternative products (outside of FoodEx)	Alternative products (outside of FoodEx)	Vegetarian patties	Vegan products > Vegan patties	
0	0	Vegetarian sausages	Meat alternatives > Meat analogues > Vegetarian sausages	
Alternative products (outside of FoodEx)	Alternative products (outside of FoodEx)	Vegetarian sausages	Meat alternatives > Meat analogues > Vegetarian sausages	
Alternative products (outside of FoodEx)	Alternative products (outside of FoodEx)	Vegetarian sausages	Meat alternatives > Plant-based sausage with wheat or seitan	
Alternative products (outside of FoodEx)	Alternative products (outside of FoodEx)	Vegetarian sausages	Vegan products > Vegan sausages	
Milk and dairy products	Fermented milk or cream	Viili	Dairies > Dairy desserts > Fermented dairy desserts > Viili	
Seasoning, sauces and condiments	Condiments (including table-top formats)	Vinegar	Condiments > Vinegars	
Seasoning, sauces and condiments	Condiments (including table-top formats)	Vinegar, apple	Condiments > Vinegars > Cider vinegars	
Seasoning, sauces and condiments	Condiments (including table-top formats)	Vinegar, wine	Condiments > Vinegars > Wine vinegars	
Products for non-standard diets, food imitates and food supplements	Food supplements and similar preparations	Vitamin and mineral supplements	Dietary supplements	
Products for non-standard diets, food imitates and food supplements	Food supplements and similar preparations	Vitamin and mineral supplements	Dietary supplements > Vitamin mineral combinations	
Products for non-standard diets, food imitates and food supplements	Food supplements and similar preparations	Vitamin only supplements	Dietary supplements > Vitamins	
Alcoholic beverages	Unsweetened spirits and liqueurs	Vodka and vodka-like spirits	Beverages and beverages preparations > Beverages > Alcoholic beverages > Distilled beverages > Hard liquors > Eaux de vie > Vodka	
Grains and grain-based products	Fine bakery wares	Wafers	Snacks > Sweet snacks > Biscuits and cakes > Biscuits > Wafers	
Grains and grain-based products	Fine bakery wares	Waffles	Snacks > Sweet snacks > Biscuits and cakes > Pastries > Waffles	
Legumes, nuts, oilseeds and spices	Nuts, oilseeds and oilfruits	Walnuts	Plant-based foods and beverages > Plant-based foods > Nuts and their products > Nuts > Walnuts	
Vegetables and vegetable products	Fruiting vegetables	Watermelons	Plant-based foods and beverages > Plant-based foods > Fruits and vegetables based foods > Fruits based foods > Fruits > Melons > Watermelons	
Water and water-based beverages	Drinking water	Well water	0	
Alcoholic beverages	Beer and beer-like beverage	Wheat beer	Beverages and beverages preparations > Beverages > Alcoholic beverages > Beers > Wheat beers	
Grains and grain-based products	Bread and similar products	Wheat bread and rolls	Plant-based foods and beverages > Plant-based foods > Cereals and potatoes > Cereals and their products > Breads	
Grains and grain-based products	Bread and similar products	Wheat bread and rolls	Plant-based foods and beverages > Plant-based foods > Cereals and potatoes > Cereals and their products > Breads > White breads > Wheat breads	
Grains and grain-based products	Bread and similar products	Wheat bread and rolls, brown or wholemeal	Plant-based foods and beverages > Plant-based foods > Cereals and potatoes > Cereals and their products > Breads	
Grains and grain-based products	Bread and similar products	Wheat bread and rolls, brown or wholemeal	Plant-based foods and beverages > Plant-based foods > Cereals and potatoes > Cereals and their products > Breads > Wholemeal breads	
Grains and grain-based products	Bread and similar products	Wheat bread and rolls, brown or wholemeal	Plant-based foods and beverages > Plant-based foods > Cereals and potatoes > Cereals and their products > Breads > Sliced breads > Wholemeal sliced breads	
Grains and grain-based products	Bread and similar products	Wheat bread and rolls, brown or wholemeal	Plant-based foods and beverages > Plant-based foods > Cereals and potatoes > Cereals and their products > Breads > Special breads > Whole-wheat English muffins	
Grains and grain-based products	Bread and similar products	Wheat bread and rolls, brown or wholemeal	Plant-based foods and beverages > Plant-based foods > Cereals and potatoes > Cereals and their products > Breads > Special breads > Wholemeal rolls for hamburger	
Grains and grain-based products	Bread and similar products	Wheat bread and rolls, brown or wholemeal	Plant-based foods and beverages > Plant-based foods > Cereals and potatoes > Cereals and their products > Breads > Special breads > Wholemeal rolls for hotdog	
Grains and grain-based products	Bread and similar products	Wheat bread and rolls, brown or wholemeal	Plant-based foods and beverages > Plant-based foods > Cereals and potatoes > Cereals and their products > Breads > Toasts > Wheat wholemeal Swedish toast	
Grains and grain-based products	Bread and similar products	Wheat bread and rolls, semi-brown	Plant-based foods and beverages > Plant-based foods > Cereals and potatoes > Cereals and their products > Breads	
Grains and grain-based products	Bread and similar products	Wheat bread and rolls, semi-brown	Plant-based foods and beverages > Plant-based foods > Cereals and potatoes > Cereals and their products > Breads > Wholemeal breads	
Grains and grain-based products	Bread and similar products	Wheat bread and rolls, white (refined flour)	Plant-based foods and beverages > Plant-based foods > Cereals and potatoes > Cereals and their products > Breads	
Grains and grain-based products	Bread and similar products	Wheat bread and rolls, white (refined flour)	Plant-based foods and beverages > Plant-based foods > Cereals and potatoes > Cereals and their products > Breads > White breads > Wheat breads	
Grains and grain-based products	Bread and similar products	Wheat bread and rolls, white with maize	Plant-based foods and beverages > Plant-based foods > Cereals and potatoes > Cereals and their products > Breads > Breads with corn	
Grains and grain-based products	Cereals and cereal primary derivatives	Wheat flour	Plant-based foods and beverages > Plant-based foods > Cereals and potatoes > Cereals and their products > Cereal flours > Wheat flours	
Grains and grain-based products	Cereals and cereal primary derivatives	Wheat flour white	Plant-based foods and beverages > Plant-based foods > Cereals and potatoes > Cereals and their products > Cereal flours > Wheat flours > White wheat flours	
Grains and grain-based products	Cereals and cereal primary derivatives	Wheat semolina	Plant-based foods and beverages > Plant-based foods > Cereals and potatoes > Cereals and their products > Cereal semolinas > Wheat semolinas	
Alcoholic beverages	Unsweetened spirits and liqueurs	Whisky	Beverages and beverages preparations > Beverages > Alcoholic beverages > Distilled beverages > Hard liquors > Eaux de vie > Whisky	
Vegetables and vegetable products	Leafy vegetables	White cabbage	Plant-based foods and beverages > Plant-based foods > Fruits and vegetables based foods > Vegetables based foods > Vegetables > Leaf vegetables > Cabbages > White cabbage	
Seasoning, sauces and condiments	Condiments (including table-top formats)	White sauces	Condiments > Sauces > Sauces for fishes > White butter sauces	
Sugar and similar, confectionery and water-based sweet desserts	Sugar and other sweetening ingredients (excluding intensive sweeteners)	White sugar	Sweeteners > Sugars > White sugars	
Meat and meat products	Sausages	Wiener sausage	Meats and their products > Prepared meats > Sausages > Frankfurter sausages	
Vegetables and vegetable products	Leafy vegetables	Wild chicories	Plant-based foods and beverages > Plant-based foods > Fruits and vegetables based foods > Vegetables based foods > Vegetables > Endives	
Vegetables and vegetable products	Leafy vegetables	Wild chicories	Plant-based foods and beverages > Plant-based foods > Fruits and vegetables based foods > Vegetables based foods > Vegetables > Leaf vegetables > Belgian endives	
Vegetables and vegetable products	Leafy vegetables	Wild chicories	Plant-based foods and beverages > Plant-based foods > Fruits and vegetables based foods > Vegetables based foods > Vegetables > Leaf vegetables > Belgian endives > Brussels grondwitloof	
Vegetables and vegetable products	Leafy vegetables	Wild chicories	Plant-based foods and beverages > Plant-based foods > Fruits and vegetables based foods > Vegetables based foods > Vegetables > Leaf vegetables > Belgian endives > Canned Belgian endives	
Vegetables and vegetable products	Leafy vegetables	Wild chicories	Plant-based foods and beverages > Plant-based foods > Fruits and vegetables based foods > Vegetables based foods > Vegetables > Leaf vegetables > Belgian endives > Fresh Belgian endives	
Vegetables and vegetable products	Leafy vegetables	Wild chicories	Plant-based foods and beverages > Plant-based foods > Fruits and vegetables based foods > Vegetables based foods > Vegetables > Leaf vegetables > Curly endives	
Vegetables and vegetable products	Leafy vegetables	Wild chicories	Plant-based foods and beverages > Plant-based foods > Fruits and vegetables based foods > Vegetables based foods > Vegetables > Leaf vegetables > Green endive	
Vegetables and vegetable products	Leafy vegetables	Wild chicories	Plant-based foods and beverages > Plant-based foods > Fruits and vegetables based foods > Vegetables based foods > Vegetables > Leaf vegetables > Red endives	
Alcoholic beverages	Wine and wine-like drinks	Wine	Beverages and beverages preparations > Beverages > Alcoholic beverages > Wines	
Fruit and fruit products	Fruit used as fruit	Wine grapes	Plant-based foods and beverages > Plant-based foods > Fruits and vegetables based foods > Fruits based foods > Fruits > Grapes > Black grapes	
Alcoholic beverages	Wine and wine-like drinks	Wine, red	Beverages and beverages preparations > Beverages > Alcoholic beverages > Wines > Red wines	
Alcoholic beverages	Wine and wine-like drinks	Wine, rosé	Beverages and beverages preparations > Beverages > Alcoholic beverages > Wines > Rosé wines	
Alcoholic beverages	Wine and wine-like drinks	Wine, white	Beverages and beverages preparations > Beverages > Alcoholic beverages > Wines > White wines	
Vegetables and vegetable products	Leafy vegetables	Witloofs	Plant-based foods and beverages > Plant-based foods > Fruits and vegetables based foods > Vegetables based foods > Vegetables > Endives	
Products for non-standard diets, food imitates and food supplements	Food supplements and similar preparations	Yeast bread – pizza dough	Food additives > Baker's yeast	
Products for non-standard diets, food imitates and food supplements	Food supplements and similar preparations	Yeast bread – pizza dough	Food additives > Baker's yeast compressed	
Products for non-standard diets, food imitates and food supplements	Food supplements and similar preparations	Yeast bread – pizza dough	Food additives > Yeast	
Grains and grain-based products	Fine bakery wares	Yeast leavened pastry	Snacks > Sweet snacks > Biscuits and cakes > Pastries	
Grains and grain-based products	Fine bakery wares	Yeast leavened pastry	Snacks > Sweet snacks > Biscuits and cakes > Pastries > Waffles	
Grains and grain-based products	Fine bakery wares	Yeast leavened pastry	Snacks > Sweet snacks > Sweet pastries and pies	
Grains and grain-based products	Fine bakery wares	Yeast leavened pastry	Snacks > Sweet snacks > Sweet pastries and pies > Viennoiseries	
Grains and grain-based products	Fine bakery wares	Yeast leavened pastry	Snacks > Sweet snacks > Sweet pastries and pies > Viennoiseries > Brioches	
Grains and grain-based products	Fine bakery wares	Yeast leavened pastry	Snacks > Sweet snacks > Sweet pastries and pies > Viennoiseries > Croissants	
Grains and grain-based products	Fine bakery wares	Yeast leavened pastry	Snacks > Sweet snacks > Sweet pastries and pies > Viennoiseries > Milk bread rolls	
Grains and grain-based products	Fine bakery wares	Yeast leavened pastry	Snacks > Sweet snacks > Sweet pastries and pies > Viennoiseries > Gâches	
Grains and grain-based products	Fine bakery wares	Yeast leavened pastry	Snacks > Sweet snacks > Sweet pastries and pies > Viennoiseries > Chocolate croissant	
Grains and grain-based products	Fine bakery wares	Yeast leavened pastry	Snacks > Sweet snacks > Sweet pastries and pies > Viennoiseries > Filled croissants	
Grains and grain-based products	Fine bakery wares	Yeast leavened pastry	Snacks > Sweet snacks > Sweet pastries and pies > Viennoiseries > Chocolate croissant prepacked	
Grains and grain-based products	Fine bakery wares	Yeast leavened pastry	Snacks > Sweet snacks > Sweet pastries and pies > Viennoiseries > Vienna bread	
Grains and grain-based products	Fine bakery wares	Yeast leavened pastry	Snacks > Sweet snacks > Sweet pastries and pies > Fresh sweet pastries and pies	
Milk and dairy products	Fermented milk or cream	Yoghurt 	Dairies > Dairy desserts > Fermented dairy desserts > Fermented dairy desserts with fruits	
Milk and dairy products	Fermented milk or cream	Yoghurt 	Dairies > Dairy desserts > Fermented dairy desserts > Yogurts	
Milk and dairy products	Fermented milk or cream	Yoghurt drinks, including sweetened and/or flavoured variants	Beverages and beverages preparations > Beverages > Dairy drinks > Fermented milk drinks > Yogurt drinks	
Milk and dairy products	Fermented milk or cream	Yoghurt, cow milk	Dairies > Dairy desserts > Fermented dairy desserts > Yogurts > Cow milk yogurts	
Milk and dairy products	Fermented milk or cream	Yoghurt, cow milk, flavoured	Dairies > Dairy desserts > Fermented dairy desserts > Flavoured fermented dairy desserts > Flavoured yogurts	
Milk and dairy products	Fermented milk or cream	Yoghurt, cow milk, plain	Dairies > Dairy desserts > Fermented dairy desserts > Yogurts > Cow milk yogurts > Plain cow milk yogurts	
